game,avg_count,avg_reward,avg_jabuka,vrijeme
0,9.96,-0.0016666666666666668,0.0,7.605836391448975
1,9.910400000000001,-0.00365,0.0,0.05741763114929199
2,9.901296,-0.004724611111111111,0.0,0.06110572814941406
3,9.872283040000001,-0.006105936428571428,0.0,0.04381084442138672
4,9.9535602096,-0.006600432619841269,0.0,0.10763168334960938
5,9.954024607504001,-0.006534428293642857,0.01,0.10950517654418945
6,9.914484361428961,-0.008135750677373094,0.0099,0.043769121170043945
7,10.125339517814671,-0.008376973815760653,0.009801,0.20593047142028809
8,10.084086122636526,-0.009959870744269713,0.00970299,0.056948184967041016
9,10.133245261410162,-0.009860272036827015,0.0196059601,0.12238860130310059
10,10.13191280879606,-0.010761669316458746,0.019409900499,0.0777127742767334
11,10.150593680708099,-0.011487385956627492,0.019215801494009997,0.06986284255981445
12,10.149087743901017,-0.012372512097061215,0.019023643479069898,0.05860185623168945
13,10.187596866462007,-0.012963072690376318,0.0188334070442792,0.08381438255310059
14,10.175720897797387,-0.013944553074583666,0.018645072973836406,0.07331418991088867
15,10.133963688819414,-0.015471774210504496,0.01845862224409804,0.04359292984008789
16,10.212624051931218,-0.015872612023955006,0.018274036021657062,0.12274289131164551
17,10.300497811411905,-0.01624020169318914,0.018091295661440493,0.12532973289489746
18,10.577492833297786,-0.016340957570994092,0.01791038270482609,0.23174333572387695
19,10.721717904964807,-0.016577547995284152,0.01773127887777783,0.1894681453704834
20,10.82450072591516,-0.016887962991521788,0.01755396608900005,0.15117526054382324
21,10.816255718656008,-0.01771908336160657,0.01737842642811005,0.06815361976623535
22,10.838093161469448,-0.018311123297221274,0.01720464216382895,0.07661628723144531
23,10.849712229854752,-0.01896134539758239,0.01703259574219066,0.08156466484069824
24,10.801215107556205,-0.020438398610273235,0.016862269784768753,0.04084420204162598
25,11.133202956480643,-0.02046128735144323,0.016693647086921067,0.32137417793273926
26,11.171870926915837,-0.020923341144595466,0.016526710616051855,0.1123661994934082
27,11.110152217646679,-0.02271410773314951,0.016361443509891337,0.03497934341430664
28,11.269050695470211,-0.022857337026188387,0.016197829074792423,0.15789175033569336
29,11.316360188515509,-0.023253763655926504,0.016035850784044497,0.11597108840942383
30,11.363196586630353,-0.02364622601936724,0.01587549227620405,0.12549495697021484
31,11.40956462076405,-0.02403476375917357,0.01571673735344201,0.10804629325866699
32,11.385468974556408,-0.024905527232692945,0.01555956997990759,0.09403681755065918
33,11.471614284810844,-0.025156471960366016,0.015403974280108514,0.13230395317077637
34,11.446898141962736,-0.026016018351873466,0.01524993453730743,0.06227231025695801
35,11.452429160543108,-0.026589191501688064,0.015097435191934355,0.10098409652709961
36,11.457904868937677,-0.027156632920004514,0.01494646084001501,0.08727788925170898
37,11.4133258202483,-0.028313638019375895,0.01479699623161486,0.05038332939147949
38,11.449192562045818,-0.028697168305848803,0.014649026269298713,0.07878613471984863
39,11.40470063642536,-0.029838768051361743,0.014502536006605725,0.057683706283569336
40,11.350653630061107,-0.03120704703751479,0.014357510646539668,0.038033485412597656
41,11.357147093760494,-0.03172830990047298,0.01421393554007427,0.0785365104675293
42,11.393575622822889,-0.03207769346813492,0.014071796184673527,0.10621881484985352
43,11.38963986659466,-0.03266600744254448,0.013931078222826791,0.07660055160522461
44,11.715743467928712,-0.03256662009539176,0.013791767440598523,0.39876270294189453
45,11.798586033249425,-0.032240953894437846,0.023653849766192538,0.166123628616333
46,11.93060017291693,-0.03151854435549347,0.043417311268530615,0.1448042392730713
47,11.93129417118776,-0.03203669224527187,0.042983138155845306,0.08066225051879883
48,11.891981229475883,-0.03296632532281915,0.042553306774286856,0.03110647201538086
49,12.053061417181123,-0.03263666206959096,0.05212777370654399,0.17625808715820312
50,12.042530803009312,-0.03321938635798596,0.051606495969478555,0.07553553581237793
51,11.97210549497922,-0.0348871924944061,0.05109043100978377,0.03427386283874512
52,11.932384440029427,-0.03578832056946204,0.050579526699685934,0.04098629951477051
53,12.053060595629132,-0.03584710403043409,0.050073731432689075,0.17324352264404297
54,12.01252998967284,-0.03673863299012975,0.04957299411836218,0.05390596389770508
55,12.072404689776112,-0.036926802215784,0.04907726417717856,0.1251845359802246
56,12.06168064287835,-0.037466625102717074,0.04858649153540677,0.08108901977539062
57,12.061063836449566,-0.03792529218502323,0.048100626620052704,0.06541728973388672
58,12.29045319808507,-0.037831753548887286,0.04761962035385218,0.22344088554382324
59,12.39754866610422,-0.037888218622094065,0.047143424150313654,0.17208003997802734
60,12.373573179443177,-0.03750933643587313,0.05667198990881052,0.07375955581665039
61,12.599837447648746,-0.03741995735722868,0.056105270009722416,0.2605617046356201
62,12.573839073172257,-0.038045757783656396,0.05554421730962519,0.09146428108215332
63,12.518100682440535,-0.039093871634391264,0.05498877513652894,0.06940746307373047
64,12.45291967561613,-0.04036959958471401,0.05443888738516365,0.055520057678222656
65,12.40839047885997,-0.03996590358886687,0.06389449851131201,0.07237601280212402
66,12.49430657407137,-0.03909005407678772,0.0832555535261989,0.12957072257995605
67,12.429363508330656,-0.04036582020268651,0.08242299799093691,0.5257041454315186
68,12.55506987324735,-0.04036216200065964,0.08159876801102754,1.1308722496032715
69,12.599519174514876,-0.04054677567477069,0.08078278033091726,0.8402502536773682
70,12.563523982769727,-0.041252419029134096,0.07997495252760808,0.38471150398254395
71,12.64788874294203,-0.04131608531503323,0.07917520300233201,1.0115773677825928
72,12.57140985551261,-0.0429029244618829,0.07838345097230869,0.19951891899108887
73,12.655695756957483,-0.04295008569345455,0.07759961646258559,0.9144883155822754
74,12.619138799387908,-0.04363169594763112,0.07682362029795974,0.42256641387939453
75,12.62294741139403,-0.04396460975738558,0.07605538409498014,0.6621594429016113
76,12.63671793728009,-0.043524963659811726,0.08529483025403033,0.5847446918487549
77,12.710350757907289,-0.043589714023213606,0.08444188195149002,0.8902320861816406
78,12.753247250328215,-0.04374205217709912,0.08359746313197512,0.8247249126434326
79,12.965714777824932,-0.043598749302386955,0.08276148850065537,1.594581127166748
80,13.056057630046682,-0.043162761809363084,0.09193387361564881,0.9889070987701416
81,13.065497053746215,-0.042731134191269456,0.10101453487949232,0.6500959396362305
82,13.004842083208754,-0.043732394277928195,0.10000438953069739,0.34430408477783203
83,12.944793662376666,-0.044723641763720345,0.09900434563539041,0.293626070022583
84,12.9053457257529,-0.04538751645719425,0.0980143021790365,0.40830278396606445
85,12.906292268495372,-0.04570287206185308,0.09703415915724614,0.5417568683624268
86,12.857229345810419,-0.04649584334123455,0.09606381756567368,0.346909761428833
87,12.778657052352315,-0.0480308849078222,0.09510317939001695,0.28736329078674316
88,12.77087048182879,-0.04838390939207731,0.09415214759611677,0.5257725715637207
89,12.713161777010503,-0.04932864172672797,0.0932106261201556,0.2755758762359619
90,12.666030159240398,-0.05008535530946069,0.09227851985895404,0.3974335193634033
91,12.619369857647994,-0.049584501756366084,0.10135573466036449,0.34908032417297363
92,12.683176159071513,-0.04961497252827611,0.10034217731376084,0.998187780380249
93,12.926344397480797,-0.04938909307326362,0.09933875554062323,1.683699131011963
94,13.077080953505988,-0.048895202142530986,0.10834536798521699,1.2129271030426025
95,13.046310143970928,-0.04840625012110567,0.11726191430536481,0.4714663028717041
96,12.98584704253122,-0.049350759048466045,0.11608929516231116,0.39727258682250977
97,13.045988572105907,-0.049383567247455074,0.11492840221068805,0.8268382549285889
98,12.975528686384848,-0.050556398241647184,0.11377911818858116,0.27149486541748047
99,12.995773399521,-0.05071750092589738,0.11264132700669535,0.6653859615325928
100,12.92581566552579,-0.05187699258330507,0.1115149137366284,0.26044178009033203
101,12.90655750887053,-0.052267313566562924,0.11039976459926212,0.5135555267333984
102,12.857491933781825,-0.05299464043089729,0.10929576695326951,0.3540043830871582
103,12.838917014444005,-0.05337378493567923,0.10820280928373681,0.48317980766296387
104,12.800527844299566,-0.05395115819743355,0.10712078119089943,0.46127867698669434
105,12.89252256585657,-0.05386619207000467,0.10604957337899044,0.9313616752624512
106,12.983597340198004,-0.05332753014930462,0.11498907764520054,1.0592641830444336
107,12.933761366796025,-0.05404425484781158,0.11383918686874854,0.35024428367614746
108,12.924423753128064,-0.05433714563266679,0.11270079500006105,0.5255746841430664
109,12.875179515596784,-0.05504377417634012,0.11157378705006045,0.336456298828125
110,12.856427720440816,-0.055402427343667626,0.11045804917955984,0.4651913642883301
111,12.787863443236409,-0.056515069736897613,0.10935346868776424,0.32444047927856445
112,12.739984808804046,-0.05719991903952864,0.1082599340008866,0.3496236801147461
113,12.692584960716005,-0.057877919849133354,0.10717733466087773,0.30606722831726074
114,12.635659111108845,-0.05872771207921345,0.10610556131426895,0.3363363742828369
115,12.859302519997756,-0.0584261492441356,0.10504450570112625,1.5706682205200195
116,13.20070949479778,-0.05784188775169424,0.11399406064411498,2.0936715602874756
117,13.118702399849802,-0.0592634688741773,0.11285412003767382,0.21170997619628906
118,13.107515375851303,-0.05950416751876886,0.11172557883729708,0.5178041458129883
119,13.09644022209279,-0.0597424591769145,0.11060832304892411,0.5843133926391602
120,13.065475819871862,-0.060145034585145356,0.10950223981843486,0.4446427822113037
121,13.124821061673144,-0.0595435842392939,0.11840721742025051,0.8342549800872803
122,13.143572851056412,-0.05961481506356763,0.117223145246048,0.7193171977996826
123,13.392137122545849,-0.0592818248076688,0.11605091379358752,1.745943546295166
124,13.35821575132039,-0.05968900655959211,0.11489040465565165,0.44820570945739746
125,13.314633593807185,-0.05909211649399619,0.12374150060909513,0.39324426651000977
126,13.501487257869114,-0.058813695329056226,0.12250408560300417,1.401381254196167
127,13.426472385290422,-0.05989222504243233,0.12127904474697412,0.30948328971862793
128,13.412207661437517,-0.06012663612534134,0.12006625429950438,0.5163662433624268
129,13.368085584823142,-0.06063648087519904,0.11886559175650933,0.375765323638916
130,13.54440472897491,-0.06035269671160833,0.11767693583894424,1.4056708812713623
131,13.518960681685162,-0.06065826065358316,0.1165001664805548,0.5176010131835938
132,13.45377107486831,-0.06148024947561876,0.11533516481574926,0.2699909210205078
133,13.519233364119627,-0.060865446980862575,0.12418181316759176,0.9345707893371582
134,13.45404103047843,-0.06168536393962538,0.12293999503591585,0.3035116195678711
135,13.389500620173646,-0.06249708172880056,0.12171059508555669,0.32661962509155273
136,13.38560561397191,-0.06264134168074333,0.12049348913470112,0.5857412815093994
137,13.421749557832191,-0.06260316355805354,0.1192885542433541,0.8056766986846924
138,13.537532062253868,-0.062377131922472996,0.11809566870092056,1.1079232692718506
139,13.57215674163133,-0.06234159589736591,0.11691471201391135,0.8009490966796875
140,13.706435174215017,-0.06208855030876262,0.11574556489377223,1.2035813331604004
141,13.649370822472866,-0.06146766480567499,0.1245881092448345,0.36771559715270996
142,13.562877114248138,-0.06285298815761824,0.12334222815238616,0.28626513481140137
143,13.477248343105657,-0.06422445827604205,0.1221088058708623,0.22413349151611328
144,13.472475859674601,-0.0643514444625124,0.12088771781215367,0.6318731307983398
145,13.497751101077855,-0.06433293001788727,0.11967884063403213,0.7272393703460693
146,13.442773590067077,-0.06368960071770839,0.1284820522276918,0.40403270721435547
147,13.378345854166406,-0.06448127613910273,0.1271972317054149,0.3019847869873047
148,13.314562395624742,-0.06526503480628314,0.12592525938836074,0.3623199462890625
149,13.261416771668495,-0.0658623844582203,0.12466600679447713,0.3803238868713379
150,13.44880260395181,-0.0652037606136381,0.13341934672653236,1.5309324264526367
151,13.394314577912292,-0.06580172300750171,0.13208515325926704,0.33397507667541504
152,13.33037143213317,-0.06657227720599813,0.13076430172667436,0.358475923538208
153,13.267067717811837,-0.06733512586250959,0.12945665870940762,0.32352662086486816
154,13.26439704063372,-0.06743100537311526,0.12816209212231355,0.6257493495941162
155,13.291753070227383,-0.06738169531938411,0.12688047120109042,0.7378199100494385
156,13.518835539525108,-0.06698565614396805,0.1256116664890795,1.6596958637237549
157,13.433647184129859,-0.06831579958252837,0.12435554982418871,0.2252652645111084
158,13.349310712288561,-0.06963264158670308,0.12311199432594683,0.21722173690795898
159,13.315817605165675,-0.06993631517083605,0.12188087438268735,0.4335134029388428
160,13.482659429114019,-0.06957028535246103,0.12066206563886048,1.370142936706543
161,13.637832834822877,-0.06921941008514332,0.11945544498247188,1.343487024307251
162,13.641454506474648,-0.0692415016985776,0.11826089053264716,0.5718183517456055
163,13.595039961409901,-0.06966019779270292,0.11707828162732069,0.37715792655944824
164,13.549089561795801,-0.07007470692588699,0.11590749881104748,0.3922867774963379
165,13.473598666177844,-0.07104062652329479,0.114748423822937,0.3143453598022461
166,13.428862679516065,-0.07144133136917295,0.11360093958470763,0.404757022857666
167,13.414574052720903,-0.07156025138881456,0.11246493018886056,0.5224518775939941
168,13.440428312193694,-0.0714696488749264,0.11134028088697195,0.7021198272705078
169,13.486024029071757,-0.0713105079417327,0.11022687807810223,0.8344323635101318
170,13.45116378878104,-0.07159740286231538,0.1091246092973212,0.4395253658294678
171,13.38665215089323,-0.07231000026226365,0.10803336320434799,0.29596853256225586
172,13.372785629384296,-0.07242023359297435,0.10695302957230451,0.5073761940002441
173,13.309057773090453,-0.07312460268561603,0.10588349927658147,0.3764185905456543
174,13.32596719535955,-0.07306002332542653,0.10482466428381565,0.6185004711151123
175,13.412707523405954,-0.07278396854671773,0.10377641764097749,0.9201679229736328
176,13.388580448171894,-0.07296521977034147,0.10273865346456772,0.5472588539123535
177,13.334694643690174,-0.07348556757263805,0.10171126692992204,0.35633420944213867
178,13.301347697253272,-0.07375071189691167,0.10069415426062281,0.4601728916168213
179,13.29833422028074,-0.07378243554717333,0.09968721271801657,0.5829942226409912
180,13.355350878077932,-0.07357092698117527,0.09869034059083641,0.9104077816009521
181,13.411797369297151,-0.07283521771136352,0.10770343718492804,0.8061051368713379
182,13.46767939560418,-0.07263318132372357,0.10662640281307877,0.8396921157836914
183,13.573002601648138,-0.07232351617715299,0.10556013878494798,1.1140027046203613
184,13.767272575631656,-0.07190331131841177,0.1045045373970985,1.4878664016723633
185,13.83959984987534,-0.07166046868141812,0.10345949202312751,0.926762580871582
186,13.791203851376586,-0.07205497510571504,0.10242489710289623,0.4774138927459717
187,13.76329181286282,-0.07224351626374881,0.10140064813186728,0.4631936550140381
188,13.69565889473419,-0.07294965252968275,0.1003866416505486,0.31218838691711426
189,13.658702305786848,-0.07322015600438592,0.09938277523404311,0.41767001152038574
190,13.69211528272898,-0.07307618973845971,0.09838894748170268,0.8298649787902832
191,13.62519412990169,-0.07377399926964655,0.09740505800688565,0.2986154556274414
192,13.618942188602674,-0.07380549004618085,0.09643100742681679,0.6166856288909912
193,13.792752766716648,-0.07339001579088034,0.09546669735254862,1.489090919494629
194,13.804825239049482,-0.07332278229963819,0.09451203037902313,0.7421152591705322
195,13.746776986658986,-0.07383955447664181,0.09356691007523289,0.3404655456542969
196,13.689309216792397,-0.0743511589318754,0.09263124097448057,0.4069807529449463
197,13.742416124624473,-0.07413396313203033,0.09170492856473576,0.8700838088989258
198,13.704991963378228,-0.07439262350071002,0.09078787927908841,0.46832275390625
199,13.727942043744447,-0.07427369726570292,0.08988000048629752,0.7940182685852051
200,13.720662623307003,-0.07430019106227666,0.08898120048143454,0.5496871471405029
201,13.723455997073934,-0.0742714748659396,0.0880913884766202,0.6095821857452393
202,13.706221437103194,-0.07436209345061355,0.08721047459185399,0.5820271968841553
203,13.679159222732162,-0.07452756342519833,0.08633836984593546,0.5229411125183105
204,13.79236763050484,-0.07418228779094634,0.0854749861474761,1.099046230316162
205,13.794443954199792,-0.07344046491303687,0.09462023628600133,0.661994457244873
206,13.756499514657794,-0.0737060602639065,0.09367403392314132,0.4436931610107422
207,13.678934519511216,-0.0746356663279341,0.0927372935839099,0.2466416358947754
208,13.692145174316105,-0.07455597633132142,0.09180992064807081,0.6161911487579346
209,13.655223722572943,-0.07481041656800821,0.0908918214415901,0.5333235263824463
210,13.738671485347215,-0.07406231240232813,0.0999829032271742,0.937391996383667
211,13.761284770493743,-0.07394668927830485,0.09898307419490245,0.700314998626709
212,13.783671922788805,-0.0725822223855218,0.11799324345295342,0.7854852676391602
213,13.835835203560917,-0.07238271595114026,0.11681331101842389,0.8825509548187256
214,13.827476851525308,-0.07242811956085964,0.11564517790823965,0.6191167831420898
215,13.779202083010055,-0.07281494947636215,0.11448872612915725,0.38405442237854004
216,13.841410062179953,-0.07208679998159853,0.12334383886786568,0.8624985218048096
217,13.912995961558154,-0.07184212245797303,0.12211040047918702,0.9847044944763184
218,13.863866001942572,-0.0722348123445044,0.12088929647439514,0.3796217441558838
219,13.905227341923146,-0.07206801977661492,0.11968040350965119,0.7588772773742676
220,13.896175068503915,-0.07211657034807954,0.11848359947455467,0.6280136108398438
221,13.927213317818875,-0.0719836399387164,0.11729876347980912,0.7701084613800049
222,14.047941184640687,-0.07164841892394462,0.11612577584501103,1.267704963684082
223,14.08746177279428,-0.07148749029026073,0.11496451808656093,0.8364546298980713
224,14.126587155066336,-0.07132817094291369,0.11381487290569532,0.756664514541626
225,14.215321283515673,-0.07104967184218021,0.11267672417663836,1.1203651428222656
226,14.223168070680517,-0.07033917512375841,0.12154995693487197,0.5972578525543213
227,14.320936389973712,-0.07005245003918749,0.12033445736552326,1.1419711112976074
228,14.307727026073975,-0.06935192553879561,0.12913111279186804,0.5933933258056641
229,14.344649755813235,-0.06921396183896322,0.12783980166394934,0.9069793224334717
230,14.451203258255102,-0.06892182222057358,0.12656140364730986,1.1408982276916504
231,14.50669122567255,-0.06873260399836785,0.12529578961083676,0.9221820831298828
232,14.451624313415826,-0.06915638906949527,0.1240428317147284,0.40169239044189453
233,14.547108070281668,-0.06888149184546698,0.12280240339758111,1.0487942695617676
234,14.67163698957885,-0.06856304729738268,0.1215743793636053,1.3059208393096924
235,14.864920619683062,-0.06817153447146766,0.12035863556996924,1.6190953254699707
236,15.06627141348623,-0.06748981912675299,0.12915504921426954,1.5779709815979004
237,15.095608699351368,-0.06681492093548545,0.13786349872212686,0.7524495124816895
238,15.184652612357855,-0.06656343839279726,0.1364848637349056,1.101762294769287
239,15.242806086234276,-0.06589780400886928,0.14512001509755654,0.933588981628418
240,15.300378025371934,-0.06571501644497107,0.14366881494658096,1.0213284492492676
241,15.437374245118214,-0.06505786628052136,0.15223212679711515,1.2747735977172852
242,15.433000502667031,-0.06374062095104949,0.17070980552914397,0.6553435325622559
243,15.37867049764036,-0.06310321474153899,0.17900270747385255,0.47220754623413086
244,15.444883792663957,-0.06292672804866906,0.17721268039911403,1.0064365863800049
245,15.530434954737316,-0.06271412743484903,0.1754405535951229,1.2152602672576904
246,15.645130605189943,-0.0624573565308709,0.17368614805917165,1.1507465839385986
247,15.818679299138044,-0.06183278296556219,0.18194928657857995,1.4452564716339111
248,16.220492506146662,-0.061214455135906565,0.19012979371279415,2.55165696144104
249,16.318287581085198,-0.060986925969162886,0.1882284957756662,1.2669525146484375
250,16.25510470527435,-0.06137705670947126,0.18634621081790953,0.4169490337371826
251,16.532553658221605,-0.06076328614237655,0.19448274870973045,2.1082088947296143
252,16.68722812163939,-0.06046815328095278,0.19253792122263313,1.5594751834869385
253,16.630355840422993,-0.06077256265723416,0.1906125420104068,0.4983839988708496
254,16.61405228201876,-0.06083150369732849,0.18870641659030274,0.6931288242340088
255,16.707911759198574,-0.060223188660355205,0.1968193524243997,1.1406829357147217
256,17.16083264160659,-0.0597822470963323,0.19485115890015572,2.836010694503784
257,17.269224315190524,-0.05918442462536898,0.20290264731115418,1.1841652393341064
258,17.466532072038618,-0.058862850649385554,0.20087362083804264,1.628950595855713
259,17.391866751318233,-0.0592742221428917,0.1988648846296622,0.497161865234375
260,17.37794808380505,-0.05868147992146278,0.2068762357833656,0.7507162094116211
261,17.574168602967003,-0.05836493539251842,0.20480747342553193,1.8712141513824463
262,17.72842691693733,-0.05808431634162354,0.2027593986912766,1.3963286876678467
263,18.38114264776796,-0.05738299125049646,0.22073180470436382,3.7412071228027344
264,18.38733122129028,-0.05733547712746518,0.2185244866573202,0.8595943450927734
265,18.39345790907738,-0.057288438145664214,0.21633924179074698,0.8027541637420654
266,18.649523329986607,-0.056715553764207574,0.22417584937283952,2.011202335357666
267,18.73302809668674,-0.056518768596935866,0.22193409087911112,1.250436782836914
268,18.725697815719872,-0.05650913646652206,0.21971474997032,0.8314759731292725
269,18.708440837562677,-0.05653228039597449,0.2175176024706168,0.8013761043548584
270,18.63135642918705,-0.05687604850110565,0.21534242644591062,0.4913811683654785
271,18.61504286489518,-0.05689552331021224,0.2131890021814515,0.7723112106323242
272,18.61889243624623,-0.05632656807711012,0.221057112159637,0.944694995880127
273,18.582703511883768,-0.05642996906300569,0.21884654103804063,0.6290404796600342
274,18.63687647676493,-0.0562823360390423,0.21665807562766023,1.102196455001831
275,18.830507711997278,-0.05598267057338872,0.21449149487138364,1.7047362327575684
276,18.852202634877305,-0.05542284386765483,0.22234657992266982,0.988128662109375
277,18.82368060852853,-0.05549361542897828,0.22012311412344313,0.6353805065155029
278,18.935443802443245,-0.05527201260802183,0.2179218829822087,1.4240987300872803
279,18.956089364418812,-0.055195482958132085,0.2157426641523866,0.9668087959289551
280,18.946528470774624,-0.055199083684106316,0.21358523751086272,0.8066489696502686
281,19.237063186066877,-0.05464709284726525,0.2214493851357541,2.233490228652954
282,19.184692554206208,-0.054814907633078315,0.21923489128439655,0.6523127555847168
283,19.432845628664147,-0.05426675855674753,0.22704254237155258,2.0144851207733154
284,19.348517172377505,-0.05463318188027096,0.22477211694783705,0.5208456516265869
285,19.25503200065373,-0.055086850061468254,0.22252439577835867,0.4508092403411865
286,19.362481680647196,-0.05453598156085357,0.2302991518205751,1.3309354782104492
287,19.378856863840724,-0.05446681222143551,0.22799616030236933,0.9607915878295898
288,19.28506829520232,-0.05492214409922116,0.22571619869934564,0.41493964195251465
289,19.212217612250296,-0.05437292265822895,0.23345903671235219,0.5673491954803467
290,19.220095436127792,-0.05432919343164666,0.23112444634522866,0.9560294151306152
291,19.167894481766513,-0.05450018721161591,0.22881320188177637,0.6526002883911133
292,19.29621553694885,-0.05395518533949975,0.2365250698629586,1.4843730926513672
293,19.31325338157936,-0.05389182396229523,0.23415981916432901,0.8952724933624268
294,19.220120847763567,-0.054352905722672276,0.23181822097268573,0.4871175289154053
295,19.577919639285934,-0.05399119484726373,0.22950003876295888,2.486196517944336
296,19.582140442893074,-0.05395128289879109,0.2272050383753293,0.8769464492797852
297,19.616319038464145,-0.05384655267849883,0.224932987991576,1.0914442539215088
298,19.860155848079504,-0.053535359878986576,0.22268365811166022,1.8638782501220703
299,19.901554289598707,-0.05341667294686338,0.2204568215305436,1.1483612060546875
300,19.862538746702718,-0.053507506217394744,0.21825225331523818,0.7931187152862549
301,19.973913359235688,-0.05264985051005951,0.2360697307820858,1.2989938259124756
302,20.164174225643333,-0.05237976226136917,0.23370903347426494,1.8342812061309814
303,20.752532483386897,-0.0519825469172365,0.23137194313952228,3.7008166313171387
304,20.875007158553025,-0.05176575175109444,0.22905822370812706,1.4358203411102295
305,20.916257086967494,-0.0512480942335835,0.2367676414710458,1.239255666732788
306,20.89709451609782,-0.05126192908072135,0.2343999650563353,0.8971381187438965
307,20.788123570936843,-0.05174930978991414,0.23205596540577195,0.4272637367248535
308,20.790242335227475,-0.05170800716820548,0.22973540575171422,1.0371809005737305
309,20.8823399118752,-0.05152426042985676,0.2274380516941971,1.306884527206421
310,21.073516512756445,-0.05100901782555819,0.23516367117725512,1.8851990699768066
311,20.95278134762888,-0.05161003875841372,0.23281203446548257,0.3748130798339844
312,20.823253534152588,-0.05234393837082958,0.23048391412082775,0.41305112838745117
313,20.72502099881106,-0.052729589896212195,0.22817907497961948,0.5274460315704346
314,20.72777078882295,-0.05267848447344055,0.22589728422982328,0.8806002140045166
315,20.70049308093472,-0.0527072551842617,0.22363831138752505,0.8832218647003174
316,20.903488150125373,-0.05242408507144347,0.2214019282736498,1.9717388153076172
317,20.87445326862412,-0.052455399776284585,0.21918790899091328,0.9037415981292725
318,20.865708735937876,-0.051930845778521736,0.22699602990100415,1.034290075302124
319,21.017051648578494,-0.0516893150985143,0.2247260696019941,1.640604019165039
320,20.92688113209271,-0.05200575528086249,0.22247880890597416,0.5575156211853027
321,21.107612320771782,-0.051742107984464124,0.22025402081691442,1.806473970413208
322,21.066536197564066,-0.05181292219873713,0.21805148060874527,0.8090097904205322
323,21.115870835588428,-0.05167940836136514,0.21587096580265783,1.2253453731536865
324,21.074712127232544,-0.05175084957186914,0.21371225614463124,0.7288789749145508
325,21.23396500596022,-0.05123334107615044,0.22157513358318492,1.6862566471099854
326,21.19162535590062,-0.05130924295950658,0.21935938224735307,0.7614719867706299
327,21.079709102341614,-0.050796150529911516,0.22716578842487956,0.5189261436462402
328,21.368912011318198,-0.0500881890246124,0.24489413054063075,2.2074408531188965
329,21.645222891205012,-0.04958730713436628,0.2524451892352244,2.284468650817871
330,22.068770662292962,-0.049247684063022615,0.24992073734287215,2.8245463371276855
331,22.028082955670033,-0.04875520722239239,0.2574215299694434,0.8113172054290771
332,21.977802126113335,-0.048855890444286114,0.25484731466974897,0.7582719326019287
333,22.2480241048522,-0.04836733153984325,0.2622988415230515,2.258085250854492
334,22.305543863803678,-0.048240801081587674,0.259675853107821,1.3862090110778809
335,22.26248842516564,-0.04831394862632735,0.2570790945767428,0.8615238666534424
336,22.139863540913982,-0.048830809140064074,0.2545083036309753,0.4939703941345215
337,22.59846490550484,-0.04834250104866343,0.2619632205946656,3.208305597305298
338,22.722480256449792,-0.047859076038176795,0.26934358838871897,1.6749904155731201
339,22.835255453885292,-0.04738048527779503,0.27665015250483177,1.5714855194091797
340,23.01690289934644,-0.04715058286404147,0.27388365097978346,1.8853657245635986
341,22.906733870352976,-0.04667907703540105,0.2811448144699856,0.5833494663238525
342,22.837666531649447,-0.04683728626504704,0.27833336632528577,0.7088041305541992
343,23.139289866332952,-0.046557592647679585,0.27555003266203293,2.414949655532837
344,24.21789696766962,-0.045863009087615,0.3127945323354126,5.968805313110352
345,24.085717997992923,-0.04631346990582976,0.30966658701205846,0.5019609928131104
346,24.094860818012993,-0.04585033520677146,0.3165699211419379,1.1199843883514404
347,24.193912209832863,-0.04568594950176257,0.3134042219305185,1.5898385047912598
348,24.141973087734534,-0.04575540579621863,0.3102701797112133,0.8517520427703857
349,24.09055335685719,-0.04529785173825644,0.31716747791410116,0.8716387748718262
350,23.979647823288616,-0.04561410399010465,0.31399580313496017,0.5823156833648682
351,25.05985134505573,-0.04508220537444602,0.3308558451036106,6.065788269042969
352,24.87925283160517,-0.04605995474927299,0.3275472866525745,0.3472907543182373
353,25.10046030328912,-0.04559935520178026,0.33427181378604875,2.2392964363098145
354,24.989455700256226,-0.045857647364048175,0.3309290956481883,0.6009547710418701
355,25.899561143253663,-0.045226657097304244,0.3576198046917064,5.382423639297485
356,26.020565531821127,-0.045037548421068045,0.35404360664478934,1.6953370571136475
357,26.020359876502916,-0.04497178832147275,0.35050317057834146,1.220019817352295
358,27.390156277737884,-0.044522070438258024,0.35699813887255805,7.425717830657959
359,27.266254714960503,-0.04407684973387544,0.36342815748383245,0.6557908058166504
360,27.573592167810897,-0.043118839857226345,0.3997938759089941,2.6271514892578125
361,27.57785624613279,-0.04268765145865408,0.4057959371499042,1.3322417736053467
362,29.042077683671458,-0.042203303679699725,0.42173797777840516,8.263728857040405
363,29.981656906834743,-0.04161866901688647,0.44752059800062105,5.651294231414795
364,30.961840337766397,-0.0408899823267176,0.4930453920206148,6.0318520069122314
365,30.94222193438873,-0.04082591008965732,0.4881149381004087,1.3245658874511719
366,32.212799715044845,-0.040480942128001254,0.4832337887194046,7.2838640213012695
367,31.970671717894394,-0.040076132706721244,0.48840145083221054,0.34030866622924805
368,32.290965000715445,-0.03936287137965403,0.5135174363238885,3.0714123249053955
369,32.21805535070829,-0.03896924266585749,0.5183822619606496,1.085472583770752
370,32.00587479720121,-0.03948864114828982,0.5131984393410431,0.541529655456543
371,31.915816049229196,-0.03909375473680692,0.5180664549476327,0.9879405498504639
372,32.2666578887369,-0.03855356345809557,0.5328857903981564,3.1493430137634277
373,32.373991309849536,-0.03770291154444484,0.5575569324941749,1.9460690021514893
374,32.59025139675104,-0.037325882429000395,0.5619813631692332,2.520634412765503
375,32.35434888278353,-0.0380637347158215,0.5563615495375409,0.42351365089416504
376,32.3008053939557,-0.038053467739033654,0.5507979340421655,1.1820645332336426
377,32.53779734001614,-0.03749436163307188,0.5652899547017438,2.646101951599121
378,32.312419366615984,-0.035119418016741163,0.5896370551547264,0.44242143630981445
379,33.35929517294982,-0.03447625303365404,0.6337406846031792,6.345632553100586
380,34.84570222122032,-0.03391171028353728,0.6774032777571475,8.369596719741821
381,34.80724519900812,-0.03325001253554062,0.690629244979576,1.3776733875274658
382,35.56917274701804,-0.032827422320095126,0.7037229525297802,5.048482894897461
383,37.333481019547854,-0.032404808474252665,0.7266857230044824,9.860310316085815
384,37.04014620935237,-0.03333076038951014,0.7194188657744376,0.39041876792907715
385,37.429744747258844,-0.0327342948908782,0.7422246771166933,3.5206844806671143
386,37.29544729978626,-0.03240695194196942,0.7448024303455263,1.1357805728912354
387,37.5224928267884,-0.03174954908921639,0.7673544060420711,2.8123953342437744
388,38.45726789852052,-0.03135571772046163,0.7796808619816503,6.130788087844849
389,38.71269521953531,-0.030729660543257015,0.8018840533618339,2.9876883029937744
390,38.76556826733996,-0.030649636665097173,0.7938652128282155,2.055760383605957
391,38.63791258466656,-0.0303431402984462,0.7959265606999334,1.1911187171936035
392,38.30153345881989,-0.030039708895461738,0.7979672950929341,0.2361283302307129
393,38.67851812423169,-0.02987089075387554,0.7899876221420047,3.46932315826416
394,38.451732942989366,-0.029572181846336785,0.7920877459205846,0.7205386161804199
395,39.28721561355947,-0.028866623962299647,0.8441668684613788,5.599167585372925
396,38.994343457423874,-0.02857795772267665,0.845725199776765,0.45061397552490234
397,39.06440002284963,-0.02785739553675423,0.8672679477789973,2.026414394378662
398,39.19375602262114,-0.027194206196771303,0.8885952683012074,2.2897071838378906
399,38.981818462394926,-0.02692226413480359,0.8897093156181953,0.8306331634521484
400,38.77200027777098,-0.026653041493455553,0.8908122224620134,0.8035962581634521
401,38.75428027499326,-0.026386511078520997,0.8919041002373933,1.717393398284912
402,38.57673747224333,-0.026122645967735787,0.8929850592350194,0.9926972389221191
403,38.3909700975209,-0.02586141950805843,0.8940552086426692,0.9227678775787354
404,39.11706039654569,-0.025512715222887755,0.9051146565562425,5.135451793670654
405,38.90588979258023,-0.025813143626214435,0.8960635099906801,0.7896366119384766
406,38.786830894654436,-0.02592538256032266,0.8871028748907732,1.1680705547332764
407,38.49896258570789,-0.026666128734719435,0.8782318461418654,0.5206079483032227
408,38.84397295985081,-0.02585152224189279,0.9194495276804469,3.3650834560394287
409,38.5555332302523,-0.026593007019473862,0.9102550324036424,0.4349939823150635
410,38.63997789794978,-0.026327076949279122,0.911152482079606,2.2514615058898926
411,38.35357811897028,-0.02606380617978633,0.91204095725881,0.4985489845275879
412,38.15004233778058,-0.025803168117988468,0.9129205476862219,0.78369140625
413,38.118541914402776,-0.025830850722522867,0.9037913422093596,1.689814805984497
414,38.257356495258755,-0.02576484990760533,0.894753428787266,2.4291656017303467
415,38.01478293030617,-0.026221487122814992,0.8858058944993934,0.6043565273284912
416,39.22463510100311,-0.025644806842781812,0.9369478355543994,7.261818885803223
417,38.89238874999308,-0.025388358774353994,0.9375783571988554,0.25615692138671875
418,38.61346486249315,-0.025134475186610453,0.9382025736268669,0.5454368591308594
419,41.05733021386822,-0.024635780611422794,1.0088205478905983,12.88520884513855
420,40.98675691172954,-0.024389422805308567,1.0087323424116923,1.5305817127227783
421,41.49688934261225,-0.023493354664212006,1.0686450189875754,4.27254581451416
422,43.05192044918613,-0.0230046140109709,1.1179585687976996,9.028055667877197
423,43.031401244694266,-0.02228676299281241,1.1367789831097226,1.9000046253204346
424,44.15108723224732,-0.021870346975787512,1.1654111932786253,7.414453983306885
425,43.89957635992484,-0.021125327716555953,1.1737570813458391,0.8278768062591553
426,43.800580596325595,-0.02061995679233157,1.1820195105323807,1.585684061050415
427,43.47257479036234,-0.020413757224408254,1.180199315427057,0.4957718849182129
428,43.71784904245871,-0.019768443181575935,1.2083973222727864,3.1431093215942383
429,43.69067055203412,-0.019326856310735784,1.2163133490500586,1.8805148601531982
430,43.43376384651378,-0.019133587747628425,1.214150215559558,0.789482831954956
431,43.48942620804864,-0.019146333502805202,1.2020087134039625,2.3123116493225098
432,44.59453194596816,-0.018760064972971953,1.229988626269923,6.928289175033569
433,45.09858662650848,-0.018046148533768548,1.2776887400072237,4.328824996948242
434,44.67760076024339,-0.01786568704843086,1.2749118526071515,0.10675406455993652
435,44.520824752640955,-0.017342202591739655,1.28216273408108,1.3725409507751465
436,44.69561650511454,-0.01652361927549968,1.3193411067402692,2.757526397705078
437,44.498660340063395,-0.01595838308274468,1.3261476956728664,1.1296107769012451
438,44.713673736662756,-0.015798799251917232,1.3228862187161377,2.9326610565185547
439,45.08653699929613,-0.015031055161837083,1.3696573565289762,3.813317060470581
440,44.755671629303166,-0.014880744610218712,1.3659607829636864,0.5512247085571289
441,45.37811491301014,-0.014451563332340824,1.3923011751340495,5.042421579360962
442,46.62433376388004,-0.014130577110782121,1.418378163382709,7.593035936355591
443,46.47809042624124,-0.0136767713396743,1.424194381748882,1.5714116096496582
444,46.553309521978825,-0.013169633255907186,1.4399524379313933,2.4539880752563477
445,47.09777642675903,-0.012641897319387719,1.4755529135520793,4.5487165451049805
446,46.90679866249145,-0.012515478346193841,1.4707973844165585,1.2973010540008545
447,48.09773067586653,-0.012089118743454794,1.516089410572393,7.601933479309082
448,49.30675336910786,-0.011672369567854564,1.560928516466669,7.6141440868377686
449,49.44368583541678,-0.010761995078525224,1.6053192313020024,2.9441277980804443
450,49.03924897706261,-0.010654375127739972,1.5992660389889823,0.4076216220855713
451,50.798856487291985,-0.01032560915424035,1.6432733785990925,10.339020252227783
452,50.57086792241907,-0.010579495919840804,1.6268406448131016,1.3887825012207031
453,50.545159243194874,-0.010473700960642396,1.6205722383649706,2.3625144958496094
454,51.28970765076293,-0.010048963951035971,1.6543665159813208,5.736518383026123
455,53.6668105742553,-0.009740861854778207,1.7078228508215076,13.061882257461548
456,54.07014246851274,-0.009217921321336807,1.7407446223132925,4.340561866760254
457,54.219441043827615,-0.009125742108123438,1.7333371760901597,3.22851300239563
458,53.837246633389334,-0.008409484687042203,1.736003804329258,0.8097109794616699
459,53.64887416705544,-0.00832538984017178,1.7286437662859655,1.5236670970916748
460,54.09238542538488,-0.00783397267646394,1.761357328623106,4.5598084926605225
461,54.051461571131036,-0.007355632949699301,1.773743755336875,2.255280017852783
462,55.830946955419726,-0.00710966282709886,1.8060063177835062,11.257277250289917
463,55.612637485865534,-0.007038566198827871,1.797946254605671,1.8572676181793213
464,55.496511111006875,-0.006968180536839593,1.7899667920596143,2.3822057247161865
465,55.211545999896806,-0.006898498731471196,1.7820671241390182,1.2477567195892334
466,55.55943053989784,-0.006718402633045373,1.784246452897628,4.339856863021851
467,55.283836234498864,-0.006651218606714919,1.7764039883686518,1.4330859184265137
468,55.21099787215387,-0.005751373087314437,1.8086399484849653,2.360015392303467
469,55.29888789343233,-0.005225109356441292,1.8305535490001157,3.0886807441711426
470,55.365899014498005,-0.005011567940296234,1.8322480135101145,2.931938409805298
471,56.32224002435302,-0.004630326433078702,1.8739255333750133,6.92110276222229
472,57.36901762410949,-0.004273464162536734,1.9151862780412632,7.469320774078369
473,57.005327447868396,-0.0037545390447208905,1.9160344152608506,0.9839653968811035
474,56.63527417338972,-0.0032169936542736817,1.9168740711082422,0.9359400272369385
475,56.41892143165582,-0.003184823717730945,1.9077053303971596,1.6289455890655518
476,56.70473221733926,-0.002447093127612459,1.958628277093188,3.9256789684295654
477,56.98768489516587,-0.0023049751375128044,1.9590419943222561,3.8688182830810547
478,58.45780804621421,-0.0019387881312357155,2.0194515743790333,9.004344940185547
479,58.11322996575207,-0.001086066916590025,2.0292570586352427,1.1138720512390137
480,57.93209766609455,-7.520624742412456e-05,2.05896448804889,1.9077537059783936
481,57.532776689433604,0.00048110137060567224,2.0583748431684015,0.76727294921875
482,57.917448922539265,0.0008929570235662822,2.0877910947367173,4.499906778335571
483,57.70827443331387,0.0011542977236008896,2.08691318378935,1.688286304473877
484,57.211191688980726,0.0011427547463648807,2.076044051951456,0.33196187019348145
485,56.83907977209092,0.0011313271989012318,2.065283611431941,0.9233429431915283
486,56.49068897437001,0.0011200139269122195,2.0546307753176216,0.9890296459197998
487,56.12578208462631,0.0011088137876430974,2.044084467564445,0.938978910446167
488,56.07452426378004,0.0014898825125117645,2.0536436228888006,2.3422391414642334
489,55.73377902114224,0.0019295291419321012,2.0531071866599127,1.017474889755249
490,57.75644123093082,0.0020652726102027025,2.0825761147933135,11.966273307800293
491,58.13887681862151,0.0026696198841006757,2.1317503536453803,4.354947090148926
492,57.9474880504353,0.003155744198080182,2.1404328501089265,1.822676181793213
493,59.87801316993094,0.003363230580800575,2.189028521607837,11.399172067642212
494,60.51923303823163,0.0034908885975732146,2.1971382363917584,5.671875238418579
495,60.384040707849316,0.003668745669044291,2.195166854027841,2.2297141551971436
496,59.90020030077082,0.003632058212353848,2.1832151854875623,0.5695788860321045
497,59.75119829776311,0.003817959852452532,2.1813830336326867,2.1358139514923096
498,61.04368631478548,0.004255970730118483,2.25956920329636,8.838754177093506
499,61.58324945163763,0.0045612371097738195,2.286973511263396,5.426038980484009
500,60.99741695712125,0.0045156247386760814,2.274103776150762,0.11889934539794922
501,61.17744278755004,0.005103379883694384,2.3113627383892545,3.771620035171509
502,61.66566835967454,0.005506891539402895,2.348249111005362,5.09774923324585
503,61.5390116760778,0.006472230787274172,2.3847666198953084,2.208056926727295
504,61.00362155931702,0.00515750847940143,2.360918953696355,0.3898892402648926
505,61.25358534372385,0.005803607813212067,2.4073097641593915,3.948110818862915
506,60.92104949028661,0.006102714592222803,2.4032366665177975,1.3657197952270508
507,61.00183899538374,0.006621397591228111,2.4292042998526195,3.3702497482299805
508,61.17182060542991,0.007324414384546599,2.4749122568540933,3.580413818359375
509,62.88010239937561,0.007682204723459754,2.560163134285552,10.56663703918457
510,63.02130137538185,0.008124863195705675,2.5845615029426963,3.610398054122925
511,64.44108836162803,0.008385077978382765,2.6387158879132695,9.2371826171875
512,64.73667747801176,0.008939525070939362,2.6823287290341367,4.260871648788452
513,65.12931070323164,0.009234745204845353,2.705505441743795,4.831385612487793
514,65.97801759619932,0.009609064419463567,2.758450387326357,7.07460618019104
515,65.67823742023732,0.010346307108602265,2.7708658834530935,1.7056326866149902
516,65.63145504603494,0.011062516168663784,2.8031572246185625,2.805781126022339
517,66.16514049557459,0.011456092687649416,2.845125652372377,5.580568790435791
518,67.66348909061884,0.011526716945958108,2.866674395848653,9.902718544006348
519,68.15685419971265,0.01192427028931904,2.9080076518901663,5.3889617919921875
520,67.73528565771554,0.012189642971041234,2.8989275753712644,1.1115751266479492
521,67.54793280113837,0.012884073071943065,2.919938299617552,2.288019895553589
522,67.622453473127,0.0134218990078903,2.9507389166213764,3.4248390197753906
523,67.27622893839572,0.013893740623872004,2.9512315274551626,1.5260851383209229
524,67.17346664901176,0.013930241814124512,2.941719212180611,2.608664035797119
525,67.56173198252164,0.014168297886549304,2.9623020200588046,5.064143896102905
526,67.81611466269642,0.014564249316285962,2.9926789998582164,4.344166040420532
527,67.50795351606946,0.014959147363663643,2.992752209859634,1.6866917610168457
528,67.51287398090878,0.015250732360615242,3.002824687761038,3.0638575553894043
529,67.04774524109969,0.01509822503700909,2.982796440883427,1.0194458961486816
530,68.3572677886887,0.015250273089669301,3.0229684764745928,9.160649299621582
531,67.81369511080182,0.015097770358772609,3.0027387917098465,0.7680644989013672
532,67.6855581596938,0.015674065382457608,3.022711403792748,2.545459270477295
533,67.21870257809685,0.01599351520482351,3.0124842897548203,0.9431633949279785
534,67.40651555231588,0.016531254471379923,3.052359446857272,4.104296922683716
535,67.18245039679272,0.01681038637111057,3.0518358523886993,2.039201259613037
536,66.72062589282478,0.01711847298358994,3.0413174938648124,1.0056853294372559
537,66.79341963389653,0.01762296392942972,3.0709043189261642,3.5281920433044434
538,66.51548543755757,0.017959554802955933,3.070195275736902,1.803351640701294
539,67.060330583182,0.018110537767323066,3.089493322979533,5.442972421646118
540,66.47972727735018,0.017929432389649835,3.0685983897497375,0.4557509422302246
541,67.38493000457667,0.018068609403332953,3.0979124058522403,7.107247352600098
542,67.4210807045309,0.018451303590989766,3.1169332817937176,3.37097430229187
543,67.62686989748558,0.01894860873689805,3.1557639489757805,4.077000141143799
544,69.33060119851072,0.01930534113692403,3.2642063094860228,10.915260076522827
545,69.3872951865256,0.020045621058888127,3.3115642463911628,3.618446111679077
546,69.08342223466035,0.019845164848299245,3.2884486039272507,1.8142971992492676
547,68.84258801231374,0.02031337986648292,3.295564117887978,2.1299057006835938
548,68.63416213219061,0.020526912734484756,3.2926084767090984,2.166947364807129
549,68.9978205108687,0.02070259598809229,3.3096823919420073,4.932131052017212
550,68.97784230576002,0.0210925849535845,3.326585568022587,3.0687344074249268
551,69.24806388270241,0.02161082577071532,3.373319712342361,4.360158205032349
552,70.4855832438754,0.021757411813526303,3.4195865152189375,8.967556715011597
553,70.90072741143665,0.022254123409676755,3.475390650066748,5.169131517410278
554,71.64172013732228,0.022445375279028262,3.51063674356608,6.732999563217163
555,71.22530293594906,0.02322092152623798,3.5155303761304193,1.3666300773620605
556,72.95304990658957,0.02335756476999199,3.5803750723691152,10.898842573165894
557,73.54351940752366,0.02342701942532237,3.594571321645424,6.263586044311523
558,73.66808421344842,0.023541586440371475,3.5986256084289696,4.0193212032318115
559,73.17140337131393,0.024139503909301092,3.59263935234468,1.0511500835418701
560,72.70968933760078,0.02463884961094882,3.586712958821233,1.2549700736999512
561,73.25259244422476,0.024943642217201537,3.630845829233021,5.953975677490234
562,73.34006651978251,0.025060059453566107,3.6345373709406905,3.82253098487854
563,73.91666585458469,0.025191138248343424,3.6581919972312837,5.93865180015564
564,73.33749919603885,0.02618922686585999,3.6516100772589706,0.6794378757476807
565,73.06412420407845,0.026796899814592698,3.665093976486381,2.1505589485168457
566,73.30348296203766,0.027147487517477698,3.6984430367215166,4.4556872844696045
567,72.70044813241728,0.02687601264230292,3.6714586063543013,0.6548082828521729
568,72.5434436510931,0.027309006901844804,3.684744020290758,2.4935526847839355
569,72.15800921458217,0.02821238742106165,3.6978965800878503,1.6251838207244873
570,71.87642912243633,0.028384809001396488,3.6909176142869717,2.0609662532806396
571,71.62766483121197,0.028739258783722948,3.694008438144102,2.1058008670806885
572,73.46138818289985,0.028804807372356304,3.7570683537626612,11.675086736679077
573,72.90677430107085,0.02851675929863274,3.7294976702250344,0.7878763675689697
574,73.81770655806015,0.02884134780320739,3.802202693522784,7.530414581298828
575,73.44952949247956,0.028823204595445587,3.784180666587556,1.6427242755889893
576,73.28503419755475,0.028885849742473588,3.77633885992168,2.617979049682617
577,73.6121838555792,0.02925736860353942,3.8185754713224633,4.930925369262695
578,75.74606201702342,0.029243540562103328,3.8703897166092385,12.951935291290283
579,75.20860139685318,0.029405650611027748,3.851685819443146,0.9818291664123535
580,74.55651538288464,0.02811159410491747,3.8131689612487145,0.40877532958984375
581,74.02095022905579,0.027830478163868296,3.7850372716362273,0.9348235130310059
582,74.12074072676523,0.028266459096515328,3.8171868989198647,3.804414987564087
583,74.02953331949759,0.028137640659396328,3.799015029930666,3.201219320297241
584,73.84923798630261,0.02857054996708808,3.8110248796313595,2.503124952316284
585,73.28074560643958,0.027696609173299552,3.772914630835046,0.7381875514984131
586,73.63793815037519,0.02787835867789683,3.7951854845266957,5.1153035163879395
587,73.23155876887144,0.02820563569717847,3.7872336296814284,1.4600918292999268
588,73.69924318118272,0.028423579340206687,3.8193612933846137,5.520709991455078
589,73.4622507493709,0.02873934354680462,3.8211676804507677,2.3045496940612793
590,73.05762824187718,0.02905801071739718,3.81295600364626,1.5667905807495117
591,73.84705195945841,0.0293595358733811,3.8748264436097974,7.027251720428467
592,73.43858143986382,0.02936897081767759,3.8560781791736995,1.500363826751709
593,72.8541956254652,0.02974194777616748,3.8375173973819625,0.7136352062225342
594,72.45565366921053,0.030353619207496713,3.839142223408143,1.5018324851989746
595,73.56109713251843,0.0304872414853671,3.8907508011740615,8.431519031524658
596,74.12548616119324,0.03064390753205189,3.9218432931623206,5.950092077255249
597,74.6542312995813,0.03080990940161326,3.952624860230697,5.914468288421631
598,74.38768898658549,0.031126810307597126,3.95309861162839,2.2017788887023926
599,73.91381209671962,0.030815542204521155,3.923567625512106,1.1477837562561035
600,74.12467397575243,0.031138965729844363,3.954331949256985,4.346798658370972
601,73.81342723599491,0.03152525049115057,3.954788629764415,1.9011056423187256
602,74.24529296363497,0.031551878328119405,3.9652407434667705,5.45363712310791
603,73.90284003399861,0.03148635954483821,3.945588336032103,1.7815062999725342
604,74.12381163365862,0.031692329282723156,3.966132452671782,4.438453197479248
605,73.64257351732203,0.03176002137451131,3.946471128145064,1.2023301124572754
606,73.1461477821488,0.03227575449409953,3.937006416863613,1.1437528133392334
607,72.96468630432732,0.0323166333127949,3.927636352694977,2.5783045291900635
608,73.85503944128405,0.0325490225352225,3.988359989168027,7.535808563232422
609,74.62648904687121,0.032952009131062325,4.068476389276347,7.078704595565796
610,74.0402241564025,0.0332474890397517,4.047791625383582,0.7099452018737793
611,75.49982191483848,0.033278650512990546,4.097313709129747,10.152492761611938
612,76.21482369569009,0.033626136116704175,4.166340572038449,6.8510048389434814
613,75.56267545873318,0.03328987475553713,4.134677166318065,0.44951510429382324
614,74.96704870414585,0.03358197600798176,4.113330394654884,0.6677639484405518
615,74.3373782171044,0.03324615624790194,4.082197090708335,0.5664489269256592
616,74.55400443493335,0.03343452801875625,4.101375119801252,4.4214959144592285
617,74.558464390584,0.034033516071902026,4.140361368603239,3.5500614643096924
618,75.16287974667816,0.03413762535562745,4.168957754917207,6.232255697250366
619,75.89125094921138,0.03379624910207117,4.137268177368035,6.669842958450317
620,75.63233843971926,0.033858286611050455,4.125895495594355,2.354281425476074
621,75.36601505532207,0.03413194864289913,4.124636540638411,2.22239351272583
622,75.41235490476885,0.03466562915647014,4.163390175232027,3.590291976928711
623,75.64823135572115,0.03482402336995594,4.1817562734797065,4.361642599105835
624,75.14174904216394,0.035675783136256384,4.179938710744909,1.2562243938446045
625,75.0903315517423,0.03603331101917954,4.198139323637459,3.1953413486480713
626,74.88942823622487,0.036036614272624105,4.186157930401085,2.4863104820251465
627,74.32053395386264,0.036231803685453416,4.164296351097073,0.769866943359375
628,75.987328614324,0.03620143585606776,4.212653387586102,11.157709836959839
629,75.31745532818076,0.03583942149750709,4.180526853710241,0.41194748878479004
630,75.52428077489894,0.03621019394919869,4.218721585173138,4.413051128387451
631,75.29903796714996,0.03641412974555575,4.216534369321407,2.439006805419922
632,75.23604758747845,0.03662969859302773,4.224369025628192,3.1444079875946045
633,74.66368711160368,0.03681895716265301,4.2021253353719095,0.8026518821716309
634,75.09705024048765,0.03704398793000953,4.24010408201819,5.4106128215789795
635,75.81607973808276,0.03714973852689991,4.277703041198008,6.880122184753418
636,76.38791894070194,0.03715418099125496,4.294926010786027,6.081979036331177
637,77.00403975129491,0.03721742179003806,4.321976750678167,6.186749219894409
638,78.05399935378196,0.03733975306664317,4.378756983171385,8.438976526260376
639,78.31345936024415,0.03735097092059213,4.384969413339671,4.742486953735352
640,78.53032476664171,0.0376774612113862,4.421119719206274,4.521084308624268
641,79.32502151897529,0.03780701571319639,4.4669085220142115,7.353120803833008
642,78.76177130378554,0.03786372816476008,4.442239436794069,1.1550641059875488
643,80.06415359074768,0.037867866002729705,4.487817042426128,9.5038583278656
644,80.13351205484021,0.038178842515116204,4.512938872001867,3.8940742015838623
645,79.51217693429182,0.03890816520107615,4.4978094832818485,0.8440935611724854
646,78.8270551649489,0.038519083549065386,4.46283138844903,0.5005285739898682
647,78.16878461329941,0.0389031234828055,4.438203074564539,0.5962929725646973
648,77.67709676716642,0.039548575006598134,4.433821043818893,1.3652143478393555
649,77.46032579949475,0.03968880354224644,4.429482833380704,2.582440137863159
650,77.4557225414998,0.04007113628604476,4.455188005046898,3.626439094543457
651,77.2511653160848,0.04037217930914922,4.460636124996428,2.5628726482391357
652,77.10865366292394,0.040603378150978364,4.466029763746464,2.950045347213745
653,77.1975671262947,0.04089501878807324,4.491369466109,3.8794052600860596
654,77.57559145503176,0.04109476425236642,4.52645577144791,5.258220195770264
655,77.14983554048143,0.04125524518127132,4.511191213733431,1.582947015762329
656,76.83833718507661,0.041494866642502085,4.506079301596097,2.0576233863830566
657,79.12995381322585,0.04134135588457379,4.551018508580136,14.015740156173706
658,78.81865427509359,0.04155294232572806,4.545508323494335,2.1495461463928223
659,79.85046773234265,0.04152202828708616,4.580053240259392,8.129987001419067
660,79.47196305501923,0.04134490324231054,4.554252707856798,1.9142005443572998
661,80.06724342446904,0.041506993778232755,4.59871018077823,6.393148422241211
662,80.62657099022435,0.04168015913456807,4.642723078970448,6.184377431869507
663,81.0203052803221,0.04184669087655572,4.676295848180744,5.537271976470947
664,81.3601022275189,0.04194996309822495,4.699532889698936,5.246425628662109
665,81.5565012052437,0.04232254267516349,4.742537560801947,4.81199836730957
666,81.34093619319127,0.04256598391507853,4.745112185193927,2.734318256378174
667,81.86752683125935,0.04281196586697252,4.797661063341987,6.09111762046814
668,82.67885156294676,0.04318139222057273,4.889684452708567,7.429408311843872
669,85.12206304731728,0.04290248349714377,4.900787608181481,14.922956228256226
670,84.7308424168441,0.04312563257521581,4.891779732099667,2.119171142578125
671,84.75353399267566,0.043154146364406176,4.8928619347786695,3.8596351146698
672,84.85599865274891,0.04356471016392001,4.933933315430883,4.430318117141724
673,84.43743866622142,0.04336162120181569,4.904593982276573,1.9997649192810059
674,83.89306427955921,0.042928004989797534,4.865548042453807,1.4009945392608643
675,84.59413363676363,0.04308314052431514,4.916892562029268,7.002008676528931
676,84.398192300396,0.0432676937344566,4.917723636408976,3.013571262359619
677,83.94421037739204,0.04334783730993255,4.898546400044887,1.794294834136963
678,83.23476827361812,0.04291435893683323,4.859560936044438,0.5852601528167725
679,82.67242059088193,0.04359632645857601,4.850965326683993,1.2502074241638184
680,82.4756963849731,0.0441127441463712,4.872455673417154,2.8676376342773438
681,82.62093942112337,0.04418708062243326,4.8837311166829815,4.3484580516815186
682,82.57473002691214,0.04425803032902944,4.8848938055161515,3.5863852500915527
683,82.52898272664301,0.044712885923175044,4.91604486746099,3.5465946197509766
684,82.01369289937658,0.04555607964458845,4.916884418786379,1.413891077041626
685,81.70355597038282,0.04588483257363277,4.917715574598516,2.5073769092559814
686,81.356520410679,0.04606428212023687,4.9085384188525305,2.257270336151123
687,81.4629552065722,0.0464732045164258,4.949453034664005,4.330449819564819
688,81.48832565450648,0.04672275818554726,4.969958504317365,3.935645818710327
689,81.30344239796142,0.04689045123861242,4.970258919274191,2.9709713459014893
690,81.6204079739818,0.046952520177553726,4.99055633008145,5.269174337387085
691,81.51420389424197,0.047046375257468326,4.990650766780635,3.381338596343994
692,80.99906185529954,0.04690924483822698,4.960744259112828,1.2578520774841309
693,80.96907123674654,0.046952972902665216,4.9611368165217,3.6028387546539307
694,80.81938052437907,0.047089503779699164,4.961525448356483,3.1112775802612305
695,80.27118671913529,0.04738783951113294,4.941910193872918,1.1652865409851074
696,80.12847485194393,0.04767153687359737,4.9524910919341885,3.0168285369873047
697,79.9171901034245,0.048211770657403764,4.972966181014847,2.705296277999878
698,79.92801820239026,0.048223480111323554,4.973236519204699,3.764343738555908
699,79.49873802036636,0.0488223263912914,4.973504154012652,1.7234234809875488
700,79.4937506401627,0.04896701451978355,4.983769112472524,3.6556999683380127
701,79.82881313376107,0.04891982225069191,4.993931421347798,5.084400415420532
702,79.94052500242346,0.04919985479741577,5.023992107134321,4.26496148109436
703,79.96111975239921,0.04968346600553917,5.0637521860629775,3.741065740585327
704,79.66150855487523,0.04978663134548378,5.053114664202348,2.2503910064697266
705,79.64489346932648,0.05018620092946484,5.082583517560325,3.654015064239502
706,79.15844453463322,0.05000691956533148,5.0517576823847214,1.460141658782959
707,79.55686008928689,0.05026315289068657,5.101240105560874,5.337087154388428
708,79.08129148839402,0.050698021361779706,5.090227704505264,1.3803348541259766
709,80.05047857351008,0.05081604114816191,5.159325427460212,7.981541872024536
710,81.55997378777498,0.05065420108300064,5.19773217318561,10.419180154800415
711,82.01437404989723,0.05085632048949346,5.2457548514537535,5.7249674797058105
712,82.37423030939826,0.051025723386293444,5.283297302939216,5.588118076324463
713,83.21048800630427,0.05129859868255099,5.370464329909823,7.516807556152344
714,82.50838312624123,0.05078561269572548,5.326759686610725,0.5894420146942139
715,82.35329929497881,0.05102402522548464,5.333492089744617,3.025571584701538
716,81.78976630202902,0.05089840035784518,5.3001571688471705,1.2143983840942383
717,81.58186863900873,0.05137302291164378,5.317155597158699,2.8641483783721924
718,81.04604995261865,0.05193072125395591,5.303984041187112,1.2864782810211182
719,81.38558945309246,0.05193315317185113,5.320944200775242,5.396489858627319
720,82.00173355856154,0.052252982479293456,5.397734758767489,6.722829341888428
721,81.56171622297592,0.05278308423344789,5.393757411179814,1.7632920742034912
722,80.84609906074616,0.05225525339111341,5.349819837068015,0.43671107292175293
723,80.1676380701387,0.051732700857202274,5.306321638697335,0.5394208431243896
724,79.5659616894373,0.05221537384863025,5.283258422310362,0.9932465553283691
725,78.99030207254293,0.05169322011014395,5.2404258380872575,0.9628186225891113
726,78.6003990518175,0.05192628790904251,5.228021579706385,1.7692091464996338
727,78.72439506129932,0.051736695359622414,5.215741363909321,4.165330410003662
728,78.16715111068633,0.05165411101472184,5.1835839502702274,1.1240956783294678
729,80.36547959957947,0.051506697421353144,5.251748110767525,13.484127759933472
730,81.64182480358367,0.05156855352406269,5.3292306296598495,9.41635274887085
731,81.92540655554784,0.05187104980700388,5.3759383233632505,5.041093111038208
732,83.01615248999235,0.05203296758118515,5.4621789401296175,8.613720893859863
733,82.49599096509243,0.05215779919569588,5.437557150728321,1.4574871063232422
734,82.43103105544151,0.05229411594058103,5.443181579221037,3.723972797393799
735,82.4867207448871,0.05233935659935703,5.448749763428826,4.064731597900391
736,83.04185353743821,0.052468136946406944,5.4942622657945375,6.412638902664185
737,82.33143500206384,0.051943455576942875,5.449319643136592,0.5562489032745361
738,82.2281206520432,0.05239624324339567,5.474826446705226,3.2578089237213135
739,81.56583944552277,0.05187228081096171,5.430078182238173,0.6794795989990234
740,82.36018105106754,0.051974676015274446,5.485777400415792,7.430441617965698
741,82.41657924055686,0.05213674743693988,5.500919626411634,3.895348310470581
742,83.44241344815129,0.05220997455716507,5.565910430147518,8.347991943359375
743,83.38798931366978,0.05220069532441393,5.560251325846043,3.5786631107330322
744,82.86410942053308,0.05264643030665366,5.544648812587583,1.4953911304473877
745,82.52546832632774,0.05314037416685243,5.549202324461707,2.307687520980835
746,81.85021364306446,0.05394230375851724,5.52371030121709,0.6942698955535889
747,82.96171150663382,0.05386920196445538,5.568473198204918,8.963250160217285
748,83.29209439156747,0.05427878580687979,5.632788466222869,5.317163944244385
749,83.41917344765179,0.05498599794881099,5.70646058156064,4.467840194702148
750,83.03498171317527,0.05510280463598955,5.689395975745034,2.11572527885437
751,82.44463189604352,0.055385109922962986,5.6625020159875845,1.0960166454315186
752,81.97018557708307,0.05540268739516192,5.635876995827709,1.6400890350341797
753,82.28048372131224,0.055645120698201454,5.6795182258694314,5.1991705894470215
754,82.29767888409911,0.05556485996740992,5.672723043610737,3.7837953567504883
755,82.31470209525813,0.05572349708202153,5.68599581317463,3.8748250007629395
756,83.15155507430555,0.055768671749755534,5.739135855042884,7.538021802902222
757,83.04003952356248,0.05590542947670242,5.741744496492454,3.2178125381469727
758,82.83963912832685,0.056457486293046505,5.7643270515275296,2.9890024662017822
759,82.70124273704359,0.056472621575043576,5.756683781012254,3.0844810009002686
760,82.31423030967315,0.05727153172292951,5.769116943202132,2.087167978286743
761,81.86108800657642,0.0577798974867813,5.76142577377011,1.6443722248077393
762,82.28247712651066,0.05800855012481671,5.813811516032409,5.687610864639282
763,82.40965235524556,0.05806004357093696,5.825673400872085,4.263986110687256
764,81.7855558316931,0.05747944313522759,5.777416666863364,0.959326982498169
765,83.12770027337616,0.05741390796313457,5.8396425001947305,9.886789083480835
766,83.2364232706424,0.05737168377712025,5.841246075192783,4.419853448867798
767,82.99405903793598,0.05781491609189142,5.852833614440855,2.66703200340271
768,82.64411844755662,0.058070100264305834,5.844305278296447,2.1282999515533447
769,82.69767726308105,0.058284853807117315,5.8658622255134825,4.186671018600464
770,83.87070049045023,0.058302005269046143,5.9372036032583475,9.124268054962158
771,84.64199348554573,0.05827799142753581,5.977831567225763,7.237636089324951
772,85.53557355069026,0.058269924156938616,6.028053251553506,8.042054653167725
773,85.88021781518336,0.05818722491536923,6.037772719037971,5.3575522899627686
774,86.11141563703153,0.058247554501077915,6.057394991847591,4.960828065872192
775,85.98030148066121,0.058486996764286314,6.066821041929115,3.4457285404205322
776,86.1204984658546,0.05880212679664345,6.1061528315098235,4.595104932785034
777,85.52929348119605,0.05895484626941776,6.075091303194726,1.1714346408843994
778,85.19400054638409,0.05951914396056973,6.084340390162779,2.4560091495513916
779,84.99206054092025,0.05984702944404095,6.093496986261151,2.935321092605591
780,84.50213993551104,0.05980411470515609,6.06256201639854,1.6300601959228516
781,85.16711853615594,0.0600007755448595,6.131936396234554,7.043687582015991
782,84.70544735079439,0.05991358830223142,6.100617032272209,1.7568092346191406
783,83.92839287728644,0.0593144524192091,6.049610861949486,0.36143946647644043
784,83.65910894851356,0.059423062280981924,6.039114753329991,2.582709312438965
785,84.16251785902843,0.059575100314888524,6.088723605796691,6.1648218631744385
786,85.17089268043813,0.05935772769011802,6.107836369738724,8.428855180740356
787,85.44918375363375,0.05929512386454427,6.116758006041337,5.256912708282471
788,85.3146919160974,0.059396617070343265,6.1155904259809235,3.2109270095825195
789,84.68154499693642,0.05880265089963983,6.064434521721114,1.054009199142456
790,84.24472954696705,0.058702429268692215,6.033790176503903,1.8899214267730713
791,84.31228225149738,0.058884635745236065,6.053452274738864,4.322441101074219
792,84.3491594289824,0.059091243933238245,6.072917751991475,3.919718027114868
793,85.01566783469258,0.05903013281840917,6.10218857447156,7.003650426864624
794,84.42551115634566,0.058824446874840466,6.061166688726844,1.1770555973052979
795,86.0212560447822,0.05856407125855108,6.090555021839575,11.259549617767334
796,86.65104348433438,0.058649571485562886,6.139649471621179,6.738640546798706
797,86.91453304949103,0.058771040372477164,6.1682529769049665,5.255245685577393
798,87.7853877189961,0.05881551387679837,6.226570447135917,8.247896671295166
799,87.45753384180614,0.058954631465303116,6.214304742664558,2.5186614990234375
800,87.68295850338806,0.059092357877922816,6.242161695237912,5.221052169799805
801,88.3161289183542,0.05889878529252107,6.249740078285533,6.788259267807007
802,87.75296762917064,0.059247297439595864,6.2272426775026775,1.4757511615753174
803,87.44543795287893,0.05935657885116482,6.21497025072765,2.611837863922119
804,86.66098357335015,0.05876301306265317,6.162820548220374,0.4003615379333496
805,86.49437373761666,0.05917538293202664,6.1811923427381705,3.2270312309265137
806,86.04943000024049,0.05929791481699209,6.159380419310788,1.9827008247375488
807,85.8389357002381,0.05947416643805294,6.15778661511768,2.880030632019043
808,85.92054634323571,0.05962410562473624,6.176208748966503,4.260694980621338
809,86.39134087980335,0.059704556297812184,6.214446661476837,6.163414001464844
810,86.0974274710053,0.05998470371729021,6.212302194862069,2.647722005844116
811,85.70645319629524,0.05981038859501092,6.180179172913449,2.1930739879608154
812,84.9393886643323,0.060323395820171925,6.138377381184314,0.38682985305786133
813,85.62999477768898,0.06043444757625592,6.1969936073724705,7.041970252990723
814,85.14369482991209,0.06118145445184471,6.195023671298745,1.6311900615692139
815,85.08225788161297,0.061582298135174365,6.223073434585758,3.6610827445983887
816,85.27143530279685,0.06173570592305339,6.2508427002399,4.727946043014526
817,85.35872094976888,0.0620757956723335,6.288334273237501,4.158580780029297
818,84.9551337402712,0.0627883710489435,6.295450930505126,2.0684633255004883
819,84.53558240286849,0.0630907198965936,6.282496421200075,2.005225896835327
820,83.9802265788398,0.06280464028383456,6.239671456988074,1.3573148250579834
821,83.77042431305141,0.06281151451591685,6.227274742418192,2.9317939281463623
822,85.8327200699209,0.06252822695696458,6.27500199499401,13.25170612335205
823,85.9843928692217,0.06289304369729593,6.322251975044071,4.581151485443115
824,86.11454894052947,0.06297118396739368,6.33902945529363,4.667237043380737
825,86.14340345112417,0.06335270808277592,6.375639160740693,4.166428565979004
826,85.50196941661292,0.06453736282012998,6.361882769133286,0.9154927730560303
827,85.1569497224468,0.06467630291741887,6.348263941441953,2.335493326187134
828,85.78538022522233,0.06477278313148793,6.4047813020275335,6.743703842163086
829,86.4275264229701,0.06492505530017305,6.470733489007258,6.758281230926514
830,86.3332511587404,0.06479528526665183,6.456026154117185,3.507178544998169
831,85.669918647153,0.06414733241398532,6.401465892576013,0.9301090240478516
832,85.47321946068146,0.06441494999893638,6.407451233650253,2.9622249603271484
833,86.07848726607465,0.06445573200579632,6.4533767213137505,6.657008171081543
834,86.75770239341391,0.06426572014028381,6.468842954100613,7.5394508838653564
835,87.47012536947976,0.06419268319204552,6.504154524559606,7.423190116882324
836,87.07542411578497,0.06459242302679173,6.49911297931401,2.3052189350128174
837,86.93466987462712,0.06490540290611285,6.51412184952087,3.4129738807678223
838,87.31532317588085,0.06489634887705173,6.538980631025661,5.865739107131958
839,86.53216994412205,0.06424738538828122,6.483590824715404,0.4323594570159912
840,86.75684824468082,0.06443059960779289,6.518754916468249,5.024434566497803
841,87.21927976223401,0.06446298534103827,6.553567367303566,6.135094404220581
842,87.35708696461167,0.06470944459653878,6.58803169363053,4.803791761398315
843,88.28351609496555,0.06467346126168451,6.642151376694224,8.448784828186035
844,87.95068093401589,0.06511763573997675,6.645729862927283,2.513629913330078
845,88.46117412467574,0.06518588384300865,6.68927256429801,6.35416054725647
846,88.10656238342898,0.06528874198571065,6.672379838655029,2.459711790084839
847,89.02549675959469,0.0653025212325202,6.735656040268479,8.289944171905518
848,89.53524179199874,0.06536378173448071,6.778299479865795,6.5782835483551025
849,89.64988937407875,0.0655022231250567,6.800516485067137,4.645888805389404
850,90.01339048033797,0.06556148660809184,6.832511320216465,5.850083589553833
851,90.88325657553459,0.0655273406685646,6.8841862070143005,8.052891492843628
852,90.31442400977924,0.06604853785011425,6.865344344944157,1.6455199718475342
853,89.64127976968146,0.06582283508030876,6.816690901494715,1.0929303169250488
854,89.80486697198465,0.06573064446535472,6.818523992479768,4.97963285446167
855,89.85681830226481,0.06591544328385907,6.8403387525549695,4.38969349861145
856,89.16825011924216,0.06573247932721095,6.79193536502942,0.9654510021209717
857,89.62656761804973,0.0657418212006055,6.824016011379125,6.151270627975464
858,89.10030194186923,0.0653546732588697,6.775775851265333,1.7399399280548096
859,89.62929892245054,0.06533492934318241,6.80801809275268,6.868951320648193
860,88.94300593322603,0.06563396100213155,6.769937911825154,0.9293279647827148
861,90.50357587389378,0.06542660098394697,6.822238532706902,11.181386947631836
862,89.97854011515484,0.0660881244477917,6.814016147379832,1.7313523292541504
863,89.5287547140033,0.06676057653664713,6.815875985906034,2.070549964904785
864,89.93346716686327,0.06663143230974221,6.827717226046974,6.06859278678894
865,90.12413249519463,0.06669906294077323,6.849440053786504,4.933515787124634
866,89.59289117024268,0.06711315339244658,6.830945653248638,1.7402427196502686
867,91.10696225854025,0.06698144094565905,6.902636196716151,11.249109029769897
868,90.97589263595485,0.06682444704902299,6.88360983474899,3.5036404132843018
869,91.4161337095953,0.0666006470229772,6.8847737364015,6.234821081161499
870,91.21197237249935,0.06677971097528264,6.885925999037485,3.246624708175659
871,91.48985264877435,0.06686821638653821,6.91706673904711,5.641130208969116
872,91.6049541222866,0.06687914587315827,6.9278960716566385,4.52150297164917
873,91.66890458106374,0.06702668094503893,6.948617110940072,4.409992218017578
874,91.6822155352531,0.06721662918935198,6.969130939830671,4.264230251312256
875,91.62539337990057,0.0672421373160631,6.9694396304323645,3.985151529312134
876,92.35913944610157,0.06717577654896308,7.009745234128041,7.679736614227295
877,92.43554805164055,0.06720401878347346,7.019647781786761,4.631938695907593
878,92.55119257112415,0.06739736321102334,7.049451303968892,4.786908864974976
879,92.33568064541289,0.06756846000144831,7.0489567909292035,3.343155860900879
880,91.90232383895876,0.0681172651973522,7.0484672230199115,2.251091957092285
881,92.19330060056917,0.06817989419827124,7.077982550789712,5.440170526504517
882,92.2013675945635,0.06835831031005196,7.097202725281814,4.267458200454712
883,93.11935391861786,0.06832690111999493,7.156230698028996,8.525575399398804
884,94.92816037943167,0.06804509196280958,7.204668391048706,12.436925888061523
885,95.15887877563736,0.06795786138216454,7.2126217071382195,5.389721632003784
886,95.46728998788099,0.06799256848262861,7.240495490066837,5.819684982299805
887,96.06261708800217,0.06789328795909264,7.268090535166168,7.1887736320495605
888,95.31199091712215,0.06816673603188267,7.225409629814506,0.9085934162139893
889,95.32887100795092,0.06830981093960507,7.243155533516361,4.585522413253784
890,94.73558229787142,0.06873782394132012,7.220723978181197,1.67415189743042
891,94.52822647489269,0.0687261213775826,7.208516738399385,3.3542675971984863
892,94.76294421014377,0.06880157202821356,7.23643157101539,5.506671190261841
893,96.23531476804233,0.06856810176247688,7.284067255305236,11.242562532424927
894,95.80296162036191,0.0688258169712672,7.271226582752183,2.5071213245391846
895,96.86493200415829,0.06868211325700008,7.318514316924661,9.285379886627197
896,97.98628268411672,0.06856945480385591,7.375329173755414,9.598325729370117
897,98.52641985727554,0.06841007604529104,7.39157588201786,6.916769742965698
898,98.98115565870279,0.06842041972928256,7.427660123197682,6.707574367523193
899,98.28134410211577,0.06842587070440352,7.383383521965705,1.3882596492767334
900,99.05853066109461,0.06842343017917767,7.439549686746047,8.120823621749878
901,98.97794535448365,0.06883809697628698,7.4751541898785865,4.0678486824035645
902,99.23816590093881,0.06902971600652412,7.5204026479798,5.7601423263549805
903,98.72578424192943,0.06938108551312554,7.505198621500002,2.1767361164093018
904,98.32852639951014,0.0693652407596892,7.480146635285002,2.637286901473999
905,98.39524113551504,0.06952873120923517,7.505345168932151,4.921083450317383
906,97.7812887241599,0.0699145249782239,7.480291717242829,1.6135404109954834
907,98.7434758369183,0.06973084364596743,7.5154888000704005,8.9635648727417
908,98.5260410785491,0.0696828858588584,7.500333912069696,3.679239511489868
909,98.83078066776362,0.0696062120390295,7.515330572948998,5.774950742721558
910,98.89247286108598,0.06967205468054397,7.530177267219508,4.869766473770142
911,98.72354813247512,0.07007289510934828,7.554875494547312,3.6506054401397705
912,99.08631265115037,0.07026105504714368,7.60932673960184,6.277905464172363
913,98.18544952463887,0.06955844449667224,7.543233472205821,0.3786129951477051
914,97.37359502939248,0.06945109534582317,7.487801137483762,0.7861969470977783
915,96.64985907909855,0.06955658439236492,7.442923126108925,1.1223607063293457
916,96.00336048830755,0.06886101854844127,7.378493894847835,1.467031478881836
917,96.27332688342447,0.06890411568003003,7.4047089558993555,5.779958724975586
918,96.17059361459023,0.06914530708136928,7.420661866340362,3.9125826358795166
919,95.47888767844432,0.06919459475129631,7.376455247676959,1.1852467060089111
920,95.31409880165988,0.06926214247466943,7.372690695200189,3.7575197219848633
921,94.74095781364328,0.06909583683939641,7.3289637882481875,1.7312045097351074
922,95.17354823550684,0.06920197992027781,7.375674150365706,6.480214595794678
923,94.47181275315177,0.06970996012107504,7.341917408862049,1.1644871234893799
924,94.17709462562026,0.06978209128909506,7.328498234773428,2.9410924911499023
925,94.86532367936405,0.06975911700197099,7.375213252425694,7.458966493606567
926,94.45667044257041,0.06980226657269202,7.351461119901437,2.4279160499572754
927,93.80210373814471,0.07013872666558578,7.3179465087024225,1.3217988014221191
928,94.56408270076327,0.07008439822245933,7.364767043615398,7.969060182571411
929,96.14844187375563,0.0699764396157288,7.451119373179244,11.492507934570312
930,96.72695745501808,0.06992602586892216,7.486608179447452,7.088379383087158
931,96.30968788046789,0.06995403833750567,7.461742097652977,2.462310314178467
932,96.53659100166321,0.07034693492892054,7.527124676676447,5.654232978820801
933,95.76122509164658,0.07016978136910501,7.471853429909682,0.7892279624938965
934,95.77361284073011,0.0702928258234552,7.487134895610585,4.383867263793945
935,94.99587671232281,0.07070100867633175,7.4422635466544795,0.8556907176971436
936,94.95591794519957,0.07076322935879921,7.447840911187935,4.210823059082031
937,97.31635876574758,0.0705087692706493,7.533362502076056,15.236911058425903
938,97.9031951780901,0.070508809783071,7.578028877055295,7.09187650680542
939,97.0841632263092,0.0704287216852403,7.522248588284741,0.7496116161346436
940,97.26332159404612,0.0703331301205618,7.527026102401893,5.249272108078003
941,97.31068837810565,0.07041411254484638,7.541755841377874,4.9367334842681885
942,97.3675814943246,0.07048667044852412,7.556338282964095,4.996439218521118
943,97.32390567938135,0.07053449191608188,7.560774900134454,4.318772792816162
944,98.42066662258753,0.07045716632059257,7.62516715113311,9.541254758834839
945,98.09645995636166,0.07051017041496241,7.608915479621778,2.9896814823150635
946,97.22549535679804,0.0707141596199037,7.55282632482556,0.537477970123291
947,97.19324040323005,0.07075169887476848,7.557298061577304,4.272680759429932
948,96.48130799919775,0.07119802803986695,7.521725080961532,1.1211469173431396
949,97.01649491920577,0.07088604775946829,7.516507830151917,6.939737558364868
950,96.15632997001372,0.07108627819096452,7.461342751850397,0.4652552604675293
951,96.92476667031359,0.07089564662292772,7.486729324331892,7.969127893447876
952,96.32551900361045,0.07099750096750926,7.451862031088574,1.7856085300445557
953,97.12226381357435,0.07102616232147052,7.517343410777688,8.048442125320435
954,96.2310411754386,0.07156590069825582,7.4621699766699106,0.339857816696167
955,96.09873076368422,0.07169361518524917,7.467548276903211,3.792461395263672
956,96.00774345604738,0.07189621926328173,7.482872794134179,4.0028650760650635
957,96.2176660214869,0.07194648783987968,7.508044066192837,5.519653797149658
958,95.54548936127205,0.07295116089251537,7.4929636255309084,1.2839694023132324
959,94.89003446765932,0.07288831595025688,7.4480339892756,1.548631191253662
960,94.43113412298273,0.0727716776887135,7.413553649382844,2.2924234867095947
961,94.9668227817529,0.07285477172263717,7.469418112889016,6.735716342926025
962,94.08715455393536,0.0721262240054108,7.404723931760125,0.2988717555999756
963,94.42628300839601,0.0722643367653567,7.450676692442523,5.939928293228149
964,94.14202017831205,0.07260229945830919,7.456169925518098,3.0969491004943848
965,94.01059997652894,0.0727404739945903,7.461608226262917,3.7227942943573
966,94.22049397676365,0.07270872142855744,7.476992144000287,5.301758050918579
967,94.60828903699601,0.07280870188344479,7.522222222560284,6.177039384841919
968,94.35220614662605,0.07295018008200164,7.517000000334682,3.206223487854004
969,93.78868408515977,0.07353646775486584,7.501830000331335,1.841998815536499
970,95.03079724430818,0.07335156179291352,7.556811700328021,10.043760299682617
971,95.05048927186509,0.07344278844302561,7.5712435833247405,4.379561185836792
972,94.84998437914643,0.07377502722526201,7.585531147491493,3.390367031097412
973,95.22148453535496,0.07371909513482758,7.609675836016578,6.0376763343811035
974,95.27926969000141,0.07367497349041,7.6135790776564125,4.706618070602417
975,95.0264769931014,0.07350965232693446,7.587443286879848,3.169137954711914
976,95.38621222317039,0.07346157870442847,7.6115688540110495,6.120910406112671
977,95.15235010093869,0.07356029625071753,7.605453165470939,3.4220540523529053
978,94.8408265999293,0.07407469328821036,7.619398633816229,2.9257915019989014
979,95.44241833393001,0.07410813990371534,7.673204647478067,7.378574848175049
980,94.91799415059072,0.07429729106281772,7.6464726010032855,1.9938392639160156
981,95.80881420908482,0.07426083989131999,7.710007874993252,8.4246985912323
982,96.43072606699397,0.07421443402405235,7.75290779624332,7.294105529785156
983,96.38641880632403,0.07401576794468138,7.735378718280886,4.187587261199951
984,97.36255461826079,0.07394571335801808,7.798024931098077,8.78554391860962
985,97.91892907207819,0.07392521047280391,7.840044681787096,7.053060293197632
986,98.80973978135741,0.07377419366219352,7.881644234969225,8.360685110092163
987,98.65164238354383,0.07400030714725833,7.892827792619532,3.7681331634521484
988,97.76512595970839,0.07326030407578575,7.823899514693337,0.4289252758026123
989,97.3174747001113,0.07384845575200903,7.825660519546403,2.4253149032592773
990,97.75429995311019,0.07389011303846056,7.867403914350939,6.532191514968872
991,97.8967569535791,0.07386549762236166,7.87872987520743,5.299840450286865
992,97.8077893840433,0.07402571905063242,7.889942576455355,4.105287075042725
993,97.53971149020286,0.0741305322826613,7.881043150690802,3.3875982761383057
994,99.01431437530084,0.07396065553126326,7.952232719183894,11.268036603927612
995,98.88417123154782,0.07415128153409016,7.962710391992055,4.229396820068359
996,98.46532951923234,0.07446240029769663,7.9530832880721345,2.6427907943725586
997,99.91067622404002,0.07412929892846452,7.983552455191413,11.249752521514893
998,100.22156946179962,0.07430403647353102,8.0337169306395,6.0064027309417725
999,99.99935376718162,0.07433022687802648,8.023379761333105,3.494462728500366
1000,100.3193602295098,0.07434450036682198,8.053145963719775,6.070544481277466
1001,99.77616662721469,0.07425322927619725,8.012614504082576,2.1279850006103516
1002,98.86840496094254,0.07351069698343528,7.94248835904175,0.45097780227661133
1003,99.96972091133311,0.0732062120231703,7.9630634754513325,9.761131286621094
1004,99.59002370221978,0.07311931119326118,7.933432840696819,2.947653293609619
1005,98.68412346519759,0.07238811808132857,7.86409851228985,0.3877887725830078
1006,98.25728223054561,0.07237852261480099,7.835457527166951,2.5646109580993652
1007,97.97470940824016,0.07265473738865298,7.8371029518952815,3.157163381576538
1008,99.19496231415776,0.07242819001476646,7.878731922376328,10.05428433418274
1009,99.09301269101618,0.07249042496855136,7.879944603152565,4.070034027099609
1010,99.55208256410603,0.07238621037403825,7.901145157121039,6.715117931365967
1011,99.30656173846496,0.07232901493696453,7.882133705549829,3.5831027030944824
1012,98.40349612108032,0.07049461367648378,7.80331236849433,0.42835044860839844
1013,99.46946115986951,0.07037503339337749,7.855279244809386,9.337071418762207
1014,99.74476654827082,0.07037994447676654,7.876726452361292,5.825401306152344
1015,100.1273188827881,0.07054571024939017,7.927959187837679,6.309863567352295
1016,99.66604569396023,0.07095136425800737,7.918679595959302,2.6370534896850586
1017,99.01938523702061,0.07109899347257016,7.879492799999709,1.5836994647979736
1018,98.17919138465041,0.07105467020451112,7.820697871999712,0.6797447204589844
1019,98.62739947080391,0.07097349413183664,7.842490893279714,6.598810911178589
1020,97.81112547609587,0.07144022977875357,7.794065984346917,0.7224292755126953
1021,97.1830142213349,0.0712972560523946,7.746125324503447,1.6234955787658691
1022,97.49118407912155,0.07144365849187065,7.788664071258413,5.877881288528442
1023,98.05627223833034,0.07150844268617272,7.840777430545829,7.04375433921814
1024,97.15570951594702,0.07204335825931099,7.782369656240371,0.385404109954834
1025,97.02415242078756,0.07179911515290836,7.754545959677967,3.823561906814575
1026,96.41391089657968,0.07191445733471262,7.717000500081187,1.6025640964508057
1027,97.04977178761388,0.07175781276136549,7.7398304950803745,7.387893438339233
1028,96.76927406973773,0.07205472738737502,7.742432190129571,3.2184715270996094
1029,96.13158132904036,0.07194024071956188,7.695007868228275,1.5248451232910156
1030,95.92026551574996,0.0721541716456996,7.6980577895459925,3.490629196166992
1031,95.79106286059246,0.07215552149550766,7.691077211650533,4.015935659408569
1032,96.10315223198653,0.07237884817031637,7.744166439534027,5.699970006942749
1033,95.83212070966665,0.07266955244223638,7.746724775138687,3.1797091960906982
1034,94.98379950256998,0.07194285691781402,7.6792575273873,0.46101927757263184
1035,94.73396150754428,0.07208057120577874,7.672464952113427,3.3534598350524902
1036,94.63662189246882,0.07206564784666213,7.665740302592293,3.8767693042755127
1037,94.42025567354413,0.0724408817791544,7.67908289956637,3.346414566040039
1038,93.81605311680869,0.07259882590253934,7.642292070570706,1.4930994510650635
1039,93.6678925856406,0.07301207814984306,7.6658691498649985,3.4397926330566406
1040,93.56121365978419,0.07312533086232054,7.669210458366348,3.7263145446777344
1041,95.42560152318634,0.07292979183941162,7.752518353782684,12.871145486831665
1042,95.57134550795448,0.0732004939210175,7.794993170244857,5.047946453094482
1043,95.07563205287492,0.07377283680789429,7.787043238542409,2.1485671997070312
1044,94.76487573234617,0.07412885843981534,7.7891728061569845,2.91599702835083
1045,95.99722697502271,0.0740756432499126,7.871281078095414,10.057053327560425
1046,95.44725470527248,0.07406659413448664,7.8325682673144605,1.9540321826934814
1047,94.93278215821975,0.07400774637495997,7.7942425846413155,1.9273180961608887
1048,95.54345433663755,0.07397279711633857,7.836300158794902,7.364373207092285
1049,95.28801979327118,0.07409021200231805,7.827937157206954,3.314171552658081
1050,95.67513959533846,0.07409557853901128,7.859657785634885,6.09383487701416
1051,96.37838819938507,0.0740172733560308,7.901061207778536,7.703961372375488
1052,96.67460431739123,0.07391202125739113,7.912050595700751,5.832834720611572
1053,96.26785827421732,0.07424432961624579,7.902930089743744,2.5478696823120117
1054,96.82517969147514,0.07429136000429384,7.953900788846306,6.864073753356934
1055,96.89692789456039,0.07441383101963552,7.974361780957842,4.807621955871582
1056,96.24795861561478,0.07429469270943916,7.924618163148264,1.4138505458831787
1057,95.75547902945863,0.07419004365468519,7.885371981516782,2.137794256210327
1058,96.14792423916404,0.07433703210702722,7.936518261701614,6.368264675140381
1059,95.8064449967724,0.07456140372144081,7.927153079084598,2.7539727687835693
1060,96.01838054680468,0.07432861019704692,7.917881548293752,5.425472974777222
1061,95.84819674133664,0.07447140004444354,7.918702732810814,3.7262814044952393
1062,94.97971477392328,0.07372668604399911,7.849515705482706,0.41420555114746094
1063,94.96991762618404,0.07362771705589954,7.841020548427879,4.35935115814209
1064,95.5202184499222,0.07369143988534055,7.8926103429436,6.71588134765625
1065,95.50501626542297,0.07359282335882758,7.883684239514165,4.287878751754761
1066,95.10996610276874,0.07321403798238217,7.834847397119023,2.5131306648254395
1067,94.91886644174106,0.07313979233940046,7.816498923147832,3.5936872959136963
1068,94.47967777732366,0.0733887865728692,7.7983339339163535,2.316474437713623
1069,95.09488099955043,0.07336002691226871,7.84035059457719,7.090567350387573
1070,94.46393218955491,0.07325142664314603,7.791947088631418,1.4957261085510254
1071,95.82929286765936,0.07316826302606522,7.874027617745104,10.467485904693604
1072,95.06099993898276,0.07243658039580457,7.805287341567652,0.8525745868682861
1073,94.55038993959293,0.07262130550093744,7.777234468151976,2.0942702293395996
1074,94.264886040197,0.07310721365804927,7.7894621234704555,3.04864764213562
1075,95.17223717979502,0.07307884422417148,7.851567502235751,8.5609450340271
1076,94.93051480799706,0.07347481634531004,7.863051827213393,3.2016921043395996
1077,94.96120965991709,0.07365843552879571,7.884421308941259,4.379561424255371
1078,94.96159756331792,0.07386921959456037,7.905577095851846,4.3485777378082275
1079,95.56198158768474,0.07345310804377606,7.886521324893327,7.0614378452301025
1080,95.4063617718079,0.07359357696333829,7.887656111644393,3.643747568130493
1081,95.62229815408982,0.07354140187746559,7.898779550527949,5.251507520675659
1082,94.72607517254892,0.07280598785869094,7.829791755022669,0.2534317970275879
1083,94.36881442082343,0.07292538560722267,7.811493837472442,2.7098917961120605
1084,95.2151262766152,0.07286652281260296,7.863378899097717,8.216301918029785
1085,95.70297501384904,0.07276285758447693,7.884745110106739,6.613020420074463
1086,94.88594526371055,0.07274951472291787,7.825897659005672,0.6195247173309326
1087,94.58708581107345,0.07294509649876561,7.817638682415615,3.057544708251953
1088,94.13121495296271,0.07262380879908409,7.76946229559146,2.2078516483306885
1089,94.27990280343309,0.07263151566522169,7.781767672635545,4.96019983291626
1090,93.68710377539875,0.07219091479428376,7.723949995909189,1.670602798461914
1091,94.35023273764476,0.07196900564634093,7.736710495950097,7.530331134796143
1092,93.55673041026832,0.07191598225654418,7.679343390990596,0.6042015552520752
1093,94.02116310616563,0.07198253671969303,7.72254995708069,6.322383403778076
1094,94.64095147510398,0.07203194212172687,7.775324457509883,7.208224296569824
1095,93.90454196035293,0.07226400365289055,7.727571212934784,0.873009443283081
1096,93.17549654074939,0.07249374456874261,7.680295500805436,0.9793484210968018
1097,93.3737415753419,0.07291924960093128,7.743492545797381,5.087514162063599
1098,93.66000415958848,0.07300972923606952,7.776057620339408,5.604702711105347
1099,93.8334041179926,0.07300035266442956,7.788297044136014,5.069123268127441
1100,93.51507007681268,0.0730768007506885,7.770414073694654,2.914517641067505
1101,93.80991937604455,0.07324034168627104,7.812709932957707,5.832479953765869
1102,93.4818201822841,0.07332761040055587,7.79458283362813,2.65385365486145
1103,93.66700198046127,0.0731300485822646,7.786637005291849,5.234464406967163
1104,93.52033196065666,0.07341140632429005,7.798770635238931,3.7246861457824707
1105,93.79512864105008,0.07366902779823722,7.850782928886542,5.729909181594849
1106,93.1471773546396,0.07396682027887554,7.812275099597676,1.3169572353363037
1107,92.5157055810932,0.07389381874275344,7.7641523486017,1.3966014385223389
1108,92.93054852528228,0.07375189548069903,7.7765108251156825,6.1877593994140625
1109,93.65124304002946,0.07374164925316477,7.828745716864526,7.519379138946533
1110,93.21473060962916,0.07340423276063313,7.78045825969588,2.1956870555877686
1111,92.53258330353286,0.07307019043302679,7.722653677098921,1.0906133651733398
1112,92.30725747049753,0.07319663138583939,7.715427140327932,3.1656785011291504
1113,92.47418489579256,0.07338209626464154,7.748272868924653,4.922198534011841
1114,93.06944304683464,0.07337195951252144,7.790790140235407,6.86125111579895
1115,93.33874861636629,0.07347157325072956,7.822882238833053,5.506663084030151
1116,94.45536113020262,0.07337100385968567,7.8846534164447215,9.2818443775177
1117,93.8508075189006,0.07322552911520647,7.835806882280274,1.545424222946167
1118,93.35229944371159,0.07340236473314532,7.807448813457471,2.056429147720337
1119,92.70877644927448,0.07335799625822766,7.759374325322897,1.3421046733856201
1120,93.07168868478175,0.07324457133440507,7.771780582069668,5.768812417984009
1121,93.28097179793393,0.0735647572000084,7.8240627762489705,5.157911539077759
1122,93.9381620799546,0.0735838266091404,7.87582214848648,7.245111465454102
1123,93.36878045915505,0.07392906942413008,7.847063927001615,1.7980120182037354
1124,95.53509265456348,0.07357687550408232,7.898593287731599,14.003746271133423
1125,94.80974172801785,0.07327588935773716,7.839607354854283,1.0705950260162354
1126,95.62164431073768,0.07333858500961432,7.91121128130574,8.027284145355225
1127,95.3854278676303,0.07343853249285151,7.902099168492683,3.4065933227539062
1128,94.971573588954,0.07400044346421929,7.903078176807756,2.468234062194824
1129,94.36185785306446,0.07414279197075356,7.8640473950396785,1.6023156642913818
1130,94.61823927453382,0.07406803071771269,7.875406921089281,5.520492792129517
1131,94.06205688178848,0.07486581194899711,7.8666528518783885,1.7589571475982666
1132,93.76143631297059,0.07489840382950713,7.8479863233596046,3.0529637336730957
1133,92.93382194984088,0.07414941979121206,7.779506460126008,0.46026015281677246
1134,92.79448373034248,0.07416741926418602,7.771711395524748,3.4813151359558105
1135,93.28653889303905,0.07412997042365684,7.8039942815695005,6.419143199920654
1136,93.82367350410865,0.0742049972500325,7.855954338753805,6.805006742477417
1137,93.25543676906757,0.074273758088343,7.817394795366267,1.7698001861572266
1138,93.8428824013769,0.07425470471798588,7.859220847412605,6.913532018661499
1139,93.15445357736313,0.07471215767080604,7.820628638938478,1.082360029220581
1140,94.1929090415895,0.07457417314993554,7.872422352549093,8.993797302246094
1141,94.3109799511736,0.0749605068901343,7.923698129023602,4.85901403427124
1142,93.92787015166188,0.07528233039266152,7.914461147733366,2.7146637439727783
1143,93.28859145014526,0.07519617375540157,7.865316536256032,1.3799655437469482
1144,92.75570553564381,0.07544421201784755,7.836663370893472,1.8918952941894531
1145,92.37814848028736,0.07559886080676,7.818296737184537,2.614779233932495
1146,92.70436699548449,0.0757228721986924,7.860113769812691,5.628238916397095
1147,93.48732332552964,0.07566739786267039,7.911512632114564,7.787274360656738
1148,94.59245009227435,0.0755969983938476,7.982397505793419,9.544493675231934
1149,93.9765255913516,0.07605314962203033,7.952573530735485,1.5520036220550537
1150,94.10676033543808,0.07604028167721189,7.96304779542813,4.870243072509766
1151,94.6956927320837,0.07606419258592996,8.013417317473849,7.030174493789673
1152,95.12873580476285,0.07610065210934602,8.05328314429911,6.361997604370117
1153,95.20744844671523,0.07601925723873801,8.052750312856118,4.696359395980835
1154,94.71537396224808,0.07591123857939411,8.012222809727556,2.0825793743133545
1155,95.1282202226256,0.07581389089948251,8.03210058163028,6.521815061569214
1156,94.30693802039934,0.07582498275971845,7.971779575813977,0.6525681018829346
1157,94.81386864019535,0.07582535362177643,8.012061780055836,6.742897033691406
1158,95.58572995379339,0.0757066349692796,8.051941162255277,7.964166641235352
1159,95.41987265425546,0.07570906229047288,8.041421750632724,3.658078670501709
1160,95.1156739277129,0.07618274089833738,8.051007533126397,2.9159345626831055
1161,94.37451718843577,0.07637329444173496,8.000497457795133,1.0143811702728271
1162,93.56077201655141,0.07560956149731761,7.930492483217181,0.6021106243133545
1163,93.3851642963859,0.07577451851392338,7.931187558385009,3.54866886138916
1164,94.22131265342203,0.07558174508019658,7.961875682801159,8.15199589729309
1165,93.61909952688781,0.07541416292351226,7.912256925973147,1.4684438705444336
1166,94.31290853161893,0.07533486792004401,7.953134356713416,7.6580891609191895
1167,94.69977944630274,0.07540858691001649,7.993603013146282,6.0877768993377686
1168,94.50278165183971,0.07558783437424965,7.993666983014819,3.3418760299682617
1169,93.8777538353213,0.07576945603050715,7.95373031318467,1.5155072212219238
1170,93.75897629696809,0.07586542000678745,7.9541930100528235,3.792965888977051
1171,93.1813865339984,0.07621787691783068,7.924651079952295,1.6859877109527588
1172,92.78957266865842,0.07656680925976347,7.915404569152773,2.5460314750671387
1173,92.46167694197183,0.07663447450049918,7.896250523461244,2.674159049987793
1174,93.29706017255212,0.07672040248276692,7.977288018226632,7.879357099533081
1175,93.6140895708266,0.07667319845793924,7.997515138044365,5.631189584732056
1176,94.44794867511833,0.076640929750196,8.057539986663922,8.13170599937439
1177,93.78346918836715,0.07658880616697974,8.006964586797283,1.3266468048095703
1178,93.50563449648348,0.07673200901440086,7.99689494092931,3.065833568572998
1179,92.88057815151865,0.07660985021457943,7.9469259915200166,1.4369783401489258
1180,96.95177237000347,0.07596375171243364,7.937456731604817,22.564114332199097
1181,98.49225464630344,0.07580172375706229,8.018082164288769,11.476083517074585
1182,98.46733209984039,0.07608537318615832,8.047901342645881,4.322944402694702
1183,98.31265877884198,0.07628837487598349,8.057422329219422,3.8830974102020264
1184,98.91953219105356,0.07628020810835573,8.106848105927229,7.396773815155029
1185,100.19033686914302,0.07618112284143146,8.185779624867957,10.51242446899414
1186,99.8084335004516,0.07606447290333972,8.153921828619279,2.832669734954834
1187,99.99034916544709,0.07581230275057751,8.142382610333087,5.324508428573608
1188,100.33044567379261,0.0758750752454598,8.180958784229755,5.854652166366577
1189,99.48714121705468,0.0757413244930052,8.119149196387458,0.6901369094848633
1190,99.06226980488412,0.07568566563404007,8.087957704423584,2.545977830886841
1191,99.80164710683529,0.07573805753261297,8.157078127379348,7.83126425743103
1192,99.54363063576693,0.0756563526329625,8.135507346105555,3.3506476879119873
1193,99.95819432940925,0.0756090089647889,8.164152272644499,6.6327667236328125
1194,99.12861238611517,0.07602938946337631,8.112510749918053,0.7743380069732666
1195,100.11732626225401,0.07607717637682336,8.201385642418872,9.061341524124146
1196,100.18615299963146,0.07597061022053175,8.199371785994684,4.830778360366821
1197,99.30429146963515,0.07521090411832644,8.127378068134737,0.505681037902832
1198,98.8412485549388,0.07521351205827526,8.096104287453391,2.695509672164917
1199,99.3128360693894,0.07507781529385689,8.115143244578856,6.550640106201172
1200,98.3997077086955,0.07432703714091832,8.043991812133068,0.4156174659729004
1201,99.69571063160855,0.07406622290986001,8.083551894011737,10.186785221099854
1202,100.38875352529246,0.07403561985235904,8.13271637507162,7.5603790283203125
1203,100.15486599003953,0.07446409482266661,8.151389211320904,3.5705437660217285
1204,99.51331733013913,0.07510834276332883,8.129875319207695,1.6842737197875977
1205,99.40818415683773,0.07525613574018991,8.138576566015617,4.073223352432251
1206,100.42410231526937,0.07505083806438005,8.17719080035546,9.03575611114502
1207,100.28986129211667,0.07510492738488567,8.175418892351905,4.0168867111206055
1208,100.5369626791955,0.0751538781110368,8.203664703428386,5.551246643066406
1209,100.22159305240353,0.07541683208354961,8.201628056394101,3.126879930496216
1210,100.6893771218795,0.07541096308244201,8.23961177583016,6.661047458648682
1211,100.36248335066071,0.07539214756926464,8.217215658071858,3.259530544281006
1212,100.08885851715411,0.07559713020316104,8.21504350149114,3.289684295654297
1213,99.41796993198257,0.07544721950719004,8.162893066476228,1.3679397106170654
1214,99.43379023266274,0.07548482652003893,8.171264135811466,4.595927476882935
1215,99.94945233033611,0.07532600474490476,8.189551494453351,6.839142084121704
1216,100.48995780703275,0.07541690054161156,8.247655979508817,6.958036422729492
1217,99.67505822896243,0.07571536311514282,8.195179419713728,0.8363378047943115
1218,99.6683076466728,0.0757662902920722,8.203227625516591,4.4875710010528564
1219,99.73162457020608,0.07566900474764204,8.201195349261425,4.85572361946106
1220,99.26430832450401,0.07547835243601468,8.15918339576881,2.398054361343384
1221,99.02166524125897,0.07552356891165453,8.147591561811122,3.4540793895721436
1222,100.36144858884639,0.07524043622682983,8.18611564619301,10.675002098083496
1223,99.89783410295793,0.07522877260530227,8.15425448973108,2.511683702468872
1224,99.09885576192835,0.07547648487924924,8.10271194483377,0.9018502235412598
1225,98.95786720430905,0.07554524944222145,8.101684825385432,3.8387513160705566
1226,99.54828853226596,0.07561258175792582,8.160667977131578,7.1946024894714355
1227,99.12280564694329,0.07538277172982023,8.119061297360261,2.5949065685272217
1228,99.32157759047385,0.07530121292008506,8.127870684386659,5.539273023605347
1229,99.6583618145691,0.07537526846005713,8.166591977542792,6.110036849975586
1230,99.75177819642342,0.07553894696811711,8.194926057767363,5.113768815994263
1231,100.89426041445918,0.07548449207787518,8.27297679718969,9.650159358978271
1232,101.21531781031459,0.07525596294657011,8.270247029217794,6.250868558883667
1233,101.59316463221144,0.07536671266962239,8.317544558925617,6.388829231262207
1234,101.80723298588933,0.07518215123398307,8.31436911333636,5.604425430297852
1235,100.87916065603044,0.07443032972164323,8.241225422202996,0.38964295387268066
1236,101.28036904947012,0.07432432429676723,8.258813167980966,6.367832183837891
1237,101.16756535897542,0.07446996994268844,8.266225036301156,4.167034864425659
1238,101.18588970538566,0.07459905665102855,8.283562785938145,4.661780118942261
1239,101.2240308083318,0.07442449465594683,8.270727158078763,4.81426215171814
1240,102.32179050024848,0.07424897008853427,8.318019886497977,9.501999855041504
1241,102.488572595246,0.0743468165221027,8.344839687632996,5.505601406097412
1242,101.84368686929353,0.07491913783056589,8.321391290756667,1.8012969493865967
1243,102.1352500006006,0.07478063347516099,8.3281773778491,5.9872283935546875
1244,103.04389750059461,0.07475821574144566,8.394895604070609,8.936193227767944
1245,103.96345852558866,0.07462601819941582,8.440946648029904,8.607906103134155
1246,104.06382394033278,0.07475695099987781,8.466537181549604,5.180601358413696
1247,104.71318570092944,0.0747786122591098,8.521871809734108,7.814797878265381
1248,104.72605384392016,0.07487988274029228,8.536653091636767,4.836664438247681
1249,104.97879330548095,0.07505416083596629,8.5812865607204,5.934244394302368
1250,104.32900537242614,0.07555361922760663,8.555473695113196,1.9192910194396973
1251,104.52571531870187,0.07544324432565314,8.559918958162065,5.8304762840271
1252,105.52045816551485,0.0753260667843574,8.614319768580446,9.15731430053711
1253,104.7952535838597,0.07487583641954412,8.54817657089464,1.5841097831726074
1254,104.6473010480211,0.07490485583312646,8.542694805185693,4.146857023239136
1255,106.07082803754089,0.07464163723430937,8.587267857133837,11.27229642868042
1256,106.65011975716548,0.07468790378879554,8.6413951785625,7.427371978759766
1257,105.70361855959383,0.07477435808424092,8.574981226776874,0.5973026752471924
1258,105.18658237399791,0.07476735524413924,8.539231414509105,2.42411732673645
1259,104.55471655025794,0.07449587216788833,8.483839100364014,1.9617271423339844
1260,105.10916938475535,0.07437591344620945,8.509000709360373,7.159779787063599
1261,104.9880776909078,0.07449236936551079,8.51391070226677,4.279010057449341
1262,105.80819691399873,0.07444263283763108,8.568771595244103,8.544899702072144
1263,106.04011494485874,0.07439588092785943,8.583083879291662,5.860294342041016
1264,106.58971379541015,0.07433515193224544,8.617253040498744,7.266610145568848
1265,106.53381665745606,0.07428486971985368,8.611080510093757,4.636576890945435
1266,106.6484784908815,0.07421998712435006,8.614969704992818,5.600165128707886
1267,106.07199370597269,0.0742941137837188,8.578820007942891,2.2858753204345703
1268,106.52127376891296,0.07421342430151075,8.603031807863461,6.991240978240967
1269,106.17606103122382,0.07486017894738452,8.627001489784826,3.2159736156463623
1270,109.9343004209116,0.07423605848571149,8.610731474886977,22.043349504470825
1271,109.09495741670248,0.07464754405470053,8.564624160138106,1.099672794342041
1272,108.11400784253546,0.07390106861415352,8.488977918536724,0.626101016998291
1273,107.5828677641101,0.07388933065528472,8.454088139351358,2.554133415222168
1274,109.387039086469,0.07356710401539854,8.499547257957845,13.266072034835815
1275,109.10316869560431,0.07344871692586184,8.474551785378267,3.756209135055542
1276,109.12213700864827,0.07352504056741405,8.489806267524484,5.075275897979736
1277,108.12091563856178,0.0727897901617399,8.414908204849239,0.4065399169921875
1278,108.38970648217615,0.07295078114901139,8.460759122800747,6.1466333866119385
1279,107.5058094173544,0.07272127333752128,8.39615153157274,0.9792239665985107
1280,107.61075132318086,0.07284151823126471,8.42219001625701,5.231622695922852
1281,108.47464380994906,0.07278320614173557,8.477968116094441,8.80073094367981
1282,108.35989737184957,0.07298320913186461,8.493188434933497,4.428429841995239
1283,107.49629839813107,0.07316246794963688,8.438256550584162,1.0114388465881348
1284,106.86133541414976,0.07356720690650413,8.413873985078322,2.0640907287597656
1285,106.95272206000826,0.07343498311330117,8.40973524522754,5.3178229331970215
1286,106.80319483940818,0.07378758980390727,8.435637892775263,4.213921546936035
1287,108.4951628910141,0.07359319216673776,8.51128151384751,12.763779401779175
1288,110.45021126210396,0.07328489182401776,8.566168698709037,13.708701848983765
1289,110.55570914948292,0.07337848918676933,8.590507011721945,5.380024433135986
1290,110.14015205798809,0.07336934197606106,8.564601941604726,3.1447384357452393
1291,109.8187505374082,0.07353308445373634,8.558955922188678,3.443997621536255
1292,110.04056303203411,0.07347957179101716,8.57336636296679,6.0638861656188965
1293,110.68015740171377,0.07360684503862423,8.647632699337123,7.875096321105957
1294,110.43335582769663,0.07356845100684263,8.631156372343751,4.037137269973755
1295,109.97902226941967,0.07390968957369727,8.624844808620313,2.875983715057373
1296,112.96923204672548,0.07351289096646885,8.68859636053411,18.67923903465271
1297,113.30953972625822,0.0735940885874164,8.731710396928769,6.694509267807007
1298,112.72644432899564,0.07340360224699677,8.68439329295948,2.5977485179901123
1299,113.41917988570567,0.07343879699375758,8.747549360029886,8.299096584320068
1300,112.92498808684861,0.07364190902381999,8.730073866429587,2.8966023921966553
1301,112.12573820598013,0.074117611145703,8.69277312776529,1.528996467590332
1302,111.87448082392034,0.07418103273539539,8.685845396487638,3.9755163192749023
1303,111.34573601568114,0.07411718850973635,8.648986942522763,2.733861207962036
1304,112.05227865552432,0.07403535728397964,8.692497073097536,8.517984867095947
1305,113.22175586896908,0.07386268930065949,8.74557210236656,10.452565431594849
1306,112.2095383102794,0.0731240624076529,8.668116381342895,0.5178704261779785
1307,111.62744292717662,0.07350393289468747,8.651435217529466,2.6266894340515137
1308,110.58116849790484,0.0727688935657406,8.574920865354171,0.3247203826904297
1309,109.6253568129258,0.07270787129674985,8.509171656700628,0.6003038883209229
1310,109.75910324479655,0.0726311990878474,8.514079940133621,5.703812599182129
1311,110.53151221234859,0.07249312239108659,8.548939140732283,8.672932147979736
1312,109.6361970902251,0.07367295307193764,8.51344974932496,1.0518617630004883
1313,108.74983511932284,0.07436479496978969,8.46831525183171,1.028939962387085
1314,107.81233676812961,0.07428781368675845,8.403632099313391,0.7236282825469971
1315,108.60421340044832,0.07429359865149514,8.469595778320258,8.38079023361206
1316,109.16817126644384,0.0741567232710408,8.494899820537055,7.530868291854858
1317,109.17648955377939,0.0743242469474213,8.519950822331683,5.025373697280884
1318,109.3047246582416,0.07456461103532414,8.564751314108367,5.496877908706665
1319,108.79167741165918,0.07450862009738468,8.529103800967285,2.656651496887207
1320,108.7437606375426,0.074917380050257,8.573812762957612,4.7126030921936035
1321,109.14632303116716,0.0749735753772712,8.618074635328037,6.9852540493011475
1322,109.19485980085548,0.0749255940094634,8.621893888974757,5.209792137145996
1323,108.19291120284693,0.07417633806936877,8.54567495008501,0.5651180744171143
1324,107.85098209081845,0.07438052063462103,8.54021820058416,3.4174396991729736
1325,107.49247226991027,0.07460893765049705,8.534816018578319,3.2800774574279785
1326,107.73754754721115,0.07462042403156784,8.559467858392535,5.9831366539001465
1327,108.23017207173903,0.07457485673392732,8.59387317980861,7.241442441940308
1328,107.88787035102163,0.07463991897739886,8.577934448010524,3.380268096923828
1329,107.42899164751142,0.0746999714005281,8.552155103530419,2.893367052078247
1330,106.78470173103632,0.07534832052373212,8.536633552495115,2.087428569793701
1331,107.33685471372596,0.0752738496641738,8.571267216970163,7.383174657821655
1332,107.22348616658869,0.07556277783419872,8.59555454480046,4.4490931034088135
1333,106.7912513049228,0.07574465005585673,8.579598999352456,2.890336751937866
1334,106.72333879187357,0.07608720355529817,8.61380300935893,4.564769506454468
1335,107.35610540395484,0.07585574328445106,8.62766497926534,7.957977771759033
1336,107.7225443499153,0.07579163029605099,8.651388329472686,6.722589015960693
1337,107.61531890641614,0.07606464182814202,8.67487444617796,4.456727743148804
1338,107.38916571735197,0.07589223070397824,8.64812570171618,3.8788297176361084
1339,106.75527406017845,0.0762696720333021,8.621644444699019,1.984548807144165
1340,105.78772131957666,0.07550697531296907,8.545428000252029,0.4290940761566162
1341,105.02984410638089,0.07575190555983938,8.499973720249507,1.3919291496276855
1342,105.69954566531707,0.07569206092284562,8.544973983047013,7.905075788497925
1343,105.4225502086639,0.07557616595464281,8.519524243216544,3.53413724899292
1344,104.82832470657726,0.07590736081683551,8.49432900078438,2.1388394832611084
1345,105.1500414595115,0.0760971923181562,8.549385710776535,6.287787199020386
1346,104.59854104491639,0.07633622039497465,8.52389185366877,2.3382954597473145
1347,103.97255563446723,0.07604904866721537,8.468652935132083,1.928619146347046
1348,104.05283007812255,0.07609212960911466,8.48396640578076,5.253762722015381
1349,104.84230177734132,0.07609623563542788,8.549126741722953,8.410407781600952
1350,104.1838787595679,0.07610450404830436,8.503635474305723,1.8246769905090332
1351,104.40203997197223,0.07605774472210702,8.518599119562666,5.956231355667114
1352,104.28801957225251,0.0761573823286494,8.52341312836704,4.146988868713379
1353,104.14513937652998,0.07617358628314068,8.51817899708337,4.049664497375488
1354,103.72368798276469,0.07589572138805122,8.472997207112535,2.824164628982544
1355,104.99645110293704,0.07561295465036118,8.508267235041409,10.443384647369385
1356,105.61648659190767,0.07557538797810906,8.553184562690996,7.671446084976196
1357,105.9203217259886,0.07570198703950444,8.597652717064086,6.1612935066223145
1358,104.97111850872871,0.0749449671691094,8.521676189893446,0.528778076171875
1359,104.85140732364142,0.0752707863146226,8.546459427994511,4.368224620819092
1360,104.28289325040501,0.07535141178480971,8.510994833714568,2.1942803859710693
1361,103.75006431790096,0.07597044668656945,8.505884885377423,2.2936244010925293
1362,103.61256367472195,0.07609963110859264,8.510826036523648,4.270827054977417
1363,105.08643803797474,0.07581672244690911,8.555717776158412,11.491820096969604
1364,104.375573657595,0.07564679051655768,8.500160598396826,1.5878691673278809
1365,104.57181792101905,0.07577741938558565,8.535158992412857,5.766385793685913
1366,105.52609974180885,0.0757696451917298,8.609807402488729,9.108289241790771
1367,105.49083874439076,0.07589430168098897,8.62370932846384,4.586255311965942
1368,105.11593035694686,0.07631182925241438,8.627472235179201,3.1604623794555664
1369,105.8147710533774,0.07623442524560452,8.67119751282741,8.054314613342285
1370,106.40662334284363,0.07638117190223939,8.744485537699136,7.50420880317688
1371,105.80255710941519,0.07670431670495612,8.717040682322144,2.2108869552612305
1372,105.36453153832105,0.07674372515080978,8.689870275498924,2.77662992477417
1373,105.41088622293783,0.07670356062657441,8.692971572743934,5.095714569091797
1374,106.08677736070845,0.07634114929776531,8.686041857016495,7.95560359954834
1375,106.74590958710137,0.0762754122233923,8.72918143844633,8.071332931518555
1376,107.28845049123035,0.07619588791482299,8.761889624061867,7.24188756942749
1377,107.81556598631803,0.07624642903567475,8.814270727821249,7.528737306594849
1378,108.52741032645486,0.07615435580677052,8.856128020543037,8.342041969299316
1379,108.8521362231903,0.07638572005012126,8.917566740337607,6.516375780105591
1380,108.8936148609584,0.07632982745138996,8.91839107293423,5.375662803649902
1381,108.42467871234881,0.07621169046719864,8.879207162204889,2.921247720718384
1382,108.14043192522531,0.07619957356252666,8.86041509058284,3.571890115737915
1383,108.83902760597306,0.07616791490555307,8.911810939677013,7.995252370834351
1384,108.13063732991333,0.07645886733544491,8.872692830280243,1.720578670501709
1385,108.1293309566142,0.07662020458801638,8.89396590197744,4.9070703983306885
1386,108.58803764704805,0.076633223321357,8.935026242957667,6.962379693984985
1387,108.17215727057757,0.07646390601351656,8.895675980528091,3.030514717102051
1388,108.0604356978718,0.07652400922142262,8.89671922072281,4.513722658157349
1389,108.43983134089306,0.0766491800881125,8.947752028515582,6.851553916931152
1390,108.72543302748414,0.07668560799526059,8.978274508230426,6.207356691360474
1391,107.8381786972093,0.07641875191530798,8.90849176314812,0.9817242622375488
1392,107.98979691023722,0.07638627171322807,8.919406845516638,5.678513288497925
1393,107.23989894113484,0.07683453020821698,8.880212777061473,1.565889596939087
1394,107.23749995172348,0.07681384845753668,8.881410649290858,5.061124324798584
1395,108.51512495220624,0.07668400784530174,8.95259654279795,10.662460327148438
1396,110.11997370268416,0.07651196330588218,9.03307057736997,12.57499098777771
1397,111.15877396565732,0.07644777825226261,9.10273987159627,10.02649188041687
1398,111.45718622600074,0.07695989621442083,9.201712472880308,6.555354118347168
1399,111.64261436374073,0.07711337417535355,9.239695348151505,5.985464096069336
1400,111.05618822010332,0.0772856366600151,9.20729839466999,2.54608154296875
1401,111.60562633790228,0.07723567185968001,9.245225410723291,7.668789625167847
1402,112.62957007452326,0.07716424972052247,9.312773156616059,10.796004295349121
1403,112.34327437377803,0.0773449881756982,9.309645425049897,4.400789737701416
1404,111.78984163004024,0.07744873127639736,9.276548970799398,2.688500165939331
1405,112.57194321373984,0.07725319133205444,9.303783481091404,9.19206953048706
1406,113.40622378160243,0.07724596554118286,9.37074564628049,9.14657473564148
1407,114.0921615437864,0.07724273665500181,9.427038189817685,8.368969917297363
1408,115.67123992834854,0.07698501517080474,9.482767807919508,12.373313665390015
1409,114.86452752906504,0.07735802216195382,9.437940129840314,1.5894882678985596
1410,115.7558822537744,0.07722169684229507,9.483560728541912,9.308002233505249
1411,115.76832343123665,0.07747512089951315,9.518725121256493,5.56117057800293
1412,117.52064019692428,0.07728456213038057,9.603537870043928,13.553508520126343
1413,117.54543379495503,0.07717838317574342,9.597502491343489,5.551997184753418
1414,119.15997945700549,0.07708760292821537,9.701527466430054,13.194546461105347
1415,118.72837966243544,0.07750093742524901,9.704512191765753,3.5371079444885254
1416,117.62109586581109,0.07672592805099651,9.617467069848095,0.3532979488372803
1417,118.10488490715296,0.07668156033675161,9.651292399149614,7.604214429855347
1418,117.67383605808143,0.07684807806671742,9.634779475158119,3.3744046688079834
1419,116.75709769750063,0.07646421267066564,9.558431680406537,1.172370195388794
1420,117.58952672052561,0.07629957054395899,9.592847363602472,9.199690103530884
1421,117.86363145332035,0.07615726449369181,9.596918889966446,6.695138454437256
1422,119.28499513878714,0.07604953800260104,9.680949701066782,12.170588970184326
1423,119.21214518739927,0.07609261405114646,9.684140204056114,5.272481679916382
1424,118.39002373552529,0.07614249872144582,9.627298802015552,1.724588394165039
1425,119.44612349817002,0.07605071659137422,9.691025813995397,10.493563890457153
1426,119.23166226318833,0.07590245432341965,9.664115555855444,4.530365467071533
1427,119.30934564055644,0.07608831166994924,9.69747440029689,5.6784021854400635
1428,120.77625218415088,0.07585374434272343,9.750499656293922,12.343803405761719
1429,121.73848966230936,0.07574036818961878,9.802994659730983,9.913683891296387
1430,121.03110476568628,0.07635551352733044,9.784964713133673,2.3841664791107178
1431,119.96079371802942,0.07630624410634285,9.707115066002336,0.6048083305358887
1432,120.08118578084913,0.07630075742285518,9.720043915342313,6.132649660110474
1433,120.19037392304064,0.07614843687152739,9.712843476188889,6.086122751235962
1434,121.03847018381023,0.07611865981988529,9.775715041427,9.401396036148071
1435,120.91808548197213,0.07636664753361305,9.797957891012729,5.157353162765503
1436,120.51890462715241,0.07646717858914112,9.779978312102601,3.7396039962768555
1437,119.51371558088088,0.0762025068032497,9.702178528981575,0.8788437843322754
1438,119.64857842507207,0.07626754940439014,9.725156743691759,6.202790021896362
1439,119.04209264082135,0.07669131458831233,9.707905176254842,2.726693630218506
1440,118.96167171441314,0.07664512216314993,9.700826124492293,5.162018060684204
1441,120.152054997269,0.07655093984908146,9.77381786324737,11.23642349243164
1442,120.46053444729633,0.07671258276847143,9.826079684614896,6.987677574157715
1443,120.74592910282335,0.07688505425622295,9.877818887768747,7.232216119766235
1444,120.17846981179513,0.07705370371366072,9.84904069889106,3.0962460041046143
1445,120.82668511367717,0.07693181532517276,9.88055029190215,8.35287880897522
1446,121.2484182625404,0.07702139287744252,9.931744788983128,7.421867847442627
1447,120.49593407991499,0.0771207441660594,9.882427341093297,2.1760170459747314
1448,119.89097473911583,0.07751620339106546,9.863603067682364,2.662980556488037
1449,119.23206499172468,0.07822252283863629,9.85496703700554,2.619149684906006
1450,119.38974434180743,0.07840326057321288,9.896417366635486,6.199225425720215
1451,119.48584689838935,0.07847194114577533,9.91745319296913,6.068573474884033
1452,118.87098842940546,0.07854929069983481,9.87827866103944,2.639303207397461
1453,119.0122785451114,0.07874124140185902,9.919495874429046,6.432304859161377
1454,119.7221557596603,0.0786906710931036,9.970300915684756,8.833424091339111
1455,120.46493420206369,0.07862541386670864,10.02059790652791,8.85333800315857
1456,120.08028486004304,0.07832696460609033,9.97039192746263,3.793180465698242
1457,120.6994820114426,0.0783129257292602,10.020688008188005,8.33896780014038
1458,120.12248719132816,0.07832344726561839,9.980481128106126,2.9742209911346436
1459,119.75126231941488,0.07874503207007064,9.990676316825065,3.8083484172821045
1460,120.27374969622073,0.07882967477262574,10.050769553656814,7.919043064117432
1461,120.10101219925852,0.07881807705402569,10.040261858120246,4.741686582565308
1462,119.78000207726593,0.07893898719257635,10.029859239539043,4.101686716079712
1463,120.31220205649328,0.07907445281198006,10.099560647143653,8.00014352798462
1464,120.58908003592835,0.07895938395953592,10.108565040672216,6.801814079284668
1465,120.35318923556906,0.07909762517148695,10.107479390265494,4.347181558609009
1466,119.98965734321337,0.0790209346340578,10.07640459636284,3.8559250831604004
1467,120.17976076978123,0.07916597708627836,10.115640550399212,6.47413444519043
1468,120.98796316208342,0.07922008845969418,10.194484144895219,9.20280408859253
1469,121.06808353046259,0.07943563951308173,10.232539303446266,5.879730463027954
1470,121.87740269515795,0.07923534252389151,10.260213910411805,9.135239601135254
1471,121.01862866820638,0.07899854465420816,10.187611771307687,1.584362268447876
1472,120.84844238152432,0.07926625151535838,10.205735653594608,4.811694383621216
1473,120.60995795770907,0.07940142405175118,10.203678297058662,4.552882671356201
1474,120.52385837813199,0.07967883838266224,10.231641514088077,5.336641073226929
1475,119.42861979435067,0.07888204999883561,10.139325098947195,0.525639533996582
1476,119.69433359640715,0.07884665415638151,10.157931847957721,6.862110614776611
1477,119.28739026044308,0.07894426356418478,10.136352529478144,3.6577465534210205
1478,118.38451635783865,0.07918930368716362,10.074989004183362,1.346012830734253
1479,117.26067119426027,0.07839741065029199,9.984239114141527,0.27289462089538574
1480,117.02806448231766,0.0785708833522997,9.984396723000112,4.332964897155762
1481,116.68778383749448,0.07886951186817429,9.98455275577011,3.9922924041748047
1482,116.38090599911953,0.07912732837739953,9.98470722821241,4.005292177200317
1483,117.03709693912833,0.07921517597274641,10.054860155930285,8.241248846054077
1484,118.01672596973705,0.07916721025953057,10.124311554370982,9.896258115768433
1485,118.31655871003969,0.07911878140017851,10.143068438827271,6.934800863265991
1486,117.40339312293928,0.0786979639565471,10.061637754438998,1.3002068996429443
1487,116.4593591917099,0.07878054953437293,9.991021376894606,1.2219793796539307
1488,115.89476559979279,0.07882607737236254,9.95111116312566,2.7740859985351562
1489,115.09581794379486,0.07914892770975002,9.901600051494404,1.6867196559906006
1490,115.23485976435691,0.07959774851017189,9.97258405097946,6.039058446884155
1491,115.18251116671334,0.07961995284325198,9.972858210469665,5.009281873703003
1492,115.1206860550462,0.07946595514968184,9.953129628364968,4.9968650341033936
1493,115.60947919449575,0.07958592974452648,10.013598332081319,7.652467727661133
1494,118.5633844025508,0.07922802665146078,10.103462348760505,19.283604621887207
1495,118.4677505585253,0.07944492069687278,10.1224277252729,5.04326868057251
1496,118.98307305294004,0.07953282443108053,10.18120344802017,7.7751264572143555
1497,118.98324232241063,0.07949379870777813,10.179391413539967,5.420525312423706
1498,118.04340989918653,0.07909886072070035,10.097597499404568,1.170079231262207
1499,118.32297580019465,0.07912978992171253,10.126621524410522,6.694475173950195
1500,118.5997460421927,0.07936588928276937,10.185355309166416,6.761375904083252
1501,118.35374858177077,0.07952967719845232,10.183501756074751,4.367447137832642
1502,117.65021109595307,0.0799843804264678,10.151666738514004,2.18692946434021
1503,118.27370898499353,0.08012898106664756,10.230150071128865,8.310974359512329
1504,117.3209718951436,0.08063203908206805,10.167848570417576,1.100325107574463
1505,117.62776217619216,0.08063652950205819,10.196170084713401,6.750749588012695
1506,117.18148455443024,0.08092605461799651,10.184208383866267,3.5587704181671143
1507,117.46966970888593,0.0808702187293508,10.202366300027602,6.654513597488403
1508,116.54497301179707,0.08086151654205728,10.130342637027326,1.215651035308838
1509,116.6695232816791,0.08082809517508632,10.139039210657051,5.786872863769531
1510,117.68282804886232,0.08070788761783086,10.197648818550482,9.971227645874023
1511,118.5259997683737,0.08064338299907829,10.255672330364977,9.288858890533447
1512,119.47073977068995,0.08072896794843024,10.353115607061326,9.70386004447937
1513,119.60603237298304,0.08082393390804367,10.379584450990714,6.1323771476745605
1514,119.65997204925321,0.08097569456896324,10.405788606480808,5.592837810516357
1515,120.31337232876068,0.08092269438003036,10.451730720416,8.551105499267578
1516,119.61023860547307,0.08091346743623005,10.39721341321184,2.3364410400390625
1517,119.48413621941833,0.08103891220112008,10.40324127907972,4.891233205795288
1518,119.39929485722415,0.0810393338899197,10.399208866288923,5.077250003814697
1519,119.63530190865191,0.08106810139018135,10.425216777626035,6.561774492263794
1520,119.3289488895654,0.08138101588189751,10.430964609849774,3.979764699935913
1521,119.57565940066974,0.08133109461196743,10.446654963751275,6.645049333572388
1522,119.37990280666304,0.08161778366584775,10.462188414113761,4.53788685798645
1523,119.63610377859641,0.08176712307056858,10.507566529972625,6.6063477993011475
1524,118.57974274081045,0.08237802326843432,10.432490864672898,0.6510138511657715
1525,119.50394531340234,0.08221775014475473,10.478165956026169,9.645730018615723
1526,119.81890586026832,0.08238895012675089,10.533384296465908,6.873313903808594
1527,119.39071680166563,0.08221441127483403,10.488050453501248,3.667801856994629
1528,121.16680963364898,0.08196465773447627,10.563169948966236,13.602813005447388
1529,122.22514153731248,0.08171769838180111,10.597538249476573,10.436758756637573
1530,121.81289012193936,0.0820116325090942,10.591562866981807,3.6339824199676514
1531,121.45476122071996,0.08247058595144512,10.605647238311988,4.051575183868408
1532,121.44021360851276,0.082479213425264,10.609590765928868,5.661149501800537
1533,121.03581147242764,0.0823951620317521,10.57349485826958,3.8149383068084717
1534,120.64545335770336,0.08254682016753213,10.557759909686885,3.751626968383789
1535,120.53899882412632,0.08253953378403862,10.552182310590016,5.257185697555542
1536,120.57360883588505,0.08260123522039178,10.566660487484116,5.892629861831665
1537,121.6678727475262,0.08255783156384004,10.650993882609274,10.78640103340149
1538,122.74119402005094,0.0822126025931798,10.66448394378318,10.745940923690796
1539,122.84378207985043,0.08221754423642093,10.677839104345347,6.19232964515686
1540,121.94534425905192,0.08230445970314763,10.611060713301892,1.555997371673584
1541,121.5058908164614,0.08237885100355205,10.584950106168874,3.5753655433654785
1542,120.47083190829679,0.08211061804907209,10.499100605107184,0.866422176361084
1543,121.31612358921382,0.08221634113687405,10.594109599056111,9.59663724899292
1544,122.05296235332167,0.08221469054601813,10.65816850306555,8.730620861053467
1545,122.18243272978845,0.08220735845537275,10.671586818034893,6.1976447105407715
1546,121.94060840249057,0.08250773385041085,10.684870949854544,4.51977276802063
1547,122.71120231846565,0.08238617409984644,10.728022240355997,9.456764221191406
1548,122.914090295281,0.08233154312807875,10.740742017952437,6.384905815124512
1549,122.9149493923282,0.08248383745289552,10.763334597772912,5.635524034500122
1550,122.24579989840491,0.0825518562212237,10.715701251795183,2.5820229053497314
1551,122.03334189942086,0.08281544656990256,10.72854423927723,4.810336112976074
1552,121.85300848042665,0.08304498441189583,10.741258796884457,4.76253867149353
1553,122.12447839562238,0.08315413188321312,10.783846208915612,6.824370384216309
1554,121.23323361166615,0.0829286511704416,10.706007746826456,1.5447404384613037
1555,121.2009012755495,0.08303156804856769,10.71894766935819,5.474992752075195
1556,121.39889226279399,0.08298139421205364,10.731758192664607,6.51520299911499
1557,120.35490334016605,0.08273981556405076,10.644440610737961,0.8368923664093018
1558,120.00135430676438,0.08285359387899849,10.62799620463058,3.9906439781188965
1559,120.35134076369674,0.0827992514885956,10.651716242584275,7.111915826797485
1560,120.47782735605978,0.08294870258273221,10.685199080158432,6.294633388519287
1561,120.44304908249919,0.08297391641160574,10.688347089356848,5.466952323913574
1562,119.47861859167419,0.08339417724748968,10.621463618463277,1.1021723747253418
1563,119.80383240575745,0.08354707758027795,10.675248982278644,7.160530090332031
1564,119.95579408169986,0.08360049569336406,10.698496492455858,6.2434892654418945
1565,120.57623614088286,0.08353372150566118,10.7415115275313,8.190520524978638
1566,119.88047377947403,0.08367877644746731,10.694096412255988,2.5341007709503174
1567,123.42166904167928,0.08320063847202218,10.767155448133428,21.84912371635437
1568,123.5274523512625,0.08304027387834673,10.759483893652094,6.1462883949279785
1569,123.02217782774987,0.08303178894778243,10.721889054715573,3.278536081314087
1570,123.31195604947237,0.08312252368988356,10.764670164168418,6.8500707149505615
1571,122.58883648897765,0.08327169060984746,10.717023462526734,2.358919620513916
1572,123.26294812408787,0.08317581580901215,10.759853227901468,8.618956327438354
1573,123.24031864284699,0.08341843781621128,10.792254695622454,5.560129404067993
1574,123.98791545641852,0.08319031404410977,10.81433214866623,9.00510549545288
1575,124.36803630185433,0.08303742324934768,10.826188827179566,7.43645453453064
1576,123.87435593883579,0.08314038235018753,10.79792693890777,3.5218608379364014
1577,124.48561237944743,0.08322789744560458,10.869947669518691,8.472543954849243
1578,123.74075625565295,0.08299561847114853,10.801248192823502,2.409879207611084
1579,122.94334869309642,0.08284748046825523,10.733235710895267,2.159834861755371
1580,123.79391520616545,0.08274015950972652,10.785903353786313,9.603586435317993
1581,124.8659760541038,0.08264868865055999,10.85804432024845,10.75733733177185
1582,124.65731629356276,0.08278374022559284,10.859463877045965,4.665924072265625
1583,125.06074313062713,0.08292559979303388,10.920869238275504,7.588052988052368
1584,124.36013569932085,0.08282361652237627,10.86166054589275,2.5846588611602783
1585,124.10653434232763,0.08320750156927371,10.883043940433824,4.680014610290527
1586,124.65546899890437,0.08321341538039662,10.934213501029486,8.460869073867798
1587,124.04891430891533,0.08316253122659265,10.884871366019192,2.9731903076171875
1588,122.92842516582618,0.08399757258099338,10.806022652359,0.5120639801025391
1589,122.97914091416793,0.08409509685518345,10.82796242583541,6.040314197540283
1590,123.68934950502624,0.08407888815467285,10.889682801577056,8.91431999206543
1591,123.65245600997598,0.08432143260645945,10.920785973561285,5.634320259094238
1592,124.11593144987621,0.08430174769215956,10.961578113825674,7.735244512557983
1593,124.36477213537745,0.08426409934275474,10.981962332687418,6.844457149505615
1594,123.22112441402366,0.08342145834932718,10.882142709360544,0.397111177444458
1595,122.81891316988343,0.08403302689836403,10.903321282266939,3.8444674015045166
1596,122.94072403818458,0.0840075114441952,10.914288069444268,6.241595029830933
1597,122.94131679780274,0.0838178428338183,10.895145188749826,5.711745262145996
1598,122.23190362982471,0.08374889517471089,10.836193736862327,2.412877082824707
1599,121.17958459352647,0.08349964151708143,10.747831799493703,0.7878849506378174
1600,120.5377887475912,0.08336639948787553,10.690353481498766,2.5263962745666504
1601,120.03241086011528,0.08338987835013963,10.653449946683779,3.2769904136657715
1602,119.46208675151412,0.08350836051901918,10.616915447216941,2.8571617603302
1603,118.71746588399898,0.08378438802494009,10.570746292744772,2.178924798965454
1604,120.320291225159,0.08359170543501326,10.655038829817324,12.87890887260437
1605,119.6170883129074,0.08335578838066314,10.58848844151915,2.276061534881592
1606,119.92091742977833,0.0835222304968565,10.642603557103959,6.941300392150879
1607,120.33170825548055,0.08355657340927924,10.686177521532919,7.347485065460205
1608,121.71839117292575,0.08333876829294706,10.74931574631759,11.962163925170898
1609,122.08120726119648,0.08332816542014418,10.781822588854414,7.315144777297974
1610,122.12039518858452,0.08360599487705384,10.824004362965871,5.736663103103638
1611,121.46919123669868,0.08417344370021312,10.805764319336213,2.7034380435943604
1612,120.56449932433169,0.08462203184385617,10.747706676142851,1.3690237998962402
1613,121.12885433108838,0.08456677197739501,10.790229609381424,8.054796934127808
1614,120.21756578777749,0.08472110425762105,10.72232731328761,1.4136695861816406
1615,119.39539012989971,0.08518968268872906,10.675104040154734,1.7988498210906982
1616,119.11143622860071,0.08532679685085276,10.668352999753186,4.271113157272339
1617,119.6503218663147,0.08522497396904943,10.701669469755654,7.92602801322937
1618,119.87381864765155,0.08521779465189415,10.724652775058098,6.369920253753662
1619,118.80508046117502,0.08513484747460598,10.637406247307517,0.5830903053283691
1620,118.95702965656328,0.08510439452224798,10.651032184834442,6.131474494934082
1621,119.36745935999764,0.0850033505770255,10.674521862986099,7.534103870391846
1622,119.38378476639765,0.0852276972365445,10.707776644356239,5.528665781021118
1623,118.62994691873368,0.08528451117326996,10.650698877912676,2.137024402618408
1624,119.17364744954635,0.08547212848928293,10.734191889133548,7.92147421836853
1625,119.46191097505088,0.08556335315033604,10.776849970242212,6.923245429992676
1626,118.52729186530038,0.08586156577267884,10.70908147053979,1.3025336265563965
1627,118.23201894664739,0.08612654562057004,10.711990655834391,4.012930870056152
1628,117.44969875718091,0.08676528016436434,10.674870749276048,1.7835121154785156
1629,117.7752017696091,0.08683096069605402,10.718122041783287,7.177013874053955
1630,118.127449751913,0.08681232429170786,10.750940821365456,6.9237143993377686
1631,118.06617525439388,0.08683705819164793,10.7534314131518,5.1965012550354
1632,117.03551350184995,0.08663535427639811,10.665897099020281,0.6487240791320801
1633,117.83515836683145,0.08663194489607068,10.739238128030077,8.963687181472778
1634,117.97680678316313,0.08667471635620089,10.761845746749778,6.007375240325928
1635,117.9670387153315,0.08691908030374998,10.794227289282281,5.5175535678863525
1636,118.01736832817818,0.08702549925681004,10.81628501638946,5.514711856842041
1637,117.5371946448964,0.08715524426424194,10.788122166225564,3.200148344039917
1638,117.01182269844745,0.08720676874467645,10.75024094456331,2.947340965270996
1639,116.42170447146297,0.08736918381585036,10.712738535117676,2.633089303970337
1640,116.37748742674835,0.08756692054912042,10.7356111497665,5.22952938079834
1641,116.38371255248086,0.08780236245474032,10.768255038268835,5.339643716812134
1642,115.41987542695605,0.08792433883019292,10.690572487886145,0.8650884628295898
1643,116.7956766726865,0.08779608358418348,10.783666763007282,11.765865087509155
1644,116.43771990595964,0.0879057770693293,10.76583009537721,3.741928815841675
1645,115.96334270690004,0.08804121205225919,10.738171794423437,3.1724374294281006
1646,115.45370927983105,0.08823772300865967,10.710790076479203,3.0121304988861084
1647,115.79917218703274,0.08815534577857308,10.733682175714412,6.735249280929565
1648,116.34118046516241,0.08797967467372853,10.756345353957268,7.742530107498169
1649,115.70776866051078,0.08804327415340633,10.708781900417696,2.474527597427368
1650,114.99069097390567,0.08807193232096318,10.65169408141352,1.9906246662139893
1651,115.73078406416661,0.0880377738443144,10.715177140599385,8.884365797042847
1652,114.88347622352495,0.08844771868651642,10.658025369193393,1.4926512241363525
1653,114.9846414612897,0.08852324149965125,10.68144511550146,5.814285516738892
1654,116.1747950466768,0.08827903472568038,10.734630664346444,10.752690076828003
1655,115.56304709621003,0.08885078983296904,10.71728435770298,2.5739076137542725
1656,116.84741662524793,0.08861801963955739,10.780111514125949,11.424977779388428
1657,116.66894245899545,0.08853992025124262,10.762310398984688,4.6180260181427
1658,116.80225303440548,0.08865452104873019,10.794687294994842,5.99771523475647
1659,117.17423050406143,0.08861213168239873,10.826740422044894,7.034637212753296
1660,116.84248819902082,0.08879743893700331,10.818473017824445,3.8082971572875977
1661,117.14406331703061,0.08879381828912988,10.850288287646201,6.86414098739624
1662,116.97262268386031,0.08880588010623858,10.84178540476974,4.6263110637664795
1663,116.2628964570217,0.08922216913126316,10.803367550722042,2.1086220741271973
1664,116.87026749245148,0.08906441071678668,10.835333875214822,8.343340396881104
1665,117.73156481752696,0.08910972720075182,10.926980536462672,9.395866870880127
1666,117.44424916935169,0.08911750633323867,10.907710731098046,4.093703269958496
1667,119.05980667765819,0.08883565026632205,10.978633623787065,12.781263828277588
1668,118.5992086108816,0.088769211571878,10.938847287549194,3.3272011280059814
1669,119.91321652477279,0.08872151945615922,11.049458814673702,11.777194499969482
1670,119.33408435952506,0.08896333651966214,11.018964226526965,2.8903110027313232
1671,119.08074351592981,0.08903114996297615,11.008774584261694,4.353521108627319
1672,118.81993608077052,0.08900105351710982,10.988686838419078,4.273220062255859
1673,119.57173671996281,0.08888423885822738,11.038799970034887,9.014661312103271
1674,120.00601935276318,0.08873159278866351,11.05841197033454,7.603853464126587
1675,120.39595915923555,0.08878767308719196,11.107827850631194,7.296649932861328
1676,119.5019995676432,0.08854495764664262,11.026749572124881,1.4086635112762451
1677,119.34697957196677,0.08862104653171465,11.026482076403632,4.805777072906494
1678,119.5635097762471,0.08858589989618475,11.046217255639595,6.402458429336548
1679,119.32787467848462,0.0889500408972229,11.0657550830832,4.324787378311157
1680,118.31459593169978,0.08917165159936177,10.985097532252368,0.8774187564849854
1681,117.73144997238278,0.08961326841670149,10.965246556929845,2.820565938949585
1682,117.61413547265894,0.08984921120423257,10.985594091360547,4.870615720748901
1683,116.58799411793235,0.09028405242552359,10.90573815044694,0.7217020988464355
1684,117.16211417675302,0.0902432808667856,10.956680768942471,7.999736070632935
1685,116.41049303498549,0.09053132424859392,10.907113961253046,2.0429491996765137
1686,115.93638810463564,0.09064050375973116,10.878042821640516,3.0527758598327637
1687,115.82702422358928,0.0906864796745148,10.87926239342411,4.907504320144653
1688,114.93875398135337,0.09014998524814002,10.790469769489869,1.210322380065918
1689,115.48936644153984,0.09018966186624686,10.85256507179497,7.624469518661499
1690,115.98447277712445,0.09025746221728136,10.914039421077021,7.641029357910156
1691,115.21462804935321,0.09063693887715982,10.86489902686625,1.8487443923950195
1692,115.51248176885967,0.09069608672976752,10.906250036597589,6.8380889892578125
1693,116.55735695117107,0.09042548949883349,10.947187536231613,10.194437980651855
1694,116.07178338165937,0.09055064636855102,10.917715660869296,3.235464096069336
1695,116.36106554784278,0.09061065714624482,10.958538504260604,6.863881826400757
1696,117.55745489236436,0.09034014379512136,11.008953119217997,10.753354549407959
1697,117.96188034344071,0.09032281830653723,11.048863588025817,7.460505962371826
1698,117.21226154000631,0.09104749710021603,11.018374952145559,1.9861044883728027
1699,116.51013892460624,0.09183914978878834,10.998191202624103,2.1564276218414307
1700,116.87503753536018,0.09190115044776319,11.048209290597862,7.050213098526001
1701,116.22628716000658,0.09194367740482401,10.997727197691884,2.397383689880371
1702,116.32402428840652,0.09205598666252181,11.027749925714966,5.909095764160156
1703,116.79078404552244,0.091871623114915,11.047472426457817,7.428738355636597
1704,116.83287620506721,0.09210993167715427,11.086997702193239,5.5608837604522705
1705,115.98454744301652,0.09243883236038272,11.026127725171307,1.5303382873535156
1706,115.94470196858636,0.0927644440367789,11.065866447919595,5.223703384399414
1707,115.13525494890048,0.09269394245355397,10.995207783440398,1.6401159763336182
1708,114.85390239941148,0.09268654325890348,10.975255705605994,4.069114685058594
1709,114.33536337541736,0.09302951909615571,10.955503148549933,2.8523621559143066
1710,113.67200974166319,0.09293255723852749,10.895948117064435,2.2240350246429443
1711,113.24528964424655,0.09298914715909996,10.86698863589379,3.345798969268799
1712,112.48283674780409,0.09368087730913058,10.828318749534853,1.7391855716705322
1713,112.08800838032604,0.09397694524836804,10.820035562039504,3.3745322227478027
1714,111.44712829652279,0.09407884246255102,10.771835206419109,2.279493570327759
1715,111.37265701355757,0.09419574634561781,10.784116854354917,4.7587878704071045
1716,110.61893044342199,0.09408712221549496,10.716275685811366,1.6892344951629639
1717,110.90274113898776,0.09400956034585799,10.739112928953253,6.332269668579102
1718,111.48371372759789,0.09395703870689645,10.791721799663721,7.612118244171143
1719,110.7488765903219,0.09380694200403801,10.723804581667082,1.8042049407958984
1720,110.84138782441869,0.09386887258399763,10.746566535850413,5.51833963394165
1721,111.36297394617449,0.0939117789501822,10.809100870491909,7.369034051895142
1722,111.23934420671274,0.09388175206977128,10.801009861786989,4.600388526916504
1723,111.50695076464561,0.09410235483892865,10.86299976316912,6.609299182891846
1724,110.71188125699915,0.09441133129053936,10.804369765537428,1.5439534187316895
1725,110.15476244442915,0.09437630888672488,10.756326067882055,2.4396955966949463
1726,109.34321481998487,0.09446702855647832,10.688762807203233,1.3405938148498535
1727,110.22978267178502,0.09417892392747919,10.721875179131201,9.260742664337158
1728,109.98748484506717,0.0946324835254137,10.74465642733989,4.134570598602295
1729,109.5276099966165,0.09462365869015955,10.707209863066492,3.02893328666687
1730,110.00233389665033,0.09450544758096496,10.740137764435827,7.55562686920166
1731,110.10231055768382,0.09456039310515531,10.76273638679147,6.102410793304443
1732,110.92128745210698,0.09450020584077042,10.835109022923556,9.696295022964478
1733,110.93207457758591,0.09444806092521985,10.836757932694319,5.456628322601318
1734,110.50275383181005,0.09497416855126176,10.838390353367375,3.227900505065918
1735,111.11772629349196,0.0947802408192375,10.870006449833701,8.339126348495483
1736,110.64654903055704,0.09508243841104512,10.851306385335365,3.081338405609131
1737,109.72008354025148,0.09524272513804577,10.77279332148201,0.9641478061676025
1738,109.85288270484897,0.09518460682975474,10.78506538826719,6.085847616195679
1739,110.79435387780048,0.09506609409479053,10.857214734384518,9.417307376861572
1740,109.84641033902247,0.09536543315384262,10.778642587040672,0.8286576271057129
1741,110.48794623563224,0.09533131905218924,10.840856161170265,8.108978986740112
1742,110.60306677327591,0.0953616124190444,10.862447599558564,5.715312242507935
1743,110.15703610554316,0.09577163265849031,10.853823123562979,3.0436692237854004
1744,110.71546574448772,0.09589825368130299,10.93528489232735,7.787371635437012
1745,109.96831108704284,0.09605038225560106,10.875932043404076,1.7965021133422852
1746,109.8686279761724,0.09608987843304505,10.877172722970034,4.6778564453125
1747,110.89994169641068,0.09602099842805732,10.968400995740332,9.72364354133606
1748,110.79094227944657,0.09596078844377674,10.958716985782928,4.605145454406738
1749,111.9030328566521,0.09585703641519483,11.049129815925099,10.231549978256226
1750,111.34400252808558,0.09614846605104288,11.018638517765847,2.748838186264038
1751,110.58056250280472,0.0960441242476753,10.948452132588187,1.6180620193481445
1752,110.80475687777667,0.09598593864429629,10.968967611262306,6.099861145019531
1753,110.1967093089989,0.09602607925785332,10.919277935149683,2.419999122619629
1754,109.49474221590891,0.09606581846527479,10.860085155798187,1.9351794719696045
1755,108.96979479374981,0.09615779185956941,10.821484304240204,2.561893939971924
1756,109.32009684581232,0.0960989917187515,10.853269461197803,6.447136640548706
1757,108.93689587735419,0.0964056074353668,10.844736766585823,3.2610743045806885
1758,108.03752691858064,0.09649418293996051,10.766289398919964,0.8461809158325195
1759,108.93715164939483,0.09623631181763162,10.808626504930764,9.17599630355835
1760,109.64778013290088,0.09616283758834418,10.870540239881457,8.288382768630981
1761,109.87130233157185,0.09603454254579408,10.881834837482641,6.181292772293091
1762,108.98258930825612,0.09602657807271708,10.803016489107813,0.9816293716430664
1763,109.74276341517356,0.09603928526496289,10.884986324216735,8.359221935272217
1764,110.00533578102181,0.09596124535348972,10.906136460974569,6.169951915740967
1765,111.67528242321158,0.09568755347757216,10.997075096364822,12.53248143196106
1766,112.71852959897946,0.09547141868353717,11.057104345401173,10.107248067855835
1767,113.13134430298967,0.09542579540579271,11.096533301947161,7.133385896682739
1768,113.11003085995978,0.09555261853281587,11.11556796892769,5.16065239906311
1769,113.36893055136018,0.09553234414604886,11.144412289238414,6.436751842498779
1770,113.73524124584658,0.0955103540379217,11.18296816634603,7.014201402664185
1771,113.42788883338811,0.09551910591922923,11.161138484682569,3.8502516746520996
1772,112.97360994505424,0.09574038544827222,11.139527099835743,3.0286009311676025
1773,112.9838738456037,0.09583561317273688,11.158131828837385,5.359600067138672
1774,113.10403510714765,0.09575725704100951,11.16655051054901,5.791576862335205
1775,112.99299475607617,0.09568203741177589,11.15488500544352,4.546670436859131
1776,112.9430648085154,0.09565114296358405,11.153336155389084,5.167444944381714
1777,112.27363416043023,0.09599897936003517,11.111802793835194,2.2214794158935547
1778,112.86089781882592,0.09574074395239973,11.130684765896843,7.988574266433716
1779,112.60228884063767,0.09558793421402516,11.099377918237876,4.0885255336761475
1780,113.36626595223129,0.0955315257713558,11.168384139055496,8.57113528251648
1781,113.44260329270897,0.09548530142273316,11.17670029766494,5.6240317821502686
1782,114.93817725978187,0.09525288186858187,11.26493329468829,12.233572483062744
1783,114.67879548718405,0.09531158900495224,11.252283961741407,4.021370887756348
1784,114.34200753231221,0.09509921385564345,11.209761122123993,3.7639565467834473
1785,115.14858745698909,0.09481488838375367,11.237663510902754,8.863371849060059
1786,116.1671015824192,0.09455798373954746,11.285286875793727,10.006566524505615
1787,115.635430566595,0.09504097533072342,11.27243400703579,2.990248918533325
1788,115.86907626092905,0.09502581737597733,11.299709666965432,6.455773115158081
1789,115.27038549831975,0.09478984491650326,11.23671257029578,2.4830191135406494
1790,114.93768164333655,0.0948175562234358,11.214345444592821,3.72519850730896
1791,114.22830482690318,0.09477847157029234,11.152201990146894,2.150033950805664
1792,113.50602177863415,0.09478306780697038,11.090679970245425,1.9035699367523193
1793,113.5809615608478,0.09474432803799158,11.09977317054297,5.779320240020752
1794,113.40515194523931,0.09473438475761166,11.08877543883754,4.316087007522583
1795,112.70110042578692,0.09471727346817507,11.027887684449166,2.0102779865264893
1796,113.91408942152906,0.09453933150272409,11.107608807604674,10.52454400062561
1797,113.86494852731377,0.0946948556188895,11.126532719528628,5.11310887336731
1798,113.77629904204063,0.09441457372936728,11.09526739233334,4.914222240447998
1799,112.95853605162021,0.0940954279920736,11.014314718410006,1.4417998790740967
1800,112.15895069110401,0.09406356462124378,10.944171571225905,1.5969858169555664
1801,112.56736118419298,0.09384188322339736,10.954729855513644,7.003139495849609
1802,112.19168757235104,0.09383679772449671,10.925182556958507,3.468646287918091
1803,112.32977069662753,0.09393017577899777,10.955930731388923,5.782094240188599
1804,111.31647298966126,0.0929908740212078,10.856371424075034,0.4605085849761963
1805,112.29330825976466,0.09287436241018232,10.927807709834283,9.619916915893555
1806,111.270375177167,0.0929456187860805,10.83852963273594,0.460559606552124
1807,111.77767142539533,0.09294208852414562,10.89014433640858,7.427622079849243
1808,112.25989471114137,0.09301266763890416,10.951242893044494,7.3450703620910645
1809,111.38729576402996,0.09328254096251512,10.881730464114048,1.1594622135162354
1810,110.33342280638966,0.09234971555288997,10.782913159472907,0.30062031745910645
1811,110.30008857832576,0.0926411716683891,10.815084027878179,4.873350620269775
1812,110.26708769254249,0.09264933939095754,10.816933187599396,4.9900994300842285
1813,110.65441681561705,0.09239398693664529,10.818763855723402,7.0396246910095215
1814,110.76787264746088,0.09245365362465588,10.840576217166168,5.617766380310059
1815,111.19019392098627,0.09250950924527206,10.892170454994506,7.387603282928467
1816,111.38829198177642,0.09250044468717047,10.913248750444561,6.152350902557373
1817,111.23440906195864,0.09251294024029877,10.904116262940114,4.325530529022217
1818,111.51206497133906,0.09252306263645693,10.935075100310714,6.502937316894531
1819,112.24694432162566,0.09251675092901128,11.005724349307606,8.783369541168213
1820,113.3344748784094,0.09236081418895194,11.07566710581453,10.08990478515625
1821,114.30113012962529,0.09215149176134813,11.124910434756384,9.754754304885864
1822,114.45811882832903,0.09230689992065771,11.16366133040882,5.983927249908447
1823,114.93353764004574,0.09243321363750052,11.23202471710473,7.280787944793701
1824,114.69420226364528,0.09260778260002661,11.229704469933683,4.2200868129730225
1825,114.59726024100883,0.09291980001212158,11.257407425234346,4.96485710144043
1826,114.87128763859874,0.09297651750495811,11.294833350982003,6.669546604156494
1827,114.20257476221276,0.09350508566324187,11.261885017472183,2.2653584480285645
1828,114.16054901459063,0.09338821662479126,11.249266167297462,4.979822397232056
1829,114.46894352444473,0.09341985169992265,11.286773505624486,7.008108377456665
1830,114.12425408920028,0.09373565318292341,11.283905770568241,3.763768196105957
1831,113.37301154830827,0.0933111171639147,11.201066712862557,1.8491497039794922
1832,112.56928143282518,0.09359012720439676,11.139056045733932,1.5375688076019287
1833,112.91358861849693,0.09347055246296503,11.157665485276594,7.003114938735962
1834,112.44445273231196,0.09359645299894144,11.126088830423829,3.019340991973877
1835,112.81000820498883,0.09373431397230773,11.18482794211959,6.841707944869995
1836,112.47190812293896,0.09380962906043276,11.162979662698394,3.611999273300171
1837,111.72718904170956,0.09339784855930211,11.08134986607141,1.7434184551239014
1838,113.03991715129247,0.09345152439469674,11.220536367410695,11.307499408721924
1839,113.15951797977955,0.09355700915074977,11.248331003736588,5.808673143386841
1840,113.63792279998175,0.09342889247539135,11.275847693699223,7.522428035736084
1841,113.45154357198193,0.09344197197169006,11.26308921676223,4.311244964599609
1842,113.4770281362621,0.09354203501059384,11.280458324594608,5.282240629196167
1843,112.59225785489949,0.09380661466048791,11.207653741348661,1.1151585578918457
1844,112.81633527635049,0.09383151147684599,11.235577203935176,6.202260255813599
1845,111.95817192358697,0.09400430747318862,11.163221431895822,1.3302326202392578
1846,111.2785902043511,0.09465517348936582,11.131589217576863,2.1484134197235107
1847,110.3458043023076,0.09370862175447216,11.030273325401094,0.8066585063934326
1848,109.97234625928452,0.09373043964651648,10.999970592147083,3.400378942489624
1849,109.99262279669168,0.09386456382147988,11.019970886225613,5.070751428604126
1850,111.64269656872476,0.09358046363781053,11.099771177363357,12.601648569107056
1851,111.22626960303751,0.09378751614428957,11.078773465589723,3.1981775760650635
1852,111.95400690700714,0.09361051054806407,11.117985730933826,8.496741533279419
1853,113.00446683793707,0.09345781558083227,11.186805873624488,10.117478847503662
1854,112.8344221695577,0.09335657075835728,11.164937814888242,4.310261964797974
1855,113.34607794786211,0.09327666358735907,11.20328843673936,7.682109117507935
1856,114.53261716838348,0.09324906936527859,11.311255552371966,10.78674864768982
1857,114.16729099669965,0.09372683508188222,11.318142996848245,3.702680826187134
1858,113.70561808673266,0.09367191967223987,11.274961566879762,3.120760679244995
1859,112.73856190586532,0.09391167106375276,11.192211951210963,0.7903158664703369
1860,113.08117628680667,0.09399296251638053,11.240289831698853,6.6659095287323
1861,113.9203645239386,0.09386521563233348,11.297886933381864,9.053102731704712
1862,114.4111608786992,0.09372410948828008,11.324908064048046,7.602323532104492
1863,114.4770492699122,0.09377860393058736,11.341658983407566,5.675746440887451
1864,114.31227877721308,0.09396326687087332,11.34824239357349,4.525631427764893
1865,113.85915598944095,0.09403812695578777,11.314759969637754,3.1784017086029053
1866,114.62056442954655,0.09383458779149305,11.351612369941376,8.6625075340271
1867,114.42435878525109,0.09384361033463075,11.338096246241962,4.512844800949097
1868,113.61011519739857,0.09411729544340565,11.274715283779543,1.649963617324829
1869,114.13401404542458,0.09407973694680291,11.321968130941746,7.738998651504517
1870,113.53267390497034,0.09443523587363117,11.28874844963233,2.526968002319336
1871,113.15734716592064,0.09454351509384223,11.265860965136007,3.6627228260040283
1872,112.16577369426143,0.09502665137147524,11.183202355484646,0.6085679531097412
1873,112.53411595731882,0.09488175398527726,11.2013703319298,6.8780927658081055
1874,113.02877479774563,0.09492059076641214,11.259356628610501,7.587509393692017
1875,112.01848704976817,0.09397138485874802,11.156763062324396,0.5482432842254639
1876,112.6883021792705,0.0939813916805516,11.225195431701152,8.258692264556885
1877,113.68141915747779,0.09398497399016117,11.322943477384142,9.6952805519104
1878,113.094604965903,0.09431785152298683,11.2897140426103,2.497197151184082
1879,113.61365891624398,0.09434436997745392,11.346816902184196,7.612917184829712
1880,113.03752232708153,0.09465092627767938,11.313348733162353,2.7234811782836914
1881,113.84714710381071,0.0945807056746964,11.38021524583073,8.967214345932007
1882,113.89867563277261,0.09455926836584859,11.386413093372422,5.549467086791992
1883,113.91968887644488,0.09464815844081079,11.402548962438699,5.5601325035095215
1884,114.56049198768044,0.09465673303617797,11.468523472814312,8.152667760848999
1885,114.43488706780363,0.09478859707836522,11.473838238086168,4.550492286682129
1886,114.40053819712558,0.09501188227875274,11.499099855705307,5.137243986129761
1887,114.48653281515433,0.09495607239905464,11.504108857148253,5.634658098220825
1888,114.53166748700279,0.09501491503640863,11.519067768576772,5.583425283432007
1889,114.31635081213277,0.09492498093980797,11.493877090891004,4.4113757610321045
1890,114.90318730401144,0.09490058662173938,11.548938319982094,8.197579622268677
1891,115.88415543097132,0.09489054789167221,11.643448936782274,170.33070731163025
1892,115.6353138766616,0.09482076329187637,11.617014447414451,3792.5039319992065
1893,115.49896073789498,0.09495098703150663,11.620844302940306,6.8223347663879395
1894,115.17397113051602,0.0949653325828783,11.594635859910902,5.855639219284058
1895,116.12223141921086,0.09482520306657333,11.658689501311793,14.737534999847412
1896,115.59100910501874,0.09530552246447903,11.642102606298675,4.3316802978515625
1897,115.28509901396855,0.09529364371042247,11.615681580235687,5.983116388320923
1898,115.85224802382886,0.0953290793663415,11.67952476443333,12.180769920349121
1899,116.14372554359058,0.095272340296816,11.702729516788997,9.99752163887024
1900,116.96228828815467,0.09502668760091855,11.735702221621107,13.875714540481567
1901,116.97266540527313,0.09509336987745173,11.748345199404897,8.161291122436523
1902,117.4129387512204,0.09519833679979524,11.810861747410847,11.28438138961792
1903,117.80880936370818,0.09545654451459983,11.892753129936738,10.834404230117798
1904,117.68072127007109,0.0953591219265967,11.873825598637369,6.974683523178101
1905,118.23391405737038,0.0953303861986602,11.925087342650995,11.5965576171875
1906,117.36157491679668,0.09502224362699617,11.835836469224484,2.0922939777374268
1907,116.74795916762872,0.09550059261929764,11.807478104532239,3.787040948867798
1908,116.54047957595243,0.09579558669310466,11.819403323486917,7.304720163345337
1909,118.6850747801929,0.09550228339414944,11.931209290252047,24.23492407798767
1910,120.09822403239097,0.0952011067140541,11.991897197349527,18.324782848358154
1911,120.88724179206706,0.09510336700369748,12.05197822537603,14.397489070892334
1912,121.73836937414639,0.09492903236278671,12.10145844312227,14.99988842010498
1913,122.08098568040492,0.095133588193005,12.170443858691048,11.206654787063599
1914,121.35017582360086,0.09520266047434026,12.108739420104138,3.4427719116210938
1915,121.62667406536485,0.09512311709107336,12.127652025903098,10.526845693588257
1916,121.0604073247112,0.0952488089970857,12.086375505644067,4.497494697570801
1917,120.80980325146409,0.09533798757378151,12.075511750587626,8.230538129806519
1918,121.82170521894945,0.0951954185088545,12.14475663308175,24.998903512954712
1919,122.61348816675995,0.09518873795560676,12.223309066750932,20.15641689300537
1920,122.05735328509235,0.09528162669545368,12.181075976083424,7.03884482383728
1921,123.77677975224142,0.09494105532645832,12.24926521632259,24.111648321151733
1922,122.61901195471901,0.09524164477319373,12.146772564159363,0.8773219585418701
1923,122.88282183517181,0.0953630538288175,12.19530483851777,14.623936414718628
1924,122.40399361682009,0.09547608995719599,12.163351790132591,5.617591142654419
1925,121.4399536806519,0.0952905598268548,12.071718272231264,2.40565824508667
1926,120.97555414384537,0.09540432089525291,12.041001089508951,7.478452444076538
1927,122.35579860240692,0.09502942826545097,12.080591078613862,27.0722017288208
1928,121.79224061638284,0.09513974004340252,12.039785167827723,6.551827669143677
1929,122.014318210219,0.09502167597630183,12.049387316149447,14.645820379257202
1930,121.71417502811681,0.09504972008610403,12.028893442987952,10.109655380249023
1931,122.21703327783564,0.0949713159084988,12.068604508558073,15.644112586975098
1932,122.63486294505728,0.09493623689575528,12.107918463472492,15.877553939819336
1933,122.79851431560671,0.09492212632535887,12.126839278837767,14.361530303955078
1934,121.78052917245064,0.09492528601448624,12.035570886049388,2.2330234050750732
1935,121.36272388072614,0.09497603315434137,12.005215177188894,8.358849287033081
1936,121.28909664191887,0.09472802720876287,11.975163025417006,10.688589334487915
1937,121.70620567549967,0.09476234202869979,12.025411395162836,17.297038316726685
1938,121.82914361874468,0.0947102409964725,12.035157281211209,13.613481283187866
1939,122.24085218255723,0.09474473367853233,12.084805708399097,15.452342748641968
1940,122.55844366073167,0.09483624738070803,12.133957651315106,15.466348648071289
1941,123.03285922412435,0.09482906137748918,12.182618074801955,16.263185024261475
1942,122.8825306318831,0.0948992892822328,12.180791894053934,11.330393552780151
1943,123.73370532556427,0.0948156810047951,12.248983975113394,19.328850507736206
1944,122.61636827230863,0.09470085752808048,12.146494135362259,1.2435717582702637
1945,121.58020458958555,0.09480648053174705,12.055029194008636,1.9922857284545898
1946,121.55440254368969,0.09478278547432872,12.05447890206855,11.580334186553955
1947,121.91885851825279,0.09459445129047152,12.063934113047864,14.205825805664062
1948,122.06966993307027,0.0947433972885157,12.103294771917385,10.701404333114624
1949,124.03897323373957,0.09442292256327944,12.192261824198212,27.260778665542603
1950,125.51858350140218,0.09432428157294076,12.31033920595623,26.227806091308594
1951,126.22339766638815,0.09419736528782359,12.357235813896668,20.818439722061157
1952,127.04116368972427,0.09407269932725304,12.413663455757701,19.321958780288696
1953,127.52075205282702,0.09410340090540907,12.469526821200125,18.91769313812256
1954,127.27554453229875,0.09413324068276274,12.454831552988123,10.896014213562012
1955,127.30278908697576,0.09396113904516588,12.44028323745824,13.776779174804688
1956,126.11976119610601,0.09302152765471422,12.325880405083657,1.0049724578857422
1957,126.25856358414495,0.09323416952102422,12.37262160103282,13.698400735855103
1958,125.44597794830351,0.09341293893692508,12.308895385022492,2.7075464725494385
1959,125.68151816882046,0.09335129276903234,12.325806431172268,12.162903308868408
1960,124.51470298713225,0.09241777984134202,12.212548366860545,0.9377942085266113
1961,124.35955595726094,0.09250277635485521,12.210422883191939,10.877572298049927
1962,124.26596039768833,0.09270818337391536,12.22831865436002,11.704710960388184
1963,124.78330079371145,0.09269019244926711,12.27603546781642,17.61001205444336
1964,125.19546778577433,0.09278738691031661,12.333275113138257,15.533527135848999
1965,125.03351310791659,0.092776944233874,12.319942362006874,11.273864984512329
1966,123.94317797683742,0.09309917479153526,12.226742938386804,1.6802539825439453
1967,124.67374619706904,0.09313265004869606,12.304475509002936,16.388688325881958
1968,125.01700873509834,0.0932076128563852,12.351430753912906,14.8986234664917
1969,124.20683864774736,0.09341190036418497,12.287916446373778,4.649753570556641
1970,123.32477026126989,0.09331111469387646,12.20503728191004,3.4417428970336914
1971,122.83152255865718,0.09359421976315391,12.182986909090939,6.985379457473755
1972,122.88320733307062,0.09359577756552236,12.19115704000003,11.264511585235596
1973,122.1743752597399,0.09381366594371329,12.13924546960003,4.417975187301636
1974,122.9626315071425,0.09362179794099257,12.17785301490403,18.518370866775513
1975,122.60300519207108,0.09349017766273206,12.13607448475499,9.360169649124146
1976,122.77697514015037,0.09384099017181902,12.20471373990744,12.585350751876831
1977,122.86920538874885,0.09366015602767659,12.192666602508366,11.681628942489624
1978,125.00051333486137,0.09337831637216173,12.300739936483282,29.33112907409668
1979,125.92050820151276,0.09341227514392399,12.39773253711845,22.15190029144287
1980,124.84130311949764,0.0930337079480403,12.293755211747266,2.0310111045837402
1981,124.08289008830266,0.09332786066447828,12.240817659629794,5.47770881652832
1982,125.12206118741963,0.09327177504028963,12.328409483033496,22.01997995376587
1983,124.29084057554543,0.0932914382422677,12.255125388203162,4.705283880233765
1984,124.38793216978998,0.093403299979248,12.28257413432113,14.363589525222778
1985,123.43405284809208,0.0935037497380762,12.199748392977918,1.383094072341919
1986,122.84971231961116,0.09349178916377236,12.147750909048138,6.761272430419922
1987,121.96121519641505,0.09402745950742875,12.086273399957657,1.669628381729126
1988,122.45160304445089,0.09384741883048311,12.10541066595808,17.145875930786133
1989,122.28708701400639,0.09385234086859337,12.094356559298499,11.778827428817749
1990,121.87421614386632,0.09402492857101855,12.073412993705514,9.314806699752808
1991,121.56547398242765,0.09429347049409957,12.072678863768457,10.00937008857727
1992,121.05981924260337,0.09405476114127125,12.011952075130774,7.0670154094696045
1993,120.91922105017733,0.0941422509130361,12.011832554379465,12.415174722671509
1994,120.83002883967556,0.09436154268962002,12.031714228835671,12.238187313079834
1995,121.1717285512788,0.09432115306917542,12.061397086547315,13.49326491355896
1996,120.84001126576601,0.09462794153848367,12.06078311568184,9.521692276000977
1997,121.00161115310836,0.09455757453185797,12.070175284525023,14.298164367675781
1998,120.22159504157727,0.0947747894842138,12.009473531679774,4.43196177482605
1999,122.5493790911615,0.094393613827332,12.099378796362977,32.5291063785553
2000,122.87388530024988,0.09428838736647803,12.118385008399347,16.77887773513794
2001,123.17514644724739,0.09419517669542762,12.137201158315355,14.964338302612305
2002,122.9133949827749,0.09418105998001974,12.115829146732201,10.607243299484253
2003,123.81426103294714,0.09403737144594725,12.174670855264878,22.760447025299072
2004,123.46611842261767,0.09410823368654396,12.152924146712229,9.158045530319214
2005,123.08145723839148,0.09446126899673735,12.151394905245105,7.796350717544556
2006,124.41064266600756,0.09433696880676998,12.249880956192655,23.29557156562805
2007,125.30653623934748,0.09414126267010414,12.297382146630728,20.77919840812683
2008,124.183470876954,0.0931998500434031,12.184408325164421,1.067556619644165
2009,126.74163616818446,0.0928731147008638,12.302564241912776,38.35164260864258
2010,126.30421980650262,0.09339016668638528,12.30953859949365,6.962501525878906
2011,125.5411776084376,0.09385626501952142,12.266443213498713,3.5541434288024902
2012,126.49576583235321,0.09377743087611352,12.343778781363724,20.53910231590271
2013,126.27080817402968,0.09360888733658317,12.310340993550087,10.55855917930603
2014,125.99810009228938,0.09378390957432844,12.307237583614585,10.06124210357666
2015,126.08811909136648,0.09388310751562219,12.334165207778438,11.128789186477661
2016,125.06723790045281,0.0937776097737993,12.240823555700654,1.6834380626678467
2017,125.24656552144829,0.09388878472501234,12.278415320143647,11.755070924758911
2018,125.35409986623381,0.0939057792307034,12.295631166942211,12.745604753494263
2019,126.65055886757146,0.09367260379133754,12.362674855272788,17.380101680755615
2020,126.86405327889575,0.09354668856423498,12.369048106720061,10.633792638778687
2021,126.6054127461068,0.09379934049047382,12.375357625652862,7.386887550354004
2022,125.62935861864572,0.09389582984418977,12.291604049396332,2.135390043258667
2023,125.02306503245927,0.09341841000728633,12.208688008902367,4.468322038650513
2024,124.18283438213467,0.09370373810233543,12.146601128813344,3.085733652114868
2025,124.81100603831332,0.09378274350206074,12.22513511752521,16.376955270767212
2026,124.92289597793018,0.09394785724351072,12.262883766349958,10.54796051979065
2027,124.02366701815087,0.09386552152821848,12.180254928686457,3.5264620780944824
2028,125.21343034796936,0.09366760705367702,12.248452379399591,19.75063443183899
2029,124.47129604448968,0.09351524470863044,12.175967855605595,3.399872064590454
2030,123.76658308404478,0.09332083300228487,12.10420817704954,4.784140348434448
2031,122.70891725320433,0.09349873578337313,12.013166095279043,1.1855294704437256
2032,123.90182808067229,0.09347283933463031,12.123034434326254,23.426758766174316
2033,123.69280979986557,0.09399442162089565,12.161804089982992,6.606092929840088
2034,123.83588170186691,0.09406897015830988,12.190186049083161,13.881084203720093
2035,124.03752288484824,0.094100502678949,12.21828418859233,12.152132034301758
2036,123.10714765599977,0.09444982023280467,12.146101346706407,3.285041570663452
2037,122.93607617943977,0.09454305787953322,12.144640333239343,9.759918689727783
2038,123.02671541764536,0.09458247578558639,12.16319392990695,13.310474395751953
2039,124.4664482634689,0.09431080833110131,12.23156199060788,24.794538259506226
2040,125.08178378083421,0.09422791530155374,12.2792463707018,16.836263179779053
2041,123.97096594302587,0.09399992186282391,12.176453906994782,1.4833838939666748
2042,123.49125628359562,0.09437571211787989,12.164689367924833,7.215939283370972
2043,122.34634372075966,0.09454306610781218,12.063042474245584,0.961787223815918
2044,123.28288028355206,0.0944772650763637,12.142412049503127,18.193033933639526
2045,123.36005148071654,0.09437218708208861,12.140987929008094,9.740681171417236
2046,122.97645096590936,0.09436964168185596,12.109578049718014,6.265834331512451
2047,122.58668645625028,0.09461642145551359,12.098482269220833,5.5609400272369385
2048,121.82081959168777,0.09519199637139324,12.057497446528625,4.974646091461182
2049,122.26261139577089,0.09514369086551062,12.096922472063339,15.1817467212677
2050,121.12998528181318,0.09419225395685552,11.985953247342705,0.9942059516906738
2051,121.37868542899504,0.09434622182824587,12.036093714869278,13.117838144302368
2052,121.82489857470509,0.09442685599550558,12.095732777720585,13.592147827148438
2053,123.22664958895804,0.09436045003097038,12.21477544994338,26.166744232177734
2054,124.48438309306846,0.09438070095234741,12.342627695443946,27.011032342910767
2055,123.52953926213777,0.09481620428765153,12.269201418489507,2.47048020362854
2056,123.31424386951639,0.09445627753889267,12.216509404304611,8.530658483505249
2057,124.94110143082122,0.09424598049776947,12.314344310261566,30.83705735206604
2058,124.931690416513,0.09435190778956597,12.33120086715895,11.1360342502594
2059,123.87237351234788,0.09393470450114398,12.22788885848736,2.0351476669311523
2060,123.3636497772244,0.09381727526435171,12.175609969902487,7.757838010787964
2061,123.27001327945216,0.09401945338890118,12.193853870203462,12.123926877975464
2062,125.34731314665764,0.09365327698190039,12.271915331501427,29.62205457687378
2063,125.17384001519106,0.09364267013800731,12.259196178186412,9.129245281219482
2064,125.01210161503916,0.09399064710635201,12.286604216404548,10.874818801879883
2065,126.33198059888876,0.09390677176369315,12.393738174240504,25.595057010650635
2066,126.39866079289988,0.0940955235949284,12.4298007924981,14.233043432235718
2067,127.44467418497088,0.0939337891381999,12.495502784573118,20.645983934402466
2068,127.23022744312117,0.09412652671851601,12.500547756727387,8.074896574020386
2069,126.73792516868996,0.09433910760517701,12.475542279160113,6.522889137268066
2070,126.39054591700305,0.0948087600073861,12.490786856368512,9.445464849472046
2071,125.77664045783303,0.09509144163808146,12.455878987804827,5.470470666885376
2072,127.08887405325468,0.09495764784426874,12.55132019792678,28.42543888092041
2073,126.03798531272214,0.09491716227491698,12.45580699594751,2.3516671657562256
2074,126.96760545959492,0.09469858425947374,12.501248925988035,21.792018175125122
2075,126.31792940499898,0.09471934035236286,12.446236436728155,6.6355273723602295
2076,126.45475011094899,0.0948435755202678,12.481774072360873,14.800499200820923
2077,126.87020260983951,0.09472847309839846,12.506956331637264,18.00808310508728
2078,125.66150058374112,0.09378118836741448,12.39188676832089,0.6402420997619629
2079,126.2648855779037,0.09359606465578334,12.417967900637683,20.032599925994873
2080,126.73223672212467,0.09352715603234689,12.453788221631306,16.471041440963745
2081,128.2149143549034,0.09335552083565979,12.549250339414995,29.573791980743408
2082,128.98276521135438,0.09325123391998612,12.603757836020844,22.1717312335968
2083,128.10293755924084,0.09329433133688382,12.527720257660636,4.395021915435791
2084,129.63190818364842,0.09303754460714488,12.602443055084029,28.977802991867065
2085,129.47558910181192,0.0931598007400208,12.60641862453319,11.040600538253784
2086,130.1808332107938,0.09307820273262059,12.660354438287857,18.465325832366943
2087,129.35902487868583,0.09277242070529439,12.573750893904977,5.135542631149292
2088,128.39543462989897,0.09335984801339295,12.508013384965928,3.20686674118042
2089,128.04148028359998,0.09360904523218376,12.502933251116268,7.529951333999634
2090,126.87106548076397,0.09358204568895284,12.397903918605104,1.1902692317962646
2091,126.75235482595635,0.09368970349293287,12.403924879419053,10.984625101089478
2092,127.01483127769679,0.09360247966061792,12.419885630624863,15.741695165634155
2093,126.51468296491981,0.09344567564323253,12.365686774318615,8.21522331237793
2094,126.04953613527061,0.09351121888680021,12.332029906575428,4.768764019012451
2095,125.3590407739179,0.09327786108389712,12.258709607509674,5.4694061279296875
2096,124.26545036617871,0.09359508247305814,12.166122511434576,1.4901394844055176
2097,123.54279586251693,0.09400528549448141,12.12446128632023,4.589921712875366
2098,124.26736790389175,0.09398359998647536,12.193216673457027,19.413837671279907
2099,124.06469422485284,0.09438991783276444,12.221284506722457,8.167173624038696
2100,123.86404728260432,0.09440755711597526,12.209071661655232,8.225897073745728
2101,123.71540680977827,0.09447265585674212,12.206980945038678,9.215538501739502
2102,122.7382527416805,0.09429716006740547,12.11491113558829,2.419624090194702
2103,122.62087021426369,0.09434517945772242,12.113762024232406,11.838964462280273
2104,121.62466151212105,0.0942712928805365,12.022624403990081,2.43571138381958
2105,120.65841489699984,0.09412857995173113,11.932398159950178,2.7723991870880127
2106,120.33183074802984,0.09421002142494109,11.913074178350676,7.976276397705078
2107,122.11851244054954,0.0939033727157084,11.993943436567168,28.77071189880371
2108,121.69732731614404,0.0940893389885513,11.974004002201497,8.114764928817749
2109,122.0603540429826,0.09384464813031136,11.974263962179482,14.945343732833862
2110,121.00975050255278,0.0934944369431259,11.874521322557687,1.4117152690887451
2111,122.33965299752725,0.09346500438471826,11.99577610933211,21.90891432762146
2112,123.83625646755198,0.09326564845851813,12.08581834823879,25.455273151397705
2113,124.60789390287646,0.09312901187443047,12.134960164756402,17.240589380264282
2114,125.4218149638477,0.092925877095492,12.173610563108838,20.364851474761963
2115,124.75759681420922,0.0933525505279269,12.14187445747775,5.461030721664429
2116,125.38002084606714,0.09332811593173855,12.200455712902972,16.782188177108765
2117,124.24622063760647,0.0932281681057545,12.098451155773942,0.5565574169158936
2118,123.68375843123042,0.09376647465999106,12.087466644216201,4.282149314880371
2119,124.8969208469181,0.09360432011747279,12.166591977774038,23.40489673614502
2120,125.07795163844894,0.0937172279652491,12.204926057996298,12.557944774627686
2121,125.11717212206445,0.09386532700342606,12.232876797416335,11.208218574523926
2122,125.7560004008438,0.09377323457995265,12.280548029442171,18.680513858795166
2123,125.67844039683537,0.09402194291211922,12.307742549147749,9.81962776184082
2124,126.18165599286702,0.09410445075572531,12.374665123656271,18.030126333236694
2125,126.28983943293835,0.09411231135765712,12.39091847241971,14.09550929069519
2126,126.19694103860897,0.09445323952613183,12.427009287695512,12.192774295806885
2127,125.63497162822289,0.09465156427372765,12.392739194818557,7.223686695098877
2128,126.24862191194066,0.09440023579676578,12.408811802870371,19.164956092834473
2129,125.54613569282125,0.09434909058165526,12.344723684841668,4.683694362640381
2130,125.54067433589304,0.0945255996758387,12.371276447993251,11.862883806228638
2131,126.26526759253412,0.09438842448716113,12.417563683513318,18.06571674346924
2132,127.88261491660877,0.09410426246451174,12.493388046678184,29.90766406059265
2133,129.09378876744267,0.09388611140613169,12.558454166211401,24.738789796829224
2134,129.34285087976824,0.09405114639596648,12.612869624549287,14.252728462219238
2135,129.36942237097054,0.09424699856837045,12.646740928303794,13.625895261764526
2136,129.47572814726084,0.09444738572554388,12.690273519020757,14.629616260528564
2137,128.39097086578823,0.0944552928206694,12.593370783830547,2.2433922290802
2138,127.82706115713034,0.09434407322579605,12.537437075992242,7.665582656860352
2139,127.47879054555905,0.09436837442902195,12.512062705232319,6.801387310028076
2140,128.20400264010345,0.09437469068473174,12.586942078179995,18.47037696838379
2141,129.4919626137024,0.0942869749062891,12.691072657398195,24.613091707229614
2142,128.36704298756538,0.0933441051572262,12.574161930824213,1.8140876293182373
2143,128.95337255768973,0.09299889939977159,12.56842031151597,19.698986053466797
2144,129.34383883211282,0.09302129135815483,12.61273610840081,17.29444646835327
2145,128.7004004437917,0.09301415536765022,12.556608747316803,4.573066711425781
2146,128.09339643935377,0.093260484402209,12.521042659843635,5.017305612564087
2147,128.62246247496023,0.09315660883995487,12.5558322332452,13.856123685836792
2148,128.69623785021062,0.0931073956927318,12.560273910912748,13.337257146835327
2149,127.83927547170852,0.09380422871254866,12.51467117180362,4.6447906494140625
2150,128.45088271699143,0.09365983721907396,12.549524460085584,17.846737146377563
2151,128.32637388982153,0.0937577216055039,12.554029215484729,10.012227773666382
2152,128.8731101509233,0.09374910613808274,12.608488923329881,17.817323923110962
2153,130.2943790494141,0.09362342319478309,12.712404034096583,26.38794779777527
2154,129.28143525891994,0.09337684413524905,12.615279993755616,2.9997446537017822
2155,130.77862090633073,0.09326744845375318,12.72912719381806,30.11112880706787
2156,130.32083469726743,0.09327595043980388,12.69183592187988,6.629662275314331
2157,129.53762635029477,0.093497037089252,12.634917562661082,4.65050196647644
2158,129.02225008679181,0.09345950261579537,12.58856838703447,7.079668998718262
2159,128.3020275859239,0.09357753916858479,12.532682703164125,6.113445520401001
2160,127.12900731006465,0.09264176377689894,12.417355876132484,1.2069895267486572
2161,125.97771723696401,0.09254867947246329,12.31318231737116,1.3197181224822998
2162,126.74794006459437,0.09250989218512781,12.380050494197448,21.493156671524048
2163,129.01046066394844,0.09220802272503291,12.486249989255473,36.81928253173828
2164,128.77035605730896,0.0925240377358778,12.50138748936292,10.89413595199585
2165,129.70265249673588,0.09249969825941994,12.586373614469291,19.072404861450195
2166,129.67562597176854,0.09267706348155015,12.6105098783246,10.310913801193237
2167,128.55886971205086,0.09286140395784576,12.514404779541353,1.8737776279449463
2168,128.02328101493035,0.09299945658493396,12.479260731745939,6.3129332065582275
2169,127.77304820478105,0.0934286853200555,12.50446812442848,8.074672937393188
2170,126.68531772273323,0.09302071425632862,12.399423443184194,1.9554524421691895
2171,126.9584645455059,0.09293466295792117,12.415429208752352,14.58248782157898
2172,128.01887990005085,0.09286368542705442,12.50127491666483,22.264098167419434
2173,128.92869110105033,0.0928482905819163,12.586262167498182,17.745409727096558
2174,129.34940419003982,0.09279700065855329,12.6203995458232,12.956554889678955
2175,129.92591014813942,0.09267116968940091,12.65419555036497,13.958823442459106
2176,129.10665104665802,0.09278612465917356,12.58765359486132,3.392225980758667
2177,128.64558453619145,0.09258115497884689,12.531777058912708,5.726673603057861
2178,129.26912869082955,0.09249303976413696,12.57645928832358,13.180304527282715
2179,128.38643740392126,0.09254371912259315,12.500694695440345,2.8996694087982178
2180,127.67257302988205,0.09267091351031459,12.445687748485941,3.9233009815216064
2181,127.33584729958322,0.09291441714116888,12.44123087100108,6.412689685821533
2182,128.0524888265874,0.09273904181397831,12.476818562291069,13.76183557510376
2183,127.17196393832153,0.09281165139583852,12.402050376668159,2.7856297492980957
2184,128.2702442989383,0.09255864036711221,12.448029872901477,16.87267541885376
2185,127.46754185594892,0.09246638729677444,12.373549574172463,3.2637553215026855
2186,128.77286643738944,0.09235567691217879,12.469814078430739,17.462772369384766
2187,129.25513777301555,0.09239257212045814,12.525115937646431,12.033899068832397
2188,129.4425863952854,0.09234702477763193,12.539864778269967,10.005404710769653
2189,129.49816053133253,0.09238651749281857,12.554466130487269,9.277993440628052
2190,130.6731789260192,0.09227236891708065,12.638921469182396,16.94811224937439
2191,130.07644713675901,0.09219471565044506,12.582532254490571,4.785693645477295
2192,129.31568266539142,0.0923838796050517,12.526706931945666,3.7242016792297363
2193,130.25252583873748,0.09226721569689357,12.59143986262621,15.200916051864624
2194,129.9900005803501,0.09230608200146309,12.575525463999947,7.077198505401611
2195,129.84010057454663,0.09260041248579629,12.599770209359948,7.822076797485352
2196,131.11169956880116,0.09253043948934299,12.703772507266349,17.402966022491455
2197,130.79058257311314,0.09261523610455058,12.686734782193685,6.755822420120239
2198,131.04267674738202,0.09265062220504353,12.719867434371748,10.577167749404907
2199,130.9222499799082,0.09264848573089224,12.71266876002803,8.200734853744507
2200,130.98302748010912,0.09281689138453222,12.74554207242775,9.323721647262573
2201,132.88319720530802,0.09254292807816353,12.838086651703472,21.95738410949707
2202,133.84436523325493,0.09249086124279673,12.919705785186439,15.592407941818237
2203,133.99592158092238,0.09250554994580501,12.940508727334574,10.42541217803955
2204,133.59596236511317,0.09285709019102781,12.941103640061229,6.370940685272217
2205,134.48000274146204,0.09282942019001844,13.021692603660618,15.684016227722168
2206,134.8252027140474,0.0929662147455147,13.081475677624011,11.720232009887695
2207,134.8869506869069,0.09295853841366239,13.090660920847771,9.789815187454224
2208,134.23808118003782,0.09288609588666863,13.029754311639294,4.907670259475708
2209,136.27570036823744,0.09263770830058302,13.139456768522901,23.511293172836304
2210,136.80294336455503,0.09282244232868829,13.228062200837673,12.89577603340149
2211,135.50491393090948,0.0918942179054014,13.105781578829296,0.469771146774292
2212,136.36986479160038,0.09192122167229334,13.194723763041004,14.9400315284729
2213,136.66616614368436,0.09196586487725715,13.232776525410594,11.320068836212158
2214,136.57950448224753,0.09198370622848458,13.23044876015649,8.994983196258545
2215,137.86370943742506,0.0917808502982752,13.298144272554923,18.34931182861328
2216,137.8950723430508,0.09192687158252648,13.325162829829374,9.626153230667114
2217,137.8761216196203,0.09218407345493651,13.361911201531079,9.276606559753418
2218,140.0373604034241,0.09177070729665834,13.418292089515768,24.46065855026245
2219,141.17698679938985,0.09164040179849492,13.49410916862061,17.390470027923584
2220,140.53521693139595,0.091762958819471,13.449168076934404,5.265727996826172
2221,139.239864762082,0.09084532923127629,13.32467639616506,0.7452113628387451
2222,139.82746611446117,0.09074495674704434,13.361429632203409,13.520588874816895
2223,138.76919145331655,0.09101397776780919,13.277815335881375,2.3004961013793945
2224,138.88149953878337,0.0913038379901311,13.33503718252256,10.296489477157593
2225,138.95268454339555,0.09121271741844897,13.331686810697336,10.192917585372925
2226,138.7631576979616,0.09138392357759782,13.338369942590363,8.124528169631958
2227,138.45552612098197,0.09158119545293295,13.33498624316446,7.460479974746704
2228,139.37097085977217,0.09136103567231665,13.371636380732815,15.681438684463501
2229,140.46726115117445,0.09141128073728022,13.487920016925486,16.96140956878662
2230,141.9725885396627,0.09132191019794865,13.60304081675623,20.05925178527832
2231,140.64286265426608,0.09040869109596916,13.477010408588669,0.608478307723999
2232,140.50643402772343,0.09044948607477325,13.472240304502783,8.698847532272339
2233,140.3713696874462,0.09080483373371057,13.507517901457755,8.616593599319458
2234,140.56765599057172,0.09102178539637346,13.562442722443176,11.047098875045776
2235,141.301979430666,0.09099941800969943,13.626818295218744,14.789183139801025
2236,140.34895963635935,0.0913937716556894,13.560550112266556,3.3534462451934814
2237,140.67547003999576,0.0912312790258377,13.564944611143892,11.788463115692139
2238,140.55871533959578,0.09132671817356383,13.569295165032454,8.900851964950562
2239,140.4431281861998,0.09134368354996773,13.56360221338213,8.827112197875977
2240,139.1886969043378,0.0917635800478014,13.457966191248307,1.0164802074432373
2241,140.35680993529442,0.09170531924732338,13.553386529335825,17.417158603668213
2242,139.30324183594146,0.09193112319770728,13.467852664042468,2.3548922538757324
2243,138.79020941758205,0.09214817560209385,13.443174137402043,6.00471043586731
2244,139.20230732340625,0.09206002717940624,13.468742396028022,12.470975875854492
2245,137.87028425017218,0.09113942690761218,13.344054972067742,0.42595362663269043
2246,137.47158140767044,0.09114639998547483,13.310614422347063,6.67667555809021
2247,136.34686559359375,0.09103493598562007,13.207508278123592,1.755913257598877
2248,135.4533969376578,0.09161394832789152,13.155433195342356,3.229074001312256
2249,134.63886296828122,0.0921792903260941,13.113878863388932,3.8995914459228516
2250,135.2924743385984,0.09220749742283316,13.182740074755042,13.79867696762085
2251,135.1595495952124,0.09218706179286712,13.170912674007491,8.306457757949829
2252,133.90795409926028,0.09126519117493845,13.049203547267416,0.6809177398681641
2253,133.29887455826767,0.09144842967414797,13.008711511794742,4.961296796798706
2254,132.735885812685,0.09183264667610778,12.988624396676794,5.365585803985596
2255,131.54852695455816,0.09162860592363241,12.878738152710026,0.9493439197540283
2256,131.93304168501257,0.09171231986439608,12.929950771182925,11.605590581893921
2257,134.16371126816244,0.09141491497561127,13.030651263471096,24.289947032928467
2258,134.3320741554808,0.09149414330929886,13.060344750836386,10.393406629562378
2259,134.52875341392598,0.09174803304503704,13.119741303328022,10.401106357574463
2260,134.74346587978673,0.09198439886843282,13.17854389029474,10.97122311592102
2261,135.55603122098884,0.09189788821308183,13.236758451391793,14.972617864608765
2262,135.18047090877894,0.09199931749421632,13.214390866877874,6.644451379776001
2263,134.45866619969115,0.09187297511292494,13.142246958209096,4.403939723968506
2264,134.34407953769423,0.09201115593090138,13.150824488627006,8.359097242355347
2265,134.34063874231728,0.09221044735666699,13.179316243740736,9.164025068283081
2266,135.3672323548941,0.09217441883246741,13.26752308130333,16.394004821777344
2267,134.88356003134516,0.09240209993149906,13.244847850490295,5.956631422042847
2268,135.0947244310317,0.09243961739372253,13.272399371985392,10.619469165802002
2269,135.63377718672137,0.09236178206634615,13.309675378265538,12.853461265563965
2270,136.64743941485418,0.09236643428787679,13.406578624482883,16.240528345108032
2271,135.4509650207056,0.09203100523911567,13.292512838238054,1.1546497344970703
2272,135.39645537049856,0.09211069518672452,13.299587709855674,9.215983390808105
2273,135.69249081679357,0.09215928520455424,13.336591832757117,11.33688473701477
2274,134.71556590862562,0.09281663972092975,13.273225914429545,2.6538333892822266
2275,133.70841024953936,0.09306494391195574,13.19049365528525,2.352160692214966
2276,134.87132614704396,0.0927742944728362,13.228588718732398,17.248970985412598
2277,134.37261288557352,0.09337596329281371,13.236302831545075,5.808954238891602
2278,133.66888675671777,0.09337970365988557,13.173939803229624,4.406437397003174
2279,133.3921978891506,0.09376666134026784,13.192200405197328,7.272472143173218
2280,132.6382759102591,0.09386347748548585,13.130278401145354,4.024883508682251
2281,132.27189315115652,0.09396650937729766,13.1089756171339,6.707795858383179
2282,133.18917421964497,0.09378577285495325,13.15788586096256,15.161513090133667
2283,133.9272824774485,0.09366917116505107,13.206307002352935,14.143478631973267
2284,133.588009652674,0.09393247945340057,13.204243932329407,6.824692010879517
2285,133.30212955614726,0.09413601180172369,13.202201493006113,7.115945100784302
2286,133.59910826058578,0.09405354738922793,13.220179478076052,11.153513193130493
2287,132.63311717797993,0.09392382272614647,13.12797768329529,2.5810964107513428
2288,131.85678600620014,0.09407549358979408,13.066697906462338,3.8122575283050537
2289,131.11821814613816,0.09416922141251682,13.006030927397715,3.9528956413269043
2290,129.88703596467678,0.09322752919839165,12.885970618123737,0.555417537689209
2291,130.25816560503,0.0931934574992221,12.9171109119425,11.436867713928223
2292,129.5155839489797,0.09386866578137275,12.887939802823073,3.8367483615875244
2293,130.8304281094899,0.09369626264846323,12.969060404794844,17.783919095993042
2294,130.16212382839498,0.0940093000219786,12.929369800746896,4.379083156585693
2295,131.48050259011103,0.09387073373931606,13.020076102739427,17.94726824760437
2296,131.73569756420991,0.09395113468217768,13.059875341712033,10.66490888595581
2297,131.21834058856783,0.0940116233353559,13.019276588294913,5.409405708312988
2298,130.08615718268214,0.09418261821311344,12.919083822411963,1.2519001960754395
2299,129.02529561085532,0.09407412536431564,12.819892984187844,1.601841926574707
2300,128.69504265474677,0.09427921744400582,12.811694054345963,6.5202531814575195
2301,127.93809222819931,0.09503453847711293,12.783577113802503,3.6294801235198975
2302,128.5587113059173,0.09487366677655232,12.815741342664477,12.786743879318237
2303,130.58312419285812,0.09461979415712515,12.927583929237832,22.661373376846313
2304,129.64729295092954,0.09475467729663499,12.848308089945455,2.5389890670776367
2305,130.24082002142023,0.0948653315818697,12.929825009046,12.850950479507446
2306,132.92841182120603,0.09446805671216629,13.03052675895554,26.99426507949829
2307,132.62912770299397,0.09478551206737473,13.040221491365985,7.083795785903931
2308,133.55283642596402,0.09459321250225654,13.089819276452324,15.40425992012024
2309,133.0473080617044,0.09497258158205324,13.078921083687801,5.7592737674713135
2310,132.26683498108736,0.09493194667532362,13.008131872850923,3.754817008972168
2311,132.3441666312765,0.09505405577999895,13.038050554122414,9.547048807144165
2312,132.68072496496373,0.09512761160774114,13.08767004858119,11.304035186767578
2313,132.42391771531408,0.09511091493091606,13.066793348095377,7.340952634811401
2314,132.29967853816092,0.09515980578160689,13.066125414614424,8.3533034324646
2315,132.3566817527793,0.09529516424552995,13.09546416046828,9.437381505966187
2316,133.1631149352515,0.09518728302560985,13.154509518863597,14.385868310928345
2317,133.631483785899,0.09495763241757597,13.16296442367496,12.298888921737671
2318,133.52516894804,0.09498366584949777,13.161334779438212,8.326812982559204
2319,134.3199172585596,0.09497279632715303,13.239721431643831,14.436320066452026
2320,133.726718085974,0.09508973503054816,13.197324217327393,5.191443920135498
2321,133.36945090511423,0.09546536829248757,13.20535097515412,6.706273794174194
2322,132.6157563960631,0.09554519736818337,13.14329746540258,4.021597862243652
2323,131.36959883210247,0.09458974539450153,13.021864490748554,0.6037933826446533
2324,131.15590284378143,0.09500748430419287,13.051645845841069,7.543477296829224
2325,131.46434381534363,0.09485987859695341,13.061129387382659,11.253968000411987
2326,131.37970037719018,0.09488688956708144,13.060518093508833,8.443542242050171
2327,130.35590337341827,0.09462767584382441,12.959912912573744,2.004157304763794
2328,131.05234433968408,0.09443139908538617,12.990313783448006,14.070263862609863
2329,130.90182089628723,0.09434915406004955,12.970410645613525,7.914877653121948
2330,131.28280268732436,0.09423406488631296,12.99070653915739,11.400017023086548
2331,130.58997466045113,0.09409817585035306,12.920799473765817,4.265581369400024
2332,129.6540749138466,0.09477881571347115,12.861591479028158,2.491654396057129
2333,129.32753416470814,0.09475886260788283,12.832975564237875,6.632229804992676
2334,129.60425882306106,0.09470299372702692,12.854645808595496,10.75290584564209
2335,129.94821623483043,0.09467059793609812,12.886099350509541,11.277649402618408
2336,129.51873407248212,0.09487331724409345,12.867238357004444,6.064776659011841
2337,129.20354673175729,0.0948429514185913,12.838565973434399,996.2165064811707
2338,129.1415112644397,0.0950327332865192,12.860180313700056,10862.34159708023
2339,129.30009615179532,0.09504792319503332,12.881578510563056,10.819037199020386
2340,128.48709519027736,0.09534744396308298,12.822762725457425,3.3881490230560303
2341,129.34222423837457,0.09523509101877925,12.88453509820285,14.860892057418823
2342,130.33880199599082,0.09519977067627705,12.975689747220821,16.12173080444336
2343,130.83541397603094,0.09513666185840317,13.015932849748612,12.62396502494812
2344,132.72705983627063,0.09487279523981913,13.115773521251127,22.755250215530396
2345,131.98978923790793,0.0954494910162345,13.084615786038615,4.010528802871704
2346,131.65989134552885,0.09560610721718325,13.073769628178228,6.912203788757324
2347,131.26329243207354,0.09606308962327229,13.083031931896446,6.2314653396606445
2348,130.3706595077528,0.09557864920323005,12.982201612577482,2.9003283977508545
2349,130.26695291267526,0.09570619604453108,12.992379596451707,8.148271083831787
2350,129.49428338354852,0.09550385106521785,12.91245580048719,3.6190648078918457
2351,129.21934054971305,0.09552920471142841,12.893331242482319,7.001354455947876
2352,128.79714714421593,0.09560839542293481,12.864397930057494,6.205668926239014
2353,129.10917567277377,0.09533981146870546,12.855753950756919,10.412517309188843
2354,129.82808391604604,0.09543118947342139,12.94719641124935,13.480429887771606
2355,131.53980307688556,0.09507488422320544,13.007724447136855,19.99620795249939
2356,131.55440504611673,0.09502639102007113,13.007647202665487,8.759660720825195
2357,131.08886099565555,0.09501730358045865,12.967570730638831,5.973543405532837
2358,130.427972385699,0.09483636131388483,12.897895023332444,4.476234436035156
2359,129.75369266184202,0.09484037865312693,12.838916073099119,4.530155420303345
2360,130.3061557352236,0.09491900189362269,12.910526912368127,13.057894229888916
2361,129.68309417787137,0.09514628246292176,12.871421643244446,4.386380434036255
2362,130.14626323609264,0.09499027418374709,12.892707426812002,11.466351509094238
2363,131.4348006037317,0.0948125722141104,12.973780352543884,18.246609449386597
2364,131.8804525976944,0.09471671921924202,13.004042549018445,12.05515456199646
2365,131.88164807171742,0.09475440051189808,13.014002123528261,8.68117094039917
2366,131.62283159100025,0.09475025273319419,12.993862102292978,7.323270559310913
2367,131.74660327509025,0.09477497242808447,13.013923481270048,9.763914585113525
2368,135.42913724233935,0.09420722270380363,13.083784246457347,36.43637418746948
2369,134.78484586991596,0.09453275611056841,13.052946403992772,4.811120986938477
2370,134.7369974112168,0.09481819778023196,13.092416939952845,8.340318202972412
2371,135.15962743710463,0.09471747342954828,13.121492770553315,11.738969564437866
2372,134.27803116273358,0.09525966039738046,13.070277842847782,3.505455255508423
2373,133.11525085110625,0.09430706379340666,12.949575064419303,1.3412206172943115
2374,133.4340983425952,0.0942730840645635,12.98007931377511,10.949599981307983
2375,133.27975735916925,0.09409306508832464,12.95027852063736,8.892611742019653
2376,134.06695978557755,0.0940955306638565,13.030775735430987,14.436006546020508
2377,133.4362901877218,0.09442218099102075,13.000467978076678,4.6820456981658936
2378,132.61192728584456,0.09465442976934584,12.940463298295912,3.3152289390563965
2379,133.1358080129861,0.09457275033651724,12.981058665312952,12.756851196289062
2380,135.49444993285624,0.09419612852420897,13.071248078659822,26.007048845291138
2381,134.3795054335277,0.09450416723896689,12.980535597873223,1.6037201881408691
2382,133.9157103791924,0.09469548920294085,12.96073024189449,5.991720914840698
2383,133.27655327540046,0.09489139145376858,12.921122939475545,4.840036630630493
2384,132.64378774264645,0.0949424775392309,12.87191171008079,4.854858636856079
2385,132.04734986521999,0.09495195687342763,12.823192592979982,5.000904083251953
2386,132.4668763665678,0.09497944879894622,12.874960667050182,11.938503503799438
2387,132.36220760290212,0.09501326086833381,12.876211060379681,8.412556648254395
2388,133.2885855268731,0.0949964615929838,12.967448949775886,14.966498374938965
2389,132.23569967160438,0.09476078269133968,12.867774460278126,1.9063875675201416
2390,131.13334267488833,0.0947222657735172,12.769096715675344,1.5530900955200195
2391,132.02200924813943,0.0945477703885093,12.82140574851859,14.4804368019104
2392,132.91178915565803,0.09450727006018982,12.903191691033404,14.520044803619385
2393,132.04267126410144,0.09464915388132704,12.834159774123071,3.0076918601989746
2394,131.7022445514604,0.09472307050577908,12.815818176381839,6.407068729400635
2395,132.1752221059458,0.09472556047111234,12.86765999461802,11.745419979095459
2396,131.21346988488636,0.09488941597751233,12.78898339467184,2.382905960083008
2397,132.1313351860375,0.09474769670562957,12.85109356072512,14.779398441314697
2398,131.7900218341771,0.09492266871816511,12.842582625117869,6.445359706878662
2399,131.93212161583534,0.09513782559262729,12.894156798866689,9.550747632980347
2400,131.43280039967698,0.09577181319035956,12.905215230878023,5.411151647567749
2401,130.72847239568023,0.095469832763374,12.826163078569243,3.9897782802581787
2402,130.35118767172344,0.09559040325294454,12.80790144778355,6.143068313598633
2403,129.8076757950062,0.09568713079936247,12.769822433305714,5.233334302902222
2404,128.59959903705612,0.09473025949136885,12.652124208972657,0.5663197040557861
2405,128.27360304668557,0.09492879022978849,12.64560296688293,6.1573357582092285
2406,128.4608670162187,0.0947278016472185,12.639146937214099,10.580994606018066
2407,127.86625834605653,0.09537472652929704,12.632755467841957,4.555270433425903
2408,127.29759576259595,0.09554773982738435,12.596427913163536,4.676626682281494
2409,127.30461980496999,0.09568601242911051,12.620463634031902,8.44373893737793
2410,126.69157360692029,0.09594127351694061,12.584258997691583,4.601045846939087
2411,128.20465787085107,0.09570128524220287,12.668416407714668,19.28080105781555
2412,128.52261129214256,0.09549427238978084,12.671732243637521,11.075213193893433
2413,128.29738517922112,0.09538838626965662,12.645014921201145,7.619539499282837
2414,129.5844113274289,0.095173802017855,12.718564771989133,17.71874737739563
2415,128.47856721415462,0.09527469557662382,12.621379124269241,1.294734239578247
2416,128.92378154201307,0.09530460758039516,12.675165333026548,11.607070922851562
2417,131.16454372659294,0.09491813374255154,12.758413679696284,24.406370878219604
2418,130.09289828932702,0.09480228573845936,12.66082954289932,1.7368988990783691
2419,132.06196930643375,0.09422123535813898,12.664221247470328,24.24565029144287
2420,131.82134961336942,0.0943901341156687,12.667579034995626,7.52764630317688
2421,131.20313611723572,0.09458908991736915,12.630903244645669,4.718970537185669
2422,131.81110475606334,0.09437236568486213,12.654594212199212,12.956417560577393
2423,132.3129937085027,0.09430776290713438,12.69804827007722,12.5487699508667
2424,131.60986377141765,0.0943324272135469,12.641067787376448,4.181682825088501
2425,130.93376513370345,0.09479535294141142,12.614657109502684,4.341040849685669
2426,130.1544274823664,0.0947907956384124,12.548510538407657,3.6522440910339355
2427,131.49288320754272,0.09456258465172525,12.62302543302358,17.93206477165222
2428,132.6179543754673,0.09435466372324078,12.686795178693343,16.19051218032837
2429,132.29177483171262,0.09441111708600837,12.66992722690641,6.599675416946411
2430,132.11885708339548,0.09451048417601784,12.673227954637346,7.822818756103516
2431,131.61766851256152,0.09490684274889181,12.666495675090971,5.446123361587524
2432,131.2114918274359,0.095056675420304,12.649830718340061,6.008878707885742
2433,130.23937690916156,0.09498846160727742,12.56333241115666,2.219494342803955
2434,131.05698314006995,0.09488763359497823,12.627699087045093,14.246449708938599
2435,130.04641330866926,0.09593875725902845,12.571422096174642,2.0101380348205566
2436,130.11594917558256,0.096147252898117,12.615707875212895,9.098224401473999
2437,129.24478968382672,0.09658112920634514,12.559550796460766,2.850179433822632
2438,130.69234178698846,0.09645473397267584,12.673955288496158,18.34874987602234
2439,131.8454183691186,0.09646579638904665,12.797215735611196,16.63757061958313
2440,131.9769641854274,0.09639769014929411,12.809243578255085,9.830426692962646
2441,131.8271945435731,0.09663029444438237,12.831151142472535,8.063731670379639
2442,132.16892259813739,0.09674832884933612,12.89283963104781,11.397945404052734
2443,131.917233372156,0.09690234088794557,12.893911234737333,7.220455169677734
2444,133.86806103843446,0.09660610035368385,12.99497212238996,21.79292368888855
2445,134.6993804280501,0.09651561538701336,13.06502240116606,14.4766845703125
2446,136.4623866237696,0.09638647209487956,13.204372177154399,20.748083114624023
2447,136.16776275753188,0.0963571868131831,13.182328455382855,7.182549953460693
2448,136.64608512995656,0.09620883233635562,13.210505170829027,12.428127527236938
2449,136.129624278657,0.09665850871887441,13.208400119120737,5.840508222579956
2450,136.47832803587042,0.09651063708197806,13.22631611792953,11.627929449081421
2451,136.76354475551173,0.09651522768085524,13.264052956750234,11.113436222076416
2452,135.8359093079566,0.09668643904041031,13.191412427182732,2.983022451400757
2453,135.25755021487703,0.09674521567564723,13.149498302910905,5.2124645709991455
2454,135.01497471272828,0.09667866441979166,13.128003319881795,7.45595645904541
2455,135.124824965601,0.09653379558381292,13.126723286682978,9.896307706832886
2456,135.133576715945,0.09659786939268067,13.14545605381615,9.084710121154785
2457,134.50224094878556,0.09688189069875386,13.114001493277987,4.819554805755615
2458,135.0372185392977,0.09692371008963867,13.182861478345206,12.607954978942871
2459,135.4168463539047,0.09676372154365558,13.201032863561755,11.526398181915283
2460,136.48267789036564,0.09670517523730994,13.299022534926138,16.23786473274231
2461,136.02785111146198,0.09705680480361815,13.296032309576876,6.130873680114746
2462,134.75757260034737,0.09608623675558198,13.173071986481107,0.6093604564666748
2463,135.6799968743439,0.09605048452018475,13.261341266616297,15.196123361587524
2464,135.10319690560047,0.09598741557241879,13.208727853950133,5.2874839305877686
2465,135.64216493654445,0.09576828215743534,13.226640575410633,14.959810972213745
2466,136.435743287179,0.09574083189400052,13.304374169656526,17.79059386253357
2467,136.6913858543072,0.09570934950098645,13.33133042795996,13.67799186706543
2468,137.83447199576412,0.09570843130478136,13.44801712368036,20.776304721832275
2469,137.19612727580648,0.09596756320794976,13.413536952443556,6.033229827880859
2470,136.6441660030484,0.09610544855148002,13.379401582919119,6.858046293258667
2471,138.17772434301793,0.0959030147556204,13.475607567089927,24.1760036945343
2472,137.31594709958776,0.09609783076191035,13.410851491419027,4.387909173965454
2473,137.5527876285919,0.09613064127416703,13.446742976504837,13.149831533432007
2474,136.46725975230595,0.09551416244763225,13.332275546739787,2.429605484008789
2475,135.6225871547829,0.09590517466930977,13.278952791272388,4.281305551528931
2476,135.1263612832351,0.09599263455052365,13.246163263359664,7.150421380996704
2477,134.65509767040274,0.09673725365956387,13.273701630726068,7.327351808547974
2478,134.4685466936987,0.09689057077814064,13.280964614418808,2448.0969626903534
2479,135.7438612267617,0.09672319178791648,13.36815496827462,5546.79078245163
2480,136.04642261449408,0.09671981529172406,13.404473418591873,11.781519889831543
2481,135.20595838834913,0.09671415560034528,13.330428684405955,3.4815878868103027
2482,134.28389880446565,0.09714236288155113,13.267124397561895,2.8774449825286865
2483,134.85105981642099,0.09716570365064138,13.334453153586276,12.760005950927734
2484,133.57254921825677,0.0976226180427064,13.221108622050412,0.47756242752075195
2485,133.71682372607418,0.097795040510928,13.268897535829907,9.865033626556396
2486,134.03965548881342,0.09778094552750545,13.306208560471608,11.032452821731567
2487,132.88925893392528,0.09785576765117777,13.203146474866891,1.2649128437042236
2488,132.62036634458602,0.09782060620108109,13.181115010118221,7.033045053482056
2489,133.37416268114018,0.09780393860060874,13.25930386001704,13.713484764099121
2490,132.70042105432876,0.09803802042672385,13.21671082141687,4.365611553192139
2491,132.84341684378546,0.09814607559660626,13.2545437132027,9.728755712509155
2492,133.2249826753476,0.0979833282909326,13.271998276070674,11.2830650806427
2493,132.56273284859412,0.09834677859011284,13.239278293309967,4.573906183242798
2494,132.47710552010818,0.09825040757840527,13.226885510376867,8.23042917251587
2495,133.8023344649071,0.09809809218186649,13.324616655273099,17.58418345451355
2496,133.34431112025803,0.09848074762368418,13.321370488720369,5.828965663909912
2497,135.05086800905545,0.09825251909481576,13.428156783833165,20.205782890319824
2498,134.63035932896491,0.09856031648451277,13.423875215994833,6.652359962463379
2499,134.43405573567526,0.09861819158053721,13.419636463834886,286.530312538147
2500,133.3697151783185,0.0987034382361604,13.325440099196536,6.487168550491333
2501,135.02601802653533,0.0985525242551366,13.45218569820457,20.3679301738739
2502,134.39575784626996,0.09840033234591856,13.387663841222524,4.383234262466431
2503,133.28180026780726,0.09828589423985068,13.283787202810299,1.4589486122131348
2504,134.36898226512918,0.0981708038924935,13.370949330782196,15.543099641799927
2505,134.45529244247788,0.09830797697244968,13.407239837474373,9.619524717330933
2506,134.7607395180531,0.09829459417242215,13.443167439099629,11.069625616073608
2507,133.89313212287254,0.09876998156403126,13.388735764708633,3.2022385597229004
2508,135.0942008016438,0.0985696833231941,13.464848407061547,17.000157117843628
2509,136.31325879362737,0.09844001761836683,13.560199922990932,13.892707586288452
2510,137.0401262056911,0.09831686146132192,13.614597923761023,11.120073318481445
2511,136.2097249436342,0.09844480395781981,13.548451944523412,2.8665390014648438
2512,136.22762769419785,0.09832992113563291,13.54296742507818,7.214768409729004
2513,137.2253514172559,0.09836357107681895,13.657537750827398,16.093815326690674
2514,136.53309790308333,0.09870346477781547,13.620962373319124,3.6960947513580322
2515,136.1877669240525,0.09908897914964515,13.634752749585932,5.473025560379028
2516,135.89588925481198,0.09903266879740104,13.608405222090072,5.902082204818726
2517,135.76693036226385,0.09901795186552459,13.602321169869171,7.936676263809204
2518,135.83926105864123,0.09886693318603018,13.59629795817048,9.098886966705322
2519,136.42086844805482,0.09901228447272659,13.690334978588774,12.557003736495972
2520,135.42665976357426,0.09964378324962093,13.623431628802887,2.5258922576904297
2521,136.0223931659385,0.0998268325966119,13.727197312514859,12.538803577423096
2522,137.24216923427912,0.09952623868925042,13.77992533938971,45894.05458188057
2523,138.31974754193632,0.09926567017990895,13.832126085995812,16.594775199890137
2524,137.39655006651697,0.09892518739115334,13.733804825135852,3.2172019481658936
2525,136.9225845658518,0.09893593551724181,13.696466776884494,6.057986259460449
2526,135.72335872019326,0.09971128204442234,13.599502109115647,1.1040520668029785
2527,136.85612513299134,0.09955754271795403,13.683507088024491,16.4246084690094
2528,136.40756388166142,0.10008370642120927,13.696672017144246,6.176343202590942
2529,136.2534882428448,0.10007460489418725,13.689705296972805,8.14406442642212
2530,135.73095336041635,0.10038338265476919,13.672808244003077,5.517613649368286
2531,137.0836438268122,0.10022825731530638,13.776080161563046,17.66491723060608
2532,136.56280738854406,0.10052009238921214,13.758319359947414,5.853938579559326
2533,136.52717931465864,0.10041714710441775,13.750736166347941,9.81327199935913
2534,137.48190752151206,0.10023194115061496,13.813228804684462,18.183722734451294
2535,136.57708844629693,0.10029345152634285,13.735096516637618,3.659419298171997
2536,137.37131756183396,0.10017014664070906,13.797745551471241,16.579176425933838
2537,138.60760438621563,0.1000113570516966,13.889768095956528,20.416630029678345
2538,140.62152834235349,0.09986418465765022,14.050870414996963,26.742764711380005
2539,139.68531305892995,0.10056767047064818,14.000361710846994,3.6344525814056396
2540,140.19845992834064,0.10050440214290506,14.050358093738524,15.06942343711853
2541,141.47647532905725,0.10032025364386407,14.139854512801138,20.753649473190308
2542,141.1417105757667,0.10024297703335136,14.108455967673127,8.562029361724854
2543,142.11029347000903,0.10008088339747162,14.177371407996397,18.381812572479248
2544,141.63919053530893,0.10023796930033901,14.155597693916432,7.495958566665649
2545,142.76279862995582,0.10006236126087893,14.234041716977268,19.822006464004517
2546,142.79517064365626,0.10015762805922905,14.261701299807495,11.428568363189697
2547,143.71721893721968,0.09996456241693463,14.319084286809419,17.96255373954773
2548,144.5800467478475,0.09996491679276528,14.415893443941325,17.726207494735718
2549,145.40424628036902,0.09989037775699623,14.491734509501912,17.710192918777466
2550,145.29020381756533,0.09978699636748598,14.476817164406894,10.710244417190552
2551,144.05730177938966,0.09969821731290203,14.362048992762825,1.804248571395874
2552,145.02672876159576,0.0994896168825116,14.418428502835196,18.7759108543396
2553,145.3564614739798,0.09956213644402356,14.474244217806843,14.086621046066284
2554,144.29289685924,0.10010497661804488,14.399501775628774,3.187177896499634
2555,144.82996789064757,0.10011402786196544,14.465506757872488,15.593661069869995
2556,144.3516682117411,0.10024690820190249,14.440851690293762,7.944201469421387
2557,144.9881515296237,0.10006174681219115,14.476443173390823,16.59955406188965
2558,145.84827001432748,0.09988364016658006,14.531678741656915,18.201852321624756
2559,146.0297873141842,0.09986041352101183,14.556361954240346,13.082757949829102
2560,147.13948944104234,0.09971784051420637,14.640798334697942,20.16802144050598
2561,146.8080945466319,0.09959785509152046,14.604390351350963,9.085325241088867
2562,147.8800136011656,0.09931053795792807,14.648346447837453,20.148794651031494
2563,147.3212134651539,0.09929569344791402,14.601862983359078,6.953355550765991
2564,146.60800133050236,0.09948694703975067,14.555844353525487,6.162142515182495
2565,146.73192131719733,0.09962415304105127,14.600285909990232,12.678995132446289
2566,145.90460210402534,0.09972166151064076,14.53428305089033,5.133287668228149
2567,147.67555608298508,0.09934363994197398,14.598940220381428,25.867544412612915
2568,148.37880052215525,0.09926763473521479,14.662950818177613,17.274515867233276
2569,147.02501251693369,0.09827495838786264,14.526321309995836,1.0954651832580566
2570,146.34476239176433,0.0981782847533511,14.461058096895878,6.307223558425903
2571,146.0613147678467,0.09838294258378368,14.46644751592692,8.97854495048523
2572,144.80070162016824,0.09839911315794583,14.35178304076765,1.5700047016143799
2573,145.18269460396658,0.09828943896625708,14.378265210359974,14.49137830734253
2574,146.44086765792693,0.09811835269467568,14.464482558256375,20.944283485412598
2575,147.01645898134765,0.0981665809324348,14.539837732673812,16.047223329544067
2576,148.9562943915342,0.09785940192662951,14.634439355347073,26.97962188720703
2577,148.71673144761886,0.09792080790736321,14.628094961793602,10.135517835617065
2578,149.25956413314267,0.09792682150316642,14.691814012175668,16.25728750228882
2579,148.61696849181124,0.09800637681754652,14.64489587205391,6.744259834289551
2580,148.66079880689313,0.0980067052062338,14.658446913333371,11.950255393981934
2581,149.3341908188242,0.09781367519120848,14.691862444200037,17.14278745651245
2582,150.21084891063595,0.09767942029583647,14.754943819758038,18.41341996192932
2583,148.9087404215296,0.09670262609287811,14.617394381560457,1.6679935455322266
2584,148.9796530173143,0.09650483060118009,14.601220437744853,12.51855206489563
2585,149.17985648714114,0.09660487105256474,14.645208233367404,13.359133958816528
2586,149.54805792226975,0.09666032771838318,14.698756151033729,14.823037147521973
2587,150.22257734304705,0.09670754932599197,14.781768589523391,17.190040349960327
2588,150.8403515696166,0.09682537949310942,14.873950903628158,16.55291771888733
2589,152.09194805392042,0.09661799526339572,14.945211394591876,22.00581192970276
2590,152.2110285733812,0.09650547384734713,14.945759280645957,12.975244045257568
2591,152.6589182876474,0.09645412469263001,14.986301687839497,15.148788690567017
2592,152.25232910477092,0.09656101201713228,14.966438670961102,8.35584282875061
2593,151.7198058137232,0.09660550290706198,14.92677428425149,7.5441248416900635
2594,151.14260775558597,0.0968096606439488,14.897506541408974,7.460298299789429
2595,149.87118167803013,0.09625823070417598,14.768531475994884,1.8695847988128662
2596,149.1624698612498,0.09643488890346334,14.720846161234935,6.2045979499816895
2597,150.4808451626373,0.0963958069183433,14.843637699622585,21.363775968551636
2598,152.7360367110109,0.0960701467215003,14.945201322626358,29.47953224182129
2599,152.7986763439008,0.0961157345624614,14.965749309400096,12.994448900222778
2600,151.88068958046182,0.09613818377421383,14.886091816306095,4.6135149002075195
2601,153.03188268465718,0.09618803789152788,15.017230898143033,21.207509517669678
2602,152.5315638578106,0.09658538081358348,15.017058589161604,8.268697261810303
2603,151.56624821923248,0.09651238414830478,14.926888003269989,4.318002223968506
2604,152.86058573704014,0.09633017845628793,15.007619123237289,22.20628309249878
2605,151.89197987966975,0.09661687667172504,14.937542932004916,4.348979473114014
2606,150.76306008087303,0.09693275918705907,14.848167502684868,3.112741231918335
2607,150.9154294800643,0.09704776894458607,14.889685827658019,12.911832809448242
2608,151.26627518526365,0.09693750630890365,14.910788969381437,14.93800139427185
2609,150.393612433411,0.09706188124581461,14.841681079687623,5.072065353393555
2610,149.01967630907689,0.097629723971818,14.723264268890746,1.036128044128418
2611,148.5394795459861,0.09774253564299092,14.696031626201838,7.695508241653442
2612,147.14408475052625,0.09676511028656101,14.559071309939819,0.6986591815948486
2613,147.12264390302096,0.09690090745955747,14.58348059684042,11.620105981826782
2614,146.00141746399075,0.09707475552781904,14.487645790872017,2.8046467304229736
2615,146.95140328935085,0.09693388349121304,14.552769332963297,18.555458307266235
2616,147.11188925645735,0.09706883913482853,14.597241639633664,12.77656626701355
2617,146.4407703638928,0.09759815074348024,14.581269223237328,6.276669502258301
2618,147.36636266025386,0.09745898931972745,14.645456531004955,18.66591453552246
2619,147.27269903365132,0.0975713559482693,14.659001965694905,10.969936609268188
2620,146.77997204331479,0.09741196891939884,14.602411946037956,7.611639499664307
2621,146.2021723228816,0.09778616383694642,14.586387826577576,6.959831476211548
2622,145.4201505996528,0.09813183161034167,14.540523948311801,5.306724548339844
2623,145.61594909365627,0.09824142238514734,14.585118708828682,12.78417158126831
2624,145.83978960271972,0.09821138911367681,14.609267521740396,12.553093433380127
2625,146.28139170669252,0.09828190680148742,14.673174846522993,14.854984760284424
2626,145.85857778962557,0.09835678004116484,14.646443098057762,8.180913925170898
2627,146.8499920117293,0.0983528040774879,14.749978667077185,19.219193696975708
2628,147.671492091612,0.09832997472666935,14.832478880406413,17.861985445022583
2629,147.98477717069588,0.09835226157158142,14.874154091602348,13.877007246017456
2630,147.1549293989889,0.09844566203278868,14.805412550686324,5.1398985385894775
2631,150.02338010499903,0.09789899343089398,14.85735842517946,33.56205725669861
2632,150.07314630394904,0.0978877454320689,14.868784840927665,12.116793155670166
2633,152.13241484090955,0.09758302528111899,14.970096992518389,27.962604522705078
2634,151.60109069250046,0.09771830613941891,14.940396022593204,7.771430492401123
2635,151.81507978557545,0.09778158550577039,14.980992062367271,13.625870704650879
2636,151.0969289877197,0.09792876965071269,14.931182141743598,6.093446731567383
2637,149.6859596978425,0.09794948195420557,14.801870320326161,0.756751298904419
2638,148.83910010086407,0.09820075636543274,14.7438516171229,4.976081132888794
2639,147.66070909985544,0.09883165202758487,14.65641310095167,2.379918098449707
2640,147.00410200885688,0.09906284770243097,14.619848969942153,6.595505475997925
2641,146.2940609887683,0.09886169290961717,14.54365048024273,5.868986368179321
2642,146.69112037888064,0.09884081791600487,14.588213975440302,14.547338247299194
2643,146.55420917509184,0.09867947740601775,14.562331835685898,10.967937469482422
2644,146.4286670833409,0.09873745875136056,14.566708517329038,10.782824754714966
2645,146.5943804125075,0.09903842772212916,14.641041432155749,13.007802248001099
2646,145.7084366083824,0.0989101124104251,14.554631017834192,4.818343162536621
2647,146.2413522422986,0.09902653892451181,14.63908470765585,16.02787947654724
2648,147.0389387198756,0.09887698149986847,14.692693860579292,18.03416609764099
2649,147.15854933267684,0.09889450099304589,14.715766921973499,12.439209938049316
2650,147.0269638393501,0.09895033210251841,14.718609252753764,10.25825572013855
2651,147.3066942009566,0.09898940021006467,14.761423160226226,13.663187265396118
2652,147.313627258947,0.09894545215390997,14.763808928623964,11.639917135238647
2653,147.50049098635753,0.09891985305405761,14.786170839337725,12.846054077148438
2654,147.08548607649396,0.09887405074993212,14.748309130944348,8.392493963241577
2655,146.034631215729,0.09931388167100423,14.670826039634905,3.2484498023986816
2656,146.18428490357172,0.09931453167416997,14.694117779238557,12.508498907089233
2657,147.352442054536,0.09923393388594537,14.797176601446171,20.980206727981567
2658,147.24891763399063,0.09948247045949468,14.829204835431709,10.712130308151245
2659,147.45642845765073,0.0994400267072807,14.850912787077391,13.22485899925232
2660,147.25186417307424,0.09946924848745198,14.842403659206617,10.21478271484375
2661,146.7093455313435,0.09944229793806132,14.79397962261455,7.585896968841553
2662,148.40225207603007,0.09927065976880729,14.916039826388404,24.12072205543518
2663,148.25822955526976,0.09939735615619384,14.92687942812452,9.888902187347412
2664,147.49564725971706,0.099514493705743,14.867610633843276,5.312879800796509
2665,148.8506907871199,0.09926139823865023,14.938934527504843,21.53549289703369
2666,148.8321838792487,0.09928919241952902,14.949545182229794,10.966035604476929
2667,149.2338620404562,0.09924868144771469,14.990049730407495,15.206027030944824
2668,148.77152342005164,0.09942124317692685,14.97014923310342,8.033417701721191
2669,147.84380818585112,0.09985560217372902,14.910447740772385,4.269657850265503
2670,147.7353701039926,0.09980595126148079,14.901343263364662,10.667707681655884
2671,148.13801640295267,0.09965895557865322,14.922329830731016,15.150265216827393
2672,146.83663623892315,0.09921792157842224,14.793106532423705,1.439323902130127
2673,146.80826987653393,0.09933685347374913,14.815175467099468,11.267122507095337
2674,146.0301871777686,0.0995029052288667,14.757023712428474,5.342420339584351
2675,146.4598853059909,0.09914279681149868,14.73945347530419,14.937678337097168
2676,146.785286452931,0.09932455320092558,14.812058940551148,14.344389200210571
2677,146.5874335884017,0.09951241003112105,14.823938351145637,10.139995336532593
2678,147.37155925251767,0.0994950637085876,14.905698967634182,17.57253360748291
2679,147.1478436599925,0.09938011307150173,14.876641977957838,9.52634882926941
2680,147.31636522339255,0.09948387291639646,14.91787555817826,12.346224784851074
2681,146.47320157115863,0.09975887545707376,14.858696802596477,5.039742946624756
2682,146.26846955544704,0.0996343025755189,14.83010983457051,9.976125717163086
2683,145.7957848598926,0.09944604035784453,14.771808736224806,7.625438451766968
2684,145.37782701129365,0.09941311841580454,14.734090648862557,7.86522102355957
2685,144.16404874118072,0.09925232056497983,14.61674974237393,1.9235756397247314
2686,145.74240825376893,0.09898827418052208,14.70058224495019,22.379465341567993
2687,145.41498417123123,0.0992373294918142,14.703576422500689,8.18810486793518
2688,146.05083432951892,0.09939328155574774,14.806540658275681,14.889795541763306
2689,146.93032598622372,0.09929678463762616,14.878475251692924,16.435873985290527
2690,147.44102272636147,0.09926341275084587,14.929690499175994,13.972770690917969
2691,147.01661249909787,0.09922315957571837,14.890393594184234,7.5217320919036865
2692,146.1464463741069,0.09923092797996118,14.811489658242392,4.173438310623169
2693,147.37498191036582,0.09890776368157421,14.853374761659968,19.617204904556274
2694,147.65123209126216,0.09877582890190133,14.864841014043368,16.938682079315186
2695,146.89471977034952,0.09889918172399342,14.806192603902934,6.30077600479126
2696,147.815772572646,0.09887253300298779,14.898130677863906,19.11099934577942
2697,147.73761484691957,0.09859809338724362,14.859149371085266,10.796996355056763
2698,149.54023869845037,0.09834381977044436,14.960557877374413,27.42943835258484
2699,150.36483631146587,0.09826555398653303,15.030952298600669,20.76400089263916
2700,150.4311879483512,0.0983657009944384,15.060642775614662,14.299647808074951
2701,151.06687606886769,0.09826989445178372,15.110036347858514,19.55899715423584
2702,152.10620730817902,0.09807150923275607,15.16893598437993,24.964343786239624
2703,151.29514523509724,0.09807670963338626,15.09724662453613,5.702898025512695
2704,151.07219378274627,0.09802617509519193,15.076274158290769,11.707849740982056
2705,150.0514718449188,0.09827040314015838,14.995511416707862,5.266895771026611
2706,150.01095712646963,0.09831509636903075,15.005556302540782,15.518009901046753
2707,148.98084755520495,0.09839577519257449,14.915500739515375,2.9491119384765625
2708,148.8710390796529,0.09842631019427192,14.916345732120222,12.254071474075317
2709,149.25232868885635,0.09819071019393348,14.91718227479902,21.339735984802246
2710,148.03980540196778,0.09792308880627985,14.79801045205103,3.2195241451263428
2711,147.2294073479481,0.09813788776896332,14.740030347530519,5.735313892364502
2712,147.53711327446862,0.09799920552048716,14.752630044055214,18.95243525505066
2713,148.82174214172392,0.09781631491455765,14.835103743614663,25.99554681777954
2714,149.6635247203067,0.09769652086412453,14.896752706178518,24.21889567375183
2715,148.99688947310364,0.09816533878801341,14.877785179116733,6.982457637786865
2716,149.0869205783726,0.09825963476722188,14.909007327325565,17.093857288360596
2717,148.52605137258888,0.09835230723675395,14.869917254052309,10.0720956325531
2718,149.850790858863,0.0979737663707921,14.901218081511786,28.416836977005005
2719,150.66228295027437,0.09798969970275517,14.992205900696668,22.348005771636963
2720,150.42566012077165,0.09819090506793235,15.002283841689701,14.219168901443481
2721,149.51140351956394,0.09839543669521912,14.932261003272805,4.681262016296387
2722,149.44628948436832,0.09860029351707812,14.962938393240076,15.683894157409668
2723,148.43182658952463,0.09886429058190734,14.883309009307675,5.400554418563843
2724,148.5775083236294,0.09891859246136434,14.914475919214597,18.102613925933838
2725,150.2117332403931,0.09866658602393018,15.005331160022452,35.45690369606018
2726,149.89961590798916,0.09894042436537154,15.015277848422228,13.142997026443481
2727,150.40061974890926,0.09890102012171782,15.065125069938004,19.386006593704224
2728,149.36661355142016,0.09918860566518149,14.984473819238625,4.741910219192505
2729,150.06294741590597,0.09906429951720547,15.034629081046237,19.517463207244873
2730,149.6923179417469,0.09922409899990951,15.024282790235775,12.65070915222168
2731,148.6753947623294,0.09948185800991041,14.944039962333417,4.778294801712036
2732,147.4286408147061,0.09932037276314465,14.824599562710082,2.5409047603607178
2733,148.09435440655903,0.09921501950280291,14.87635356708298,21.661258220672607
2734,148.17341086249345,0.0992485103334159,14.89759003141215,13.085654497146606
2735,148.7516767538685,0.0992754427058099,14.968614131098029,19.987236738204956
2736,149.81415998632983,0.09910621769051652,15.03892798978705,25.82839322090149
2737,150.31601838646654,0.09911515551361134,15.09853870988918,17.63131546974182
2738,151.07285820260185,0.09905320749829824,15.167553322790289,19.820541620254517
2739,150.73212962057582,0.09917378653442636,15.155877789562386,9.212726354598999
2740,149.55480832437007,0.09939416988120331,15.054319011666763,3.01200270652771
2741,148.98926024112637,0.09969055076303644,15.033775821550096,7.592103481292725
2742,149.05936763871512,0.0997192862810471,15.053438063334594,15.314090251922607
2743,149.33877396232796,0.09990853409620273,15.12290368270125,14.985451221466064
2744,150.0253862227047,0.09996449462680033,15.211674645874236,18.312555074691772
2745,150.43513236047764,0.09980254601561087,15.229557899415493,14.347589015960693
2746,150.0407810368729,0.09988560163653584,15.20726232042134,7.157040119171143
2747,149.41037322650416,0.10003617090752681,15.165189697217125,5.600091218948364
2748,149.4262694942391,0.10002918668189524,15.173537800244954,9.715035676956177
2749,149.14200679929672,0.1002685642365639,15.181802422242505,7.800788402557373
2750,149.04058673130373,0.10027307283880257,15.17998439802008,8.923701047897339
2751,148.7401808639907,0.10036277908520447,15.168184554039879,7.661026239395142
2752,147.6927790553508,0.10026824220344334,15.066502708499481,2.8587028980255127
2753,147.3158512647973,0.10044737796322709,15.055837681414486,7.130398750305176
2754,148.2926927521493,0.1003816796937989,15.145279304600342,15.866382837295532
2755,147.28976582462778,0.10041952956352757,15.05382651155434,3.105470895767212
2756,146.2068681663815,0.10069738554994356,14.963288246438797,2.516477108001709
2757,144.94479948471766,0.10069041169444412,14.843655363974408,1.2926452159881592
2758,145.92535148987048,0.10071231416186181,14.955218810334664,15.706737279891968
2759,145.11609797497178,0.10078211409716627,14.885666622231318,4.16538667678833
2760,143.85493699522206,0.10082692453514198,14.766809956009004,1.219026803970337
2761,143.35638762526983,0.1008824850770246,14.729141856448914,6.2929441928863525
2762,142.40282374901713,0.10070699355958769,14.631850437884426,3.1977357864379883
2763,142.80879551152697,0.10073817499011203,14.685531933505581,11.745070934295654
2764,142.55070755641168,0.10067096418038186,14.658676614170524,7.573364973068237
2765,142.15520048084755,0.1007322157036266,14.632089848028818,6.729451656341553
2766,142.59364847603908,0.10080016236379463,14.69576894954853,11.982192993164062
2767,142.80771199127867,0.10070679488649815,14.708811260053045,10.714008808135986
2768,143.6196348713659,0.1005032983662046,14.751723147452514,14.506576776504517
2769,143.74343852265224,0.10052390640818358,14.774205915977989,10.038948059082031
2770,144.62600413742572,0.10055315010272242,14.876463856818209,14.982332229614258
2771,143.7297440960515,0.10063852769260428,14.797699218250028,3.5221803188323975
2772,143.99244665509096,0.10069096594509,14.839722226067527,11.044515609741211
2773,144.55252218854005,0.1006840562856391,14.901325003806853,13.871357679367065
2774,144.94699696665467,0.10049243311408705,14.912311753768785,12.328234672546387
2775,144.30752699698812,0.10059861989405729,14.863188636231097,5.2308008670806885
2776,144.11445172701823,0.10103263369511671,14.904556749868785,9.283304929733276
2777,142.94330720974807,0.10150378883964703,14.805511182370099,2.2761824131011963
2778,142.5638741376506,0.10182208428458389,14.807456070546397,8.645188808441162
2779,142.0382353962741,0.10202608566396028,14.779381509840933,7.314487934112549
2780,141.96785304231136,0.10196878777028363,14.771587694742523,11.10617971420288
2781,142.24817451188824,0.10183145283375727,14.783871817795099,13.477268695831299
2782,142.65569276676936,0.1016874552453104,14.806033099617148,13.80220079421997
2783,142.79913583910167,0.101753383240628,14.837972768620975,11.717469692230225
2784,145.19114448071065,0.10136412165953063,14.939593040934765,31.459096670150757
2785,146.13923303590354,0.10126714710960198,15.020197110525418,18.992990493774414
2786,145.4778407055445,0.10162947563850597,14.989995139420163,6.439340353012085
2787,144.61306229848907,0.10146063850923955,14.900095188025961,4.622371673583984
2788,145.33693167550416,0.10141377405963102,14.971094236145703,17.251598119735718
2789,144.5135623587491,0.10135201727141567,14.891383293784246,4.3563103675842285
2790,145.4384267351616,0.1012245730480686,14.962469460846403,17.966086864471436
2791,145.78404246781,0.1011012162064768,14.982844766237939,14.237056493759155
2792,147.1062020431319,0.10102545584297318,15.103016318575559,21.722359895706177
2793,147.64514002270056,0.10086097242882205,15.131986155389804,17.122544527053833
2794,148.67868862247354,0.10068901609098801,15.200666293835907,20.092517614364624
2795,147.49190173624882,0.10101545926341148,15.098659630897549,2.631025552749634
2796,147.96698271888633,0.10092838159385428,15.137673034588573,16.0656635761261
2797,147.52731289169745,0.10126525162406959,15.136296304242688,6.755772829055786
2798,146.27203976278048,0.10116169001691981,15.01493334120026,1.4431188106536865
2799,146.01931936515268,0.10122445328203987,15.004784007788258,7.894020318984985
2800,145.93912617150116,0.10115423773472672,14.994736167710375,8.996092319488525
2801,147.45973490978614,0.1008809503909365,15.074788806033272,19.374149322509766
2802,147.83513756068828,0.10079105980594605,15.104040917972938,11.974123001098633
2803,148.3567861850814,0.10073314920788659,15.153000508793207,13.313759326934814
2804,148.2432183232306,0.10082070822675664,15.161470503705274,8.862700462341309
2805,149.0407861399983,0.10060197482869959,15.19985579866822,14.805705070495605
2806,148.7103782785983,0.10097526542524018,15.217857240681539,7.533619165420532
2807,147.58327449581233,0.10079884610432112,15.105678668274722,2.3468289375305176
2808,148.3074417508542,0.10083631218873244,15.194621881591974,14.289413690567017
2809,148.20436733334566,0.10076997805235235,15.182675662776054,8.906020402908325
2810,149.51232366001219,0.10055080873777865,15.260848906148293,18.322128295898438
2811,151.00720042341206,0.10024764178752461,15.32824041708681,19.38017201423645
2812,151.57712841917794,0.10025478075426475,15.394958012915943,13.384754180908203
2813,151.97135713498616,0.10014228530274304,15.421008432786783,12.368419408798218
2814,152.7116435636363,0.10011431377714923,15.496798348458915,14.788589715957642
2815,152.01452712799994,0.10031798991648616,15.451830364974326,5.337214469909668
2816,151.73438185671995,0.1003631971140955,15.437312061324583,8.442792654037476
2817,151.06703803815273,0.10041838867236631,15.382938940711337,5.6123573780059814
2818,152.1263676577712,0.10034805692572048,15.479109551304225,16.46826982498169
2819,153.52510398119347,0.10016649416468244,15.574318455791182,30.064130306243896
2820,154.51985294138154,0.10003439444042692,15.648575271233272,26.418248891830444
2821,153.34465441196772,0.10011513157710374,15.542089518520939,3.5695722103118896
2822,153.94120786784805,0.10005294739748292,15.59666862333573,23.295572757720947
2823,152.57179578916956,0.10022888851174339,15.470701937102373,1.8728454113006592
2824,151.12607783127788,0.09922659962662594,15.325994917731348,0.8699758052825928
2825,151.06481705296508,0.09933778190622175,15.342734968554035,13.765331745147705
2826,151.96416888243542,0.09925726715769895,15.419307618868496,25.994049072265625
2827,151.82452719361106,0.0992067234716292,15.405114542679812,14.962847471237183
2828,150.86628192167495,0.09946465623691292,15.331063397253013,6.0544962882995605
2829,150.59761910245822,0.09959904193260831,15.327752763280483,13.286316394805908
2830,149.87164291143364,0.09962869253892324,15.264475235647678,8.416337490081787
2831,149.0129264823193,0.09972615561353401,15.191830483291202,6.861346006393433
2832,147.8427972174961,0.09997889405739867,15.08991217845829,3.4313175678253174
2833,148.73436924532115,0.09982298697336477,15.149013056673708,25.597530603408813
2834,149.02702555286794,0.0997798132834064,15.17752292610697,19.049664974212646
2835,148.47675529733925,0.09984584493780638,15.1357476968459,8.134997844696045
2836,149.21198774436587,0.09992846756950939,15.234390219877442,21.841479539871216
2837,149.27986786692222,0.09989072135535275,15.242046317678668,14.918463706970215
2838,148.72706918825298,0.09995564392903326,15.19962585450188,10.064194679260254
2839,147.56979849637045,0.10016820870186413,15.097629595956862,3.569040298461914
2840,149.01410051140672,0.10009118414909206,15.226653299997293,31.667977333068848
2841,148.34395950629266,0.1000658820636987,15.16438676699732,7.193037033081055
2842,147.78051991122973,0.10047826672132257,15.152742899327347,9.526113986968994
2843,147.48271471211743,0.10023619591851612,15.101215470334072,11.717684268951416
2844,146.80788756499626,0.10035883395933096,15.05020331563073,6.924618482589722
2845,146.60980868934632,0.100693828296903,15.079701282474423,10.603717565536499
2846,148.67371060245287,0.10036677669948638,15.178904269649678,35.9024920463562
2847,149.03697349642835,0.10028202785141042,15.207115226953182,18.12196636199951
2848,149.48660376146407,0.10036168179970044,15.27504407468365,18.46407389640808
2849,149.80173772384944,0.10035254011982499,15.312293633936813,15.571089744567871
2850,149.86372034661096,0.10024645061606263,15.309170697597445,16.804261207580566
2851,149.27508314314485,0.10056266742858333,15.286078990621471,9.765361309051514
2852,148.2923323117134,0.10073351134253279,15.203218200715256,5.508028745651245
2853,148.43940898859626,0.10058507193462894,15.201186018708103,17.65408968925476
2854,149.5650148987103,0.10042213309267728,15.279174158521023,26.49130654335022
2855,150.8193647497232,0.10029063903447778,15.376382416935813,26.02008867263794
2856,150.391171102226,0.10030625116265152,15.342618592766454,11.799279689788818
2857,149.65725939120375,0.1006018899497263,15.29919240683879,8.33928370475769
2858,149.6706867972917,0.100390573036984,15.276200482770403,14.373883485794067
2859,149.43397992931875,0.10041841333836019,15.2634384779427,11.892663478851318
2860,148.91964013002556,0.10043463736824189,15.220804093163272,10.725621938705444
2861,149.7104437287253,0.10030748397701561,15.27859605223164,22.73430299758911
2862,148.97333929143804,0.10075177755829808,15.245810091709322,8.211833715438843
2863,148.37360589852364,0.10098021483889487,15.213351990792228,9.572022438049316
2864,147.8898698395384,0.10117041269050593,15.191218470884307,10.884870290756226
2865,148.58097114114298,0.10108036754977599,15.249306286175464,22.711755990982056
2866,148.26516142973153,0.10109520489991926,15.22681322331371,11.800472974777222
2867,147.04250981543422,0.10085348362015084,15.104545091080572,2.8448665142059326
2868,145.77208471727985,0.10084494878394933,14.983499640169766,2.1780028343200684
2869,146.37436387010706,0.10095300415047875,15.073664643768069,20.382980346679688
2870,146.540620231406,0.10104776858750157,15.112927997330388,14.77075982093811
2871,147.71521402909192,0.10094638181071747,15.211798717357084,25.317163467407227
2872,148.808061888801,0.10098750165019783,15.339680730183511,25.593414306640625
2873,149.359981269913,0.10105605800624488,15.416283922881677,22.036978483200073
2874,148.00638145721385,0.10075978314046814,15.282121083652859,0.875483512878418
2875,148.4363176426417,0.10074694970696922,15.32929987281633,19.599392414093018
2876,148.36195446621528,0.10087423198294918,15.346006874088166,10.823105096817017
2877,147.80833492155313,0.10094075848032398,15.302546805347284,4.927126169204712
2878,147.8402515723376,0.10079227804783862,15.289521337293811,7.818322420120239
2879,149.4018490566142,0.10060672368841286,15.396626123920873,16.963554620742798
2880,150.41783056604805,0.10047715047543312,15.472659862681665,13.610264539718628
2881,149.66365226038758,0.10107237897067879,15.447933264054848,3.8545379638671875
2882,149.99701573778373,0.10099061692960588,15.4734539314143,9.514389276504517
2883,149.06704558040587,0.10138421953223965,15.408719392100156,3.24487042427063
2884,148.94637512460181,0.10124628974567638,15.384632198179155,7.371549367904663
2885,150.2969113733558,0.10111410853836046,15.490785876197362,14.994795799255371
2886,149.05394225962223,0.10087219822220762,15.365878017435389,1.4395620822906494
2887,149.11340283702603,0.1010247665625662,15.402219237261034,8.258273124694824
2888,148.7022688086558,0.10131081519323684,15.398197044888425,5.791884660720825
2889,148.3852461205692,0.10149428823788567,15.394215074439542,6.364185333251953
2890,148.48139365936353,0.1013654213048739,15.390272923695147,9.07623553276062
2891,148.4565797227699,0.10124217805072927,15.376370194458195,8.101990699768066
2892,149.4120139255422,0.10113139561448427,15.452606492513613,13.391028881072998
2893,150.20789378628677,0.10108078034829576,15.528080427588478,12.360733270645142
2894,150.7858148484239,0.10098343408327434,15.572799623312592,11.56636905670166
2895,151.09795669993966,0.10101755578639765,15.617071627079465,9.850903272628784
2896,151.37697713294025,0.10112469866428786,15.67090091080867,9.631739139556885
2897,152.06320736161084,0.10097708804128133,15.714191901700584,11.556101083755493
2898,152.58257528799473,0.10089868970988812,15.757049982683577,11.139681816101074
2899,152.53674953511478,0.10090321632630275,15.759479482856742,7.874679803848267
2900,151.8613820397636,0.1006000665159809,15.671884688028175,4.703243970870972
2901,151.50276821936598,0.10080096240254523,15.665165841147894,6.244331121444702
2902,152.06774053717234,0.10075449124005824,15.718514182736417,10.94713020324707
2903,153.63706313180063,0.10052364535678386,15.811329040909053,15.9526846408844
2904,152.6106925004826,0.10030272262870621,15.703215750499963,2.6240732669830322
2905,153.10458557547778,0.10028979441232014,15.756183592994963,10.602190732955933
2906,152.053539719723,0.10116189646819694,15.698621757065013,2.6390771865844727
2907,152.8330043225258,0.10106332098177584,15.761635539494362,12.454345703125
2908,152.79467427930055,0.10105939918135405,15.764019184099418,8.007816553115845
2909,153.50672753650755,0.10107559090382623,15.846378992258424,12.047026634216309
2910,154.7416602611425,0.10078685665543778,15.897915202335842,14.802379608154297
2911,153.66424365853106,0.10148111574845786,15.828936050312484,2.4912924766540527
2912,153.85760122194574,0.10139116008230276,15.84064668980936,8.977453470230103
2913,154.21902520972628,0.10142988006042711,15.892240222911267,10.156694173812866
2914,154.026834957629,0.1016748405190821,15.913317820682154,7.3878350257873535
2915,153.60656660805273,0.10190809211389128,15.904184642475332,6.123840570449829
2916,152.6305009419722,0.10160329690703808,15.79514279605058,2.9843883514404297
2917,152.22419593255248,0.10201583536653913,15.807191368090074,5.8680524826049805
2918,153.61195397322695,0.10185478354208335,15.909119454409172,16.120266914367676
2919,153.93583443349468,0.10180397764214638,15.94002825986508,10.199137687683105
2920,153.74647608915973,0.10189704897683602,15.940627977266429,7.262792110443115
2921,154.08901132826813,0.1017823338062166,15.961221697493764,10.202109098434448
2922,154.28812121498547,0.10168405069803949,15.971609480518826,9.41494631767273
2923,154.3952400028356,0.10151569503954394,15.961893385713637,8.69995641708374
2924,155.16128760280725,0.10153949912810953,16.0522744518565,12.256795167922974
2925,155.32967472677916,0.1015706157647354,16.081751707337936,9.225476741790771
2926,155.89637797951139,0.10140396621086163,16.110934190264558,11.143989562988281
2927,157.6374141997163,0.10120810836693483,16.22982484836191,18.07792067527771
2928,156.2210400577191,0.10144602728326549,16.097526599878293,0.8771085739135742
2929,156.59882965714192,0.10156558762898954,16.16655133387951,10.242409944534302
2930,156.8528413605705,0.10137410757687547,16.164885820540714,9.603928804397583
2931,157.29431294696477,0.10110663515782313,16.163236962335308,10.991626024246216
2932,156.5113698174951,0.10123480931257402,16.101604592711958,4.1152024269104
2933,156.79625611932016,0.10119543419242125,16.13058854678484,9.869388580322266
2934,156.29829355812694,0.10111805928974937,16.07928266131699,5.701993703842163
2935,156.6953106225457,0.10128034808460698,16.158489834703822,10.747634410858154
2936,157.18835751632022,0.1011898747008483,16.196904936356784,10.969480752944946
2937,156.32647394115702,0.10116389144679756,16.114935886993216,3.7793028354644775
2938,155.92320920174544,0.10101432149784682,16.063786528123284,6.158679246902466
2939,155.21397710972798,0.10118064887110365,16.013148662842053,4.494032382965088
2940,156.0018373386307,0.10110901332256356,16.08301717621363,12.466123342514038
2941,154.55181896524442,0.10009792318933793,15.932187004451494,0.5973551273345947
2942,153.53630077559197,0.10022901942914265,15.84286513440698,2.720822334289551
2943,153.34093776783604,0.10034613221992585,15.84443648306291,7.244767904281616
2944,152.46752839015767,0.10055479210984779,15.775992118232281,3.5894505977630615
2945,152.4928531062561,0.10064601838229768,15.798232197049957,8.24095344543457
2946,151.94792457519353,0.10096608881071961,15.780249875079457,5.350458860397339
2947,151.3284453294416,0.10106753903372352,15.732447376328661,4.716139316558838
2948,151.1551608761472,0.10117626662846091,15.735122902565374,7.136136054992676
2949,150.42360926738573,0.10131835011602246,15.67777167353972,4.224488258361816
2950,150.03937317471187,0.10110873804343366,15.620993956804321,6.618729114532471
2951,149.58897944296476,0.10114526971061838,15.584784017236277,5.5297675132751465
2952,149.0330896485351,0.10151679573691645,15.568936177063915,5.098254442214966
2953,148.09275875204978,0.10159253687045637,15.483246815293276,2.9431779384613037
2954,147.75183116452925,0.1018046816771904,15.478414347140344,6.174792289733887
2955,147.41431285288394,0.10175154714112024,15.44363020366894,6.035327434539795
2956,147.26016972435508,0.10179463773031511,15.439193901632251,6.932293653488159
2957,147.12756802711152,0.10197072120375822,15.454801962615928,7.157614231109619
2958,147.37629234684042,0.1019393860847439,15.48025394298977,9.209049701690674
2959,146.822529423372,0.10222434004998342,15.455451403559872,4.823497533798218
2960,148.6643041291383,0.10198759513890956,15.570896889524272,17.124348163604736
2961,147.9176610878469,0.10204880026860155,15.50518792062903,3.8863964080810547
2962,147.22848447696842,0.10216755277224465,15.45013604142274,4.271088123321533
2963,146.50619963219873,0.10221254391118886,15.385634681008511,3.762213706970215
2964,147.61113763587673,0.1019686285888085,15.441778334198426,13.886348247528076
2965,150.11502625951795,0.10165245989086011,15.577360550856442,21.024220943450928
2966,149.93387599692275,0.1018480565040727,15.591586945347878,6.929469108581543
2967,149.05453723695354,0.10211989851967715,15.5256710758944,3.148965358734131
2968,147.93399186458402,0.10163924007502091,15.400414365135454,1.8948066234588623
2969,147.68465194593816,0.10167975824337638,15.3864102214841,6.224786758422852
2970,147.2678054264788,0.10207805500056526,15.392546119269259,5.93545126914978
2971,148.465127372214,0.10180633812097159,15.448620658076567,14.10725736618042
2972,147.16047609849187,0.10189938585087298,15.324134451495802,0.8590521812438965
2973,148.28887133750695,0.1018419304539027,15.430893106980843,13.859026432037354
2974,148.55598262413187,0.1017377968636494,15.446584175911035,9.108927488327026
2975,147.83042279789055,0.10177305047396028,15.382118334151924,3.9439446926116943
2976,147.08211856991164,0.1021251829829193,15.338297150810405,3.802792549133301
2977,147.26129738421253,0.10213423418339314,15.3649141793023,8.899866342544556
2978,148.29868441037038,0.1020292265029138,15.451265037509277,13.640943050384521
2979,149.1656975662667,0.10194510445065061,15.526752387134184,12.29272174835205
2980,150.094040590604,0.10179342200118544,15.591484863262844,12.785074234008789
2981,149.73310018469795,0.10182811936012096,15.565570014630216,6.208720445632935
2982,148.89576918285096,0.10202195937864095,15.499914314483913,3.5296568870544434
2983,147.66681149102243,0.10177097055408531,15.374915171339072,1.333603858947754
2984,146.82014337611218,0.10170564180092541,15.291166019625681,3.3730380535125732
2985,145.90194194235107,0.1012340399283707,15.178254359429424,2.9114437103271484
2986,145.19292252292757,0.101421699529087,15.12647181583513,4.033964395523071
2987,145.42099329769832,0.10153843491474851,15.175207097676777,9.030003547668457
2988,144.1667833647213,0.10152305056560103,15.053455026700009,1.1093668937683105
2989,145.2651155310741,0.10141333187096864,15.142920476433009,13.702533960342407
2990,144.56246437576334,0.10159919855225896,15.091491271668678,4.036630153656006
2991,145.5368397320057,0.10149229747582729,15.170576358951992,12.820144891738892
2992,144.93147133468563,0.10153619803048078,15.118870595362472,4.343078136444092
2993,144.91215662133877,0.10142992695926689,15.107681889408846,7.466648578643799
2994,144.19303505512536,0.10205946330611258,15.086605070514759,3.8863577842712402
2995,144.77110470457413,0.10212797758394254,15.165739019809612,10.948346853256226
2996,144.3833936575284,0.10223877327980123,15.144081629611517,5.743325710296631
2997,144.8195597209531,0.10222702384487556,15.1926408133154,10.093024730682373
2998,143.7013641237436,0.10271990512157832,15.100714405182247,1.7361187934875488
2999,145.20435048250616,0.1024750189955326,15.189707261130424,16.086084604263306
3000,145.45230697768108,0.10239144527616552,15.20781018851912,9.118598461151123
3001,144.11778390790425,0.10136753082340386,15.065732086633929,0.6053166389465332
3002,145.3266060688252,0.1011085724963019,15.125074765767591,14.782697916030884
3003,146.21334000813695,0.10095218762603973,15.183824018109917,12.9040207862854
3004,145.94120660805558,0.10086703549767849,15.151985777928816,6.658752679824829
3005,146.79179454197504,0.10076745605179262,15.220465920149529,12.588907957077026
3006,146.2338765965553,0.10085868259017579,15.178261260948032,4.989516735076904
3007,145.87153783058974,0.1011228230370013,15.176478648338552,5.703795671463013
3008,145.87282245228386,0.10141296466964499,15.224713861855166,7.58092999458313
3009,146.824094227761,0.10122871054162073,15.282466723236615,13.252879858016968
3010,147.1858532854834,0.10125467480232475,15.329642056004248,9.542479276657104
3011,146.28399475262856,0.1014701982297401,15.256345635444205,3.161151647567749
3012,145.51115480510228,0.10161491653729778,15.193782179089762,3.602736473083496
3013,145.36604325705125,0.10189647729558893,15.221844357298865,7.003352642059326
3014,144.77238282448076,0.10204030322030745,15.179625913725875,4.441410303115845
3015,145.57465899623594,0.10190878907699326,15.237829654588618,11.778693199157715
3016,145.28891240627357,0.1021717524682746,15.24545135804273,6.175464868545532
3017,144.83602328221082,0.10255003494359186,15.242996844462304,5.380060195922852
3018,145.43766304938873,0.10259770532586325,15.320566876017681,10.853864431381226
3019,144.84328641889485,0.10226940269120927,15.237361207257504,4.434022903442383
3020,145.8248535547059,0.10206975393178688,15.29498759518493,13.052228450775146
3021,144.97660501915885,0.10236053180230507,15.23203771923308,3.221806049346924
3022,144.16683896896726,0.10243067648428203,15.15971734204075,3.427138328552246
3023,144.48517057927756,0.10265636971943921,15.238120168620343,9.336526155471802
3024,144.93031887348477,0.10263509702753583,15.285738966934138,10.1044020652771
3025,144.3810156847499,0.10249763494614936,15.222881577264797,4.9624457359313965
3026,145.62720552790242,0.10225332774166927,15.290652761492149,14.528900623321533
3027,144.2309334726234,0.10123079446425258,15.147746233877227,0.3182868957519531
3028,145.36862413789717,0.1011487190777496,15.246268771538455,13.600829839706421
3029,146.5449378965182,0.10108780222917742,15.35380608382307,14.288172006607056
3030,147.19948851755302,0.1010674902446215,15.420268022984839,11.151325941085815
3031,145.9374936323775,0.10100919629455624,15.29606534275499,1.1237852573394775
3032,145.96811869605375,0.10100581574100664,15.303104689327439,8.27732801437378
3033,145.1284375090932,0.10128608016424175,15.240073642434163,3.224147319793701
3034,144.76715313400229,0.10155762303232409,15.237672906009822,6.015265941619873
3035,145.09948160266225,0.10132856365593343,15.235296176949724,9.441706418991089
3036,145.26848678663563,0.10124120394530002,15.242943215180228,9.04735803604126
3037,145.31580191876927,0.10129545857251368,15.260513783028426,7.88606858253479
3038,146.11264389958157,0.10126028176456632,15.337908645198143,11.605329990386963
3039,145.49151746058575,0.10155720275644448,15.304529558746161,4.5307252407073975
3040,146.04660228597987,0.10148690436072083,15.351484263158698,10.876801252365112
3041,146.19613626312008,0.10152793593823164,15.37796942052711,8.699455976486206
3042,146.80417490048887,0.1015271493324725,15.44418972632184,11.223047018051147
3043,147.00613315148397,0.10164960239004599,15.48974782905862,9.045283794403076
3044,146.68607181996913,0.10176354114875423,15.474850350768035,6.371140718460083
3045,146.76921110176946,0.10184267993081507,15.500101847260355,8.171173095703125
3046,147.36151899075176,0.10184367060723508,15.565100828787752,10.879548788070679
3047,146.82790380084424,0.10188906368839677,15.519449820499874,5.386076211929321
3048,145.6096247628358,0.1016701730515128,15.394255322294875,1.3405652046203613
3049,145.90352851520746,0.10156775703528338,15.410312769071925,8.977070331573486
3050,145.71449323005538,0.10157570151217464,15.396209641381207,6.667941570281982
3051,145.06734829775482,0.10191796918841092,15.362247544967394,4.387706279754639
3052,146.19667481477728,0.10182902205466635,15.45862506951772,13.466826438903809
3053,145.00470806662952,0.10229221331560116,15.354038818822543,1.3921473026275635
3054,144.8346609859632,0.10228491618244516,15.340498430634318,6.682848215103149
3055,144.71631437610358,0.10254026250934252,15.367093446327974,7.046020746231079
3056,144.60915123234255,0.10255963600365207,15.363422511864695,7.216440677642822
3057,144.17305972001913,0.10282116835648684,15.349788286746048,5.224653244018555
3058,144.09132912281893,0.10289589784939256,15.356290403878587,7.2237372398376465
3059,143.99041583159075,0.10291171499030162,15.352727499839801,7.158892869949341
3060,144.71051167327485,0.10290111635891712,15.429200224841404,11.302805662155151
3061,145.2834065565421,0.1027136893537438,15.454908222592989,10.833086252212524
3062,145.3005724909767,0.10257090620170296,15.44035914036706,7.807894468307495
3063,145.29756676606692,0.10244174886382386,15.425955548963389,7.755185842514038
3064,145.82459109840624,0.10242743238528663,15.481695993473755,10.516632556915283
3065,145.74634518742218,0.10241765081505695,15.476879033539017,7.395808935165405
3066,145.88888173554795,0.10245597430690638,15.502110243203626,8.268017292022705
3067,147.27999291819248,0.10223843210769697,15.58708914077159,15.111886739730835
3068,146.71719298901056,0.10231494888552109,15.541218249363874,4.867945194244385
3069,146.16002105912045,0.10250059060545709,15.505806066870235,4.667546510696411
3070,145.55842084852927,0.10252209632730949,15.450748006201533,4.610132217407227
3071,147.31283664004397,0.10218223361948811,15.526240526139517,17.225664377212524
3072,147.45970827364354,0.10233325078946606,15.570978120878122,8.767196416854858
3073,148.8951111909071,0.10210029628844426,15.655268339669341,16.404186248779297
3074,147.67616007899804,0.10182003406630055,15.528715656272647,1.409489393234253
3075,147.15939847820806,0.1018435003923042,15.48342849970992,5.129225492477417
3076,148.52780449342598,0.10170534707852201,15.58859421471282,15.10036301612854
3077,147.5125264484917,0.10153935743752403,15.482708272565693,2.592454671859741
3078,146.4074011840068,0.10241585575504067,15.407881189840037,2.0051615238189697
3079,146.02332717216674,0.10250280830860137,15.383802377941636,5.706192493438721
3080,145.97309390044506,0.10261253199856499,15.39996435416222,7.677769422531128
3081,145.0833629614406,0.10263903825752671,15.315964710620598,3.0308098793029785
3082,143.6825293318262,0.10161264787495145,15.172805063514392,0.23104548454284668
3083,144.11570403850794,0.10166604011277947,15.231077012879249,10.00238299369812
3084,143.83454699812285,0.10177006936682408,15.218766242750457,6.1441285610198975
3085,143.5162015281416,0.1018237972445844,15.196578580322953,5.911484718322754
3086,144.0710395128602,0.10171008188520388,15.234612794519723,10.562719821929932
3087,144.0603291177316,0.10174193211530289,15.242266666574526,7.779618501663208
3088,144.1697258265543,0.10188580311673051,15.27984399990878,8.235494375228882
3089,144.07802856828874,0.10182990804852617,15.267045559909691,7.34299635887146
3090,145.34724828260588,0.10173411819313316,15.374375104310595,14.561078548431396
3091,144.3337757997798,0.10208041337483818,15.29063135326749,2.3460745811462402
3092,142.97043804178202,0.1010596092410898,15.147725039734814,0.41773152351379395
3093,144.4107336613642,0.10085040687690189,15.236247789337465,16.898666381835938
3094,144.63662632475052,0.10091974711951011,15.27388531144409,11.153215169906616
3095,143.670260061503,0.10095221631498168,15.18114645832965,3.437056064605713
3096,143.04355746088797,0.10117726205306643,15.139334993746353,5.724467754364014
3097,144.1931218862791,0.10101820261083035,15.217941643808889,19.594862699508667
3098,144.2211906674163,0.10116448316975606,15.245762227370799,9.861198902130127
3099,144.71897876074212,0.10108067338960489,15.28330460509709,13.178887844085693
3100,143.4117889731347,0.10149843808428027,15.160471559046119,0.9410228729248047
3101,142.93767108340336,0.10152512037010414,15.118866843455658,6.425490140914917
3102,142.7982943725693,0.10175017924392248,15.137678175021101,8.496339321136475
3103,142.65031142884362,0.10174830245148325,15.126301393270891,8.620611429214478
3104,141.97380831455519,0.10193081942696842,15.075038379338181,4.893721103668213
3105,142.66407023140965,0.10181198516634804,15.1242879955448,13.828333616256714
3106,142.98742952909555,0.10170815102897027,15.14304511558935,11.454508066177368
3107,143.7875552338046,0.10145340135724559,15.171614664433456,14.503324031829834
3108,143.68967968146654,0.10133438973173284,15.149898517789122,8.680386543273926
3109,144.28278288465188,0.10125700642554851,15.19839953261123,13.218994140625
3110,144.29995505580536,0.101271833621567,15.206415537285118,9.847997903823853
3111,145.0969555052473,0.10119661528535132,15.274351381912266,14.71300482749939
3112,143.74598595019484,0.1001846491324978,15.131607868093143,0.6746628284454346
3113,143.55852609069288,0.10014280264117283,15.110291789412212,8.171177864074707
3114,142.63294082978595,0.10071000206574149,15.04918887151809,3.312034845352173
3115,142.17661142148808,0.10094001544714593,15.028696982802911,6.313550710678101
3116,141.5348453072732,0.1009562563183155,14.968410012974882,5.091975688934326
3117,141.23949685420047,0.1010181223265609,14.948725912845134,7.524600267410278
3118,141.15710188565848,0.10136132456194191,14.989238653716683,8.746684074401855
3119,140.6455308668019,0.10156993353854471,14.959346267179516,5.900732517242432
3120,140.55907555813386,0.1013875675364926,14.92975280450772,8.625021934509277
3121,141.44348480255252,0.10124705430654252,14.990455276462644,14.934842348098755
3122,140.66904995452697,0.10148458376347709,14.930550723698017,4.191039085388184
3123,140.0123594549817,0.10140307125917565,14.861245216461038,4.9005560874938965
3124,139.94223586043188,0.10129129618568163,14.842632764296429,8.599179029464722
3125,140.57281350182757,0.10126360489870165,14.904206436653466,13.180895805358887
3126,140.1370853668093,0.10148808225177648,14.885164372286932,6.269589900970459
3127,138.9757145131412,0.10130653476259205,14.766312728564062,1.561645746231079
3128,138.28595736800978,0.10143632655782327,14.70864960127842,4.581863641738892
3129,138.5830977943297,0.10155291567319742,14.761563105265635,10.8622145652771
3130,137.8072668163864,0.101684927500072,14.693947474212978,4.054194927215576
3131,137.67919414822254,0.10202807822507129,14.727007999470848,8.182383298873901
3132,137.39240220674031,0.10210871487401324,14.70973791947614,7.165048599243164
3133,137.3084781846729,0.10225041842294752,14.722640540281379,8.51697039604187
3134,138.2653934028262,0.10221503870223736,14.815414134878566,15.301082611083984
3135,137.1127394687979,0.10206245353260629,14.69725999352978,1.5159900188446045
3136,137.53161207410992,0.10210328151124672,14.750287393594482,11.661789894104004
3137,138.8862959533688,0.1020346296485152,14.872784519658536,17.73643946647644
3138,138.1874329938351,0.10260848625058078,14.84405667446195,4.468459606170654
3139,137.94555866389675,0.10289819086175918,14.85561610771733,7.403714179992676
3140,138.62610307725777,0.10284008273954935,14.917059946640157,13.382920026779175
3141,139.7398420464852,0.10289168191215385,15.047889347173754,16.43177366256714
3142,140.2624436260203,0.10285234842636565,15.097410453702016,12.417085647583008
3143,139.53981918976012,0.10285323670680786,15.026436349164996,4.4322450160980225
3144,139.8444209978625,0.10288352786915154,15.066171985673344,10.989449501037598
3145,138.53597678788387,0.10185469259046002,14.92551026581661,0.5955164432525635
3146,137.21061702000503,0.10083614566455543,14.786255163158444,0.3821580410003662
3147,138.36851084980498,0.10073687511700079,14.87839261152686,16.560365676879883
3148,138.93482574130692,0.10070386534018975,14.92960868541159,12.638315200805664
3149,139.18547748389383,0.101038290101422,15.010312598557475,10.615905046463013
3150,140.1536227090549,0.10104485635295014,15.1102094725719,15.438735723495483
3151,140.44208648196434,0.10098115335155082,15.12910737784618,11.040836334228516
3152,140.69766561714468,0.10111592013128833,15.177816304067719,11.044602394104004
3153,139.96068896097321,0.10100028331803515,15.09603814102704,4.371427536010742
3154,139.76108207136346,0.10107361381818813,15.085077759616771,7.825389623641968
3155,140.73347125064984,0.10090675953654633,15.144226982020605,15.483893156051636
3156,140.47613653814335,0.10102812672378957,15.1327847122004,7.460948705673218
3157,140.09137517276193,0.10109627682910069,15.101456865078394,6.546714544296265
3158,140.1904614210343,0.10115198072747635,15.12044229642761,9.717433452606201
3159,139.77855680682399,0.10125157203131269,15.089237873463333,6.394786596298218
3160,140.38077123875576,0.10118905631099956,15.138345494728698,13.173063516616821
3161,140.3069635263682,0.10122979732683694,15.13696203978141,8.648507118225098
3162,140.07389389110452,0.10167049080656003,15.165592419383596,7.544851541519165
3163,139.41315495219348,0.10173486697957551,15.10393649518976,4.792004108428955
3164,138.73902340267153,0.10210640719866863,15.062897130237863,4.681707859039307
3165,139.5116331686448,0.10215015794149676,15.152268158935485,14.05032753944397
3166,139.87651683695836,0.10215138363480906,15.190745477346129,11.563422679901123
3167,140.78775166858878,0.10216883083742201,15.288838022572667,15.541080474853516
3168,139.5998741519029,0.10160168798359324,15.15594964234694,1.4831798076629639
3169,140.39387541038386,0.10131626471106324,15.17439014592347,14.655299425125122
3170,141.96993665628,0.10114202823844926,15.282646244464235,19.344143390655518
3171,143.50023728971718,0.10101196388826815,15.399819782019593,20.220336198806763
3172,142.28523491682,0.10091093515847638,15.275821584199397,1.6540656089782715
3173,142.87238256765178,0.10074759695117022,15.303063368357403,14.539690494537354
3174,142.86365874197526,0.10072603647461627,15.30003273467383,11.457818031311035
3175,142.7350221545555,0.10102646841756241,15.32703240732709,10.742640495300293
3176,143.91767193300996,0.10093574396327183,15.42376208325382,23.647077798843384
3177,144.67849521367984,0.1010172956145482,15.519524462421282,16.591748237609863
3178,144.25171026154305,0.10108555403095174,15.484329217797068,7.681332111358643
3179,145.17919315892763,0.1010451626256633,15.569485925619098,17.130516052246094
3180,146.65740122733837,0.10092208301305855,15.683791066362906,20.360478401184082
3181,146.61082721506497,0.10075793260546317,15.656953155699277,9.997701168060303
3182,147.19471894291434,0.10087230449892073,15.740383624142284,14.583027601242065
3183,147.19277175348518,0.10122412567161859,15.792979787900862,10.272151947021484
3184,146.90084403595034,0.10114408780473291,15.755049990021853,8.070702314376831
3185,147.84183559559082,0.10100401622129139,15.817499490121634,16.826544284820557
3186,147.04341723963492,0.10102338782378435,15.739324495220417,4.618951082229614
3187,146.86298306723856,0.10109842526337597,15.731931250268213,13.16388750076294
3188,147.74435323656616,0.10093850484052945,15.784611937765531,23.607807636260986
3189,147.5969097042005,0.10098175137107153,15.776765818387876,13.231659650802612
3190,148.4109406071585,0.10101996879185862,15.868998160203997,20.4463107585907
3191,148.4068312010869,0.10122598532015625,15.900308178601957,14.550904989242554
3192,149.40276288907603,0.1011411448217934,15.981305096815937,24.087209224700928
3193,148.77873526018527,0.10116421613219614,15.921492045847778,7.114049196243286
3194,149.75094790758342,0.10096558210095548,15.9722771253893,23.97764015197754
3195,149.5934384285076,0.10092607553367727,15.952554354135408,13.470308065414429
3196,148.34750404422252,0.1011168147783405,15.833028810594053,2.6201815605163574
3197,148.8140290037803,0.10118256970748017,15.894698522488113,19.38289523124695
3198,148.5058887137425,0.10144193045108332,15.895751537263232,11.659472465515137
3199,149.19082982660507,0.10139525308205635,15.9567940218906,18.374066829681396
3200,149.138921528339,0.10135352277345801,15.947226081671694,13.414507865905762
3201,149.32753231305563,0.10147093992667582,15.987753820854977,16.337238788604736
3202,148.9142569899251,0.10156734163852016,15.957876282646428,9.816415309906006
3203,148.78511442002585,0.10172813881037025,15.968297519819963,12.247341394424438
3204,148.8072632758256,0.10183668523683609,15.988614544621763,14.903125524520874
3205,148.49919064306735,0.10192001329972196,15.968728399175546,10.382291793823242
3206,147.94419873663668,0.1021911357473699,15.939041115183791,9.524156332015991
3207,146.95475674927033,0.1021896325531615,15.839650704031953,3.5132181644439697
3208,148.22520918177764,0.10189766323492916,15.891254196991635,25.823578357696533
3209,147.21295708995987,0.10172975043236711,15.78234165502172,3.9915194511413574
3210,147.20082751906028,0.10173985018831741,15.784518238471502,14.774162530899048
3211,147.9088192438697,0.10173162599836084,15.856673056086787,19.304441452026367
3212,147.559731051431,0.10159926549058963,15.80810632552592,11.55647897720337
3213,146.3841337409167,0.10191660616901707,15.70002526227066,3.197875499725342
3214,146.41029240350753,0.10183703742276315,15.693025009647954,13.331271886825562
3215,147.03618947947245,0.10172775795762644,15.736094759551474,20.262298822402954
3216,147.16582758467771,0.10171048037805018,15.748733811955958,14.385953187942505
3217,147.24416930883095,0.10153208525168902,15.731246473836398,12.66194200515747
3218,148.24172761574263,0.10144793848824096,15.813934009098034,21.46704888343811
3219,149.5993103395852,0.10131374079349939,15.915794669007054,24.04969310760498
3220,150.04331723618935,0.10127998482886337,15.956636722316983,16.452053546905518
3221,150.13288406382745,0.10121058120698984,15.957070355093814,15.343320608139038
3222,152.19155522318917,0.10090072258593118,16.057499651542877,33.885947465896606
3223,152.5696396709573,0.10094434693901924,16.10692465502745,19.795325994491577
3224,152.00394327424772,0.10118490346962905,16.075855408477175,8.209174394607544
3225,153.61390384150525,0.10100372536145033,16.185096854392402,25.39166831970215
3226,153.5777648030902,0.10086035477450249,16.16324588584848,12.857272624969482
3227,153.27198715505926,0.10066475935683876,16.111613426989994,12.587054014205933
3228,153.00926728350868,0.10068173381051447,16.090497292720094,13.538721084594727
3229,153.4391746106736,0.10069532463567463,16.139592319792893,19.93227529525757
3230,155.63478286456686,0.10041223197913021,16.258196396594965,31.8805673122406
3231,154.9084350359212,0.10037196508102565,16.185614432629016,5.492236375808716
3232,154.009350685562,0.10029132235329233,16.093758288302727,4.239763259887695
3233,153.1492571787064,0.1004648797179947,16.0228207054197,6.0590291023254395
3234,152.35776460691935,0.10067644713703097,15.962592498365503,6.484256744384766
3235,153.08418696085016,0.10055857155454954,16.012966573381846,22.979476928710938
3236,152.80334509124165,0.10051298583900405,15.982836907648029,11.404114007949829
3237,151.36531164032922,0.099507855980614,15.833008538571548,0.8443520069122314
3238,152.73165852392592,0.09927666630969674,15.904678453185833,30.182157516479492
3239,153.31434193868668,0.09927916031010688,15.965631668653975,21.780627012252808
3240,154.89119851929982,0.09902591854623409,16.045975351967435,28.11737823486328
3241,154.33228653410683,0.09924778057289295,16.01551559844776,9.995141983032227
3242,153.73896366876573,0.09930793434611139,15.96536044246328,8.934345245361328
3243,152.50157403207808,0.09931485500265028,15.845706838038646,3.1762802600860596
3244,151.2565582917573,0.0997502778811952,15.737249769658261,2.944581985473633
3245,150.67399270883973,0.09982804391958754,15.689877271961677,7.65542459487915
3246,149.80725278175132,0.10007976348039166,15.62297849924206,5.753464937210083
3247,148.3591802539338,0.09907896584558774,15.47674871424964,0.22466540336608887
3248,147.48558845139448,0.09923571717073842,15.401981227107143,5.601441144943237
3249,148.09073256688055,0.09915682153749258,15.44796141483607,20.694671630859375
3250,146.72982524121176,0.09816525332211766,15.30348180068771,0.5473639965057373
3251,146.86252698879963,0.09824610078889648,15.330446982680833,14.837919473648071
3252,147.01390171891163,0.09818956570693343,15.337142512854024,17.055341720581055
3253,146.8737627017225,0.09826030162881147,15.333771087725484,12.04237961769104
3254,147.5050250747053,0.09837293670776144,15.42043337684823,21.13734245300293
3255,147.42997482395825,0.09853206448354096,15.436229043079747,14.940673112869263
3256,148.10567507571866,0.09856999965265904,15.511866752648949,22.604820489883423
3257,149.8646183249615,0.09841763298946579,15.63674808512246,32.06979060173035
3258,150.7359721417119,0.09836172670176523,15.710380604271235,24.27400827407837
3259,151.09861242029478,0.09844762815132511,15.763276798228523,18.907697200775146
3260,151.39762629609183,0.09856812424550247,15.815644030246238,18.43485689163208
3261,151.96365003313093,0.09859205838766283,15.877487589943776,20.33555006980896
3262,152.16401353279963,0.09859450989680946,15.898712714044338,13.073631763458252
3263,150.72237339747164,0.09760856479784136,15.749725586903894,0.5494084358215332
3264,149.85514966349692,0.09788247914986295,15.682228331034855,4.294598579406738
3265,151.01659816686194,0.09776831601249965,15.765406047724506,18.583258390426636
3266,151.27643218519333,0.09780758200491702,15.79775198724726,17.517827033996582
3267,151.2536678633414,0.09790333168822354,15.809774467374787,15.40379786491394
3268,150.19113118470798,0.09847985392689687,15.731676722701039,4.348832845687866
3269,150.93921987286092,0.09842838872096123,15.794359955474029,20.982367515563965
3270,151.0198276741323,0.0983246079784057,15.78641635591929,14.460475206375122
3271,149.98962939739096,0.09859136189862164,15.698552192360097,5.0009307861328125
3272,150.27973310341704,0.09872276671538961,15.751566670436496,18.85732078552246
3273,151.44693577238286,0.09863441545273009,15.844051003732131,24.13435959815979
3274,150.79246641465903,0.09869458292610976,15.78561049369481,7.441754102706909
3275,151.33454175051244,0.09868324685294623,15.837754388757862,21.905072450637817
3276,150.0811963330073,0.09846564515364754,15.709376844870283,2.422858476638794
3277,149.34038436967722,0.09905993607053212,15.68228307642158,8.113359212875366
3278,149.97698052598045,0.09905525220278455,15.745460245657364,23.546488046646118
3279,149.47721072072065,0.09916469968075671,15.70800564320079,11.240160465240479
3280,150.82243861351344,0.09901812310648435,15.800925586768782,31.638858795166016
3281,150.7142142273783,0.09924222758970522,15.822916330901094,15.734171867370605
3282,151.41707208510454,0.09920003155815206,15.884687167592084,24.68500256538391
3283,151.4529013642535,0.09930480543611891,15.905840295916162,16.34838891029358
3284,150.34837235061096,0.0990434646988309,15.786781892957,4.427391290664673
3285,150.88488862710483,0.09898440260086219,15.828914074027429,22.334095001220703
3286,151.5860397408338,0.09912578029431057,15.930624933287154,23.906102657318115
3287,152.17017934342545,0.09894404630089128,15.951318683954282,22.786522150039673
3288,151.87847754999117,0.09893021559397992,15.92180549711474,13.629676103591919
3289,153.05969277449125,0.09890387640100308,16.032587442143594,29.701011180877686
3290,151.57909584674636,0.09791483763699305,15.882261567722157,0.5476386547088623
3291,150.5533048882789,0.09795609742388842,15.783438952044936,5.239084005355835
3292,151.2977718393961,0.0979543142274273,15.855604562524487,23.462023496627808
3293,151.46479412100214,0.09786762822801016,15.857048516899242,17.827720403671265
3294,151.91014617979212,0.09780731929266884,15.88847803173025,20.78827166557312
3295,150.8510447179942,0.09791620262148128,15.789593251412947,4.8672637939453125
3296,149.66253427081426,0.09787454059526646,15.671697318898817,3.4625494480133057
3297,150.60590892810612,0.0977564509270187,15.734980345709829,21.223665714263916
3298,150.47984983882506,0.09786584293948765,15.737630542252731,14.681630373001099
3299,150.7850513404368,0.0978264110294298,15.760254236830203,19.48088550567627
3300,149.74720082703243,0.09769921074892274,15.652651694461902,5.242119550704956
3301,150.4697288187621,0.09744293936215424,15.666125177517282,23.670845985412598
3302,149.86503153057447,0.09780184330186605,15.63946392574211,9.554632902145386
3303,148.6563812152687,0.09854796279988187,15.54306928648469,3.0656237602233887
3304,150.019817403116,0.09840458843504095,15.637638593619842,30.420035362243652
3305,150.55961922908483,0.09835191509971014,15.681262207683643,18.492658376693726
3306,151.354023036794,0.09836839594871304,15.764449585606807,23.83744239807129
3307,150.65048280642606,0.09861927989046047,15.716805089750737,7.966812372207642
3308,149.9739779783618,0.0988379063686643,15.66963703885323,8.924873113632202
3309,148.67423819857817,0.09884952730497765,15.542940668464697,1.8333134651184082
3310,149.6874958165924,0.09890103203192786,15.65751126178005,24.370296239852905
3311,148.92062085842645,0.09914489842393735,15.600936149162248,7.069987535476685
3312,148.14141464984218,0.09956190014392333,15.554926787670624,5.750851154327393
3313,148.49000050334377,0.09954988769986113,15.589377519793917,15.56606149673462
3314,148.95510049831032,0.09958002984850355,15.64348374459598,20.752025365829468
3315,149.3555494933272,0.09958952055530952,15.687048907150018,19.760822057724
3316,148.02199399839392,0.09984362534975642,15.560178418078516,1.6793694496154785
3317,148.68177405840996,0.0997797685355112,15.614576633897732,20.253371000289917
3318,148.06495631782587,0.09981645360877676,15.558430867558755,9.158290147781372
3319,147.70430675464763,0.09997900335840329,15.542846558883168,11.850645303726196
3320,147.31726368710116,0.10008013075601191,15.517418093294337,9.570213794708252
3321,146.00409105023013,0.10032932944845178,15.392243912361392,1.72706937789917
3322,146.08405013972782,0.10010525693318804,15.36832147323778,16.123106479644775
3323,145.77320963833054,0.10040855218994313,15.374638258505401,11.82338571548462
3324,146.04547754194724,0.10038712562758127,15.400891875920347,17.31461238861084
3325,144.74502276652777,0.10000825437130546,15.266882957161144,1.708554744720459
3326,144.64757253886248,0.1001933570127776,15.284214127589532,14.80414628982544
3327,143.73109681347384,0.10032349891434793,15.201371986313637,5.909817934036255
3328,142.9837858453391,0.10033475667882763,15.1293582664505,7.72535514831543
3329,142.8139479868857,0.10060125038188063,15.148064683785995,13.261181116104126
3330,143.93580850701684,0.10061484572119908,15.266584036948133,26.87359619140625
3331,143.24645042194666,0.10094203059732043,15.223918196578651,8.062140226364136
3332,143.8739859177272,0.100903484077755,15.281679014612866,22.488417625427246
3333,142.90524605854992,0.1011710449816583,15.198862224466737,5.0031468868255615
3334,143.49619359796444,0.10109992859124765,15.246873602222069,20.39787769317627
3335,145.01123166198477,0.10097028523753857,15.364404866199846,30.71030855178833
3336,145.7911193453649,0.10090228642103763,15.430760817537848,24.167744398117065
3337,146.23320815191127,0.10089326355682725,15.47645320936247,21.06847596168518
3338,146.63087607039216,0.10095959973846327,15.531688677268846,19.5801522731781
3339,145.55456730968822,0.10071923451030941,15.416371790496157,4.088738679885864
3340,145.77902163659135,0.10060489930806346,15.422208072591197,17.99723792076111
3341,146.26123142022544,0.10068132454178694,15.487985991865285,18.79457187652588
3342,147.42861910602318,0.10058705882488617,15.583106131946632,27.91519594192505
3343,146.08433291496294,0.09958118823663731,15.437275070627166,1.4117729663848877
3344,144.6934895858133,0.09858537635427093,15.292902319920893,0.7475771903991699
3345,145.55655468995516,0.09850861349981914,15.359973296721686,25.951616048812866
3346,145.8509891430556,0.09866638450767809,15.416373563754469,19.007614850997925
3347,145.25247925162506,0.09884251136027572,15.372209828116924,9.165928363800049
3348,145.28995445910883,0.09899502584398841,15.398487729835754,14.18434739112854
3349,145.29705491451776,0.09910096599650743,15.414502852537396,15.7004554271698
3350,146.45408436537258,0.09902949656642741,15.510357824012022,28.207660913467407
3351,147.01954352171884,0.09917220652687152,15.595254245771901,21.682745456695557
3352,146.23934808650165,0.09933990475145787,15.529301703314182,7.265318870544434
3353,146.35695460563664,0.0992958727925509,15.534008686281041,14.542423009872437
3354,146.84338505958027,0.0991234268851382,15.54866859941823,18.214767694473267
3355,146.82495120898446,0.09930460640939028,15.573181913424047,15.367955923080444
3356,146.4967016968946,0.09945191122248935,15.557450094289807,11.77148985862732
3357,146.61173467992566,0.09959663261659357,15.59187559334691,15.245063304901123
3358,145.51561733312641,0.09941147710123845,15.47595683741344,4.152090549468994
3359,145.29046115979514,0.0993116712733155,15.441197269039305,12.85253095626831
3360,144.8575565481972,0.09929894671744509,15.396785296348911,10.906684160232544
3361,146.08898098271524,0.0991268527726587,15.472817443385422,26.394611120224
3362,147.02809117288808,0.09917725091159878,15.578089268951567,25.62195062637329
3363,146.3478102611592,0.09919813663033089,15.512308376262052,8.342543363571167
3364,145.5843321585476,0.09906329812117044,15.42718529249943,6.979077577590942
3365,145.8884888369621,0.09920902877632237,15.482913439574437,16.055607080459595
3366,145.83960394859247,0.09935169026160878,15.498084305178693,15.961576223373413
3367,144.49120790910655,0.09835817335899269,15.353103462126906,1.2236101627349854
3368,144.02629583001547,0.09870112223764767,15.339572427505638,10.811947107315063
3369,143.8060328717153,0.0989436192119925,15.346176703230583,11.31149935722351
3370,145.24797254299816,0.09878751635320591,15.442714936198277,29.900166273117065
3371,144.01549281756817,0.09870873209876477,15.318287786836294,1.7336595058441162
3372,144.1753378893925,0.09865914477777711,15.32510490896793,16.937137365341187
3373,144.21358451049855,0.09875363441108043,15.34185385987825,16.158122062683105
3374,143.32144866539358,0.0988570071578787,15.25843532127947,6.082906246185303
3375,142.65823417873966,0.09877752799539083,15.185850968066674,6.413904190063477
3376,141.61165183695226,0.0983160685049106,15.063992458386007,4.1282758712768555
3377,141.25553531858273,0.09855932291420112,15.053352533802148,12.687081575393677
3378,142.26297996539688,0.0985241429081996,15.142819008464127,23.06267786026001
3379,142.9903501657429,0.09856215729307109,15.221390818379486,20.54889225959778
3380,142.84044666408548,0.09867028572014039,15.219176910195692,11.548017978668213
3381,142.01204219744463,0.09835024952960565,15.116985141093735,6.4437994956970215
3382,141.62192177547018,0.0986288829566397,15.105815289682798,11.299989223480225
3383,141.67570255771548,0.09873102950122295,15.12475713678597,12.722806930541992
3384,141.55894553213832,0.09889756536005688,15.13350956541811,12.889463901519775
3385,141.01335607681693,0.0992879000512839,15.11217446976393,6.782121658325195
3386,139.97322251604876,0.09964637240212242,15.02105272506629,2.4690794944763184
3387,141.08349029088828,0.09952640270200558,15.100842197815629,16.918311834335327
3388,141.7426553879794,0.0995456314286087,15.169833775837473,13.840470790863037
3389,142.3252288340996,0.09950017511432262,15.218135438079097,13.37976598739624
3390,143.1019765457586,0.09936880972681575,15.265954083698304,15.014313697814941
3391,144.59095678030098,0.0993682723144791,15.41329454286132,19.32772660255432
3392,145.53504721249797,0.09929509168338452,15.489161597432707,16.04284381866455
3393,145.63969674037298,0.09945598692039682,15.52426998145838,10.64943265914917
3394,144.92329977296927,0.10021818380794961,15.509027281643796,5.172915458679199
3395,144.61406677523956,0.10053179144355433,15.513937008827359,7.561186790466309
3396,146.2779261074872,0.10036248639085511,15.628797638739085,20.704428911209106
3397,147.1051468464123,0.10014488772781993,15.662509662351694,15.427600622177124
3398,147.4640953779482,0.10012704540791878,15.695884565728177,12.132383584976196
3399,147.61945442416874,0.1002300694323672,15.728925720070894,12.242338180541992
3400,148.18325987992705,0.10020816089490626,15.781636462870186,14.408831119537354
3401,148.02142728112779,0.1001909277708057,15.763820098241483,9.303328514099121
3402,146.6612130083165,0.10002235182643097,15.626181897259068,0.9261758327484131
3403,146.09460087823334,0.10002212830816666,15.569920078286478,9.67344045639038
3404,147.253654869451,0.09986160168157354,15.644220877503614,26.267595291137695
3405,146.6611183207565,0.09977207657384872,15.577778668728577,9.433500528335571
3406,146.18450713754893,0.10008748712124153,15.562000882041291,10.625179052352905
3407,147.40266206617346,0.09990750777241718,15.636380873220878,26.81445622444153
3408,148.57863544551174,0.09966314967582508,15.69001706448867,27.335360050201416
3409,149.22284909105662,0.09960548531521705,15.743116893843784,15.94584608078003
3410,149.79062060014604,0.09958030424847265,15.795685724905347,15.515225172042847
3411,149.49271439414457,0.09975116787265459,15.787728867656293,9.662469387054443
3412,148.35778725020313,0.09986476730503914,15.679851578979731,3.4891083240509033
3413,149.39420937770112,0.09973913550500461,15.753053063189935,20.03328013420105
3414,148.3802672839241,0.09999174414995457,15.665522532558036,2.785550117492676
3415,148.37646461108486,0.10000534022196854,15.668867307232455,12.815180540084839
3416,148.022699964974,0.10015572929762495,15.652178634160132,9.523362398147583
3417,148.41247296532427,0.10017021478539737,15.69565684781853,12.939064741134644
3418,147.96834823567102,0.10051466648369724,15.688700279340345,9.719073057174683
3419,148.91866475331432,0.10045602187647343,15.771813276546942,24.809744834899902
3420,148.8594781057812,0.10057034277658981,15.784095143781473,11.913712978363037
3421,148.90088332472337,0.10054503150568665,15.786254192343659,14.264852523803711
3422,149.72187449147614,0.1004486720997207,15.848391650420222,22.559837341308594
3423,149.76465574656137,0.10041821135274948,15.84990773391602,14.796143531799316
3424,150.12700918909576,0.10043553461556606,15.891408656576859,15.63014554977417
3425,150.50573909720478,0.10044181756728275,15.93249457001109,18.538268327713013
3426,151.70068170623273,0.1002151771693877,15.993169624310978,22.775827884674072
3427,151.7136748891704,0.10025877703168075,16.00323792806787,10.19972825050354
3428,152.4965381402787,0.1001692327396248,16.063205548787188,19.281052350997925
3429,152.8115727588759,0.10003710562961986,16.072573493299316,19.680118560791016
3430,151.67345703128714,0.10083160636819545,15.991847758366323,4.117345809936523
3431,152.17672246097428,0.10086289426490953,16.05192928078266,20.415299892425537
3432,151.67495523636455,0.10112877512618201,16.031409987974833,10.442830085754395
3433,152.1582056840009,0.1010674873749202,16.071095888095083,18.958356142044067
3434,152.3366236271609,0.10117445955999453,16.11038492921413,13.146055459976196
3435,153.77325739088928,0.10093974199142162,16.18928107992199,23.59790301322937
3436,154.2955248169804,0.10085267466859478,16.22738826912277,22.239779472351074
3437,155.05256956881058,0.10080066966103927,16.295114386431543,21.734861850738525
3438,156.01204387312248,0.10086836017558426,16.412163242567228,22.36855983734131
3439,156.36192343439126,0.10069737290890694,16.418041610141557,20.47025203704834
3440,155.27830420004733,0.10135706584648453,16.34386119404014,5.151140928268433
3441,155.27552115804687,0.10131123712350355,16.34042258209974,16.484598636627197
3442,155.3127659464664,0.10130441406044462,16.347018356278745,14.87001633644104
3443,155.15963828700174,0.10136279849126874,16.34354817271596,13.777493953704834
3444,155.00804190413172,0.10142059907778463,16.3401126909888,13.957702159881592
3445,153.69796148509042,0.10123972642034011,16.206711564078912,2.4835731983184814
3446,153.78098187023951,0.10121498347712436,16.214644448438126,15.832378387451172
3447,152.40317205153713,0.10082783364235312,16.072498003953744,1.6674656867980957
3448,152.40914033102175,0.10073458798566816,16.061773023914206,13.103869438171387
3449,151.85504892771152,0.10075816994086302,16.011155293675063,9.755142450332642
3450,151.3964984384344,0.10107134295843552,16.00104374073831,10.65715742111206
3451,152.46253345405006,0.10106838146683567,16.111033303330927,22.765154361724854
3452,151.60790811950955,0.10125172750291357,16.039922970297617,6.6705639362335205
3453,151.70182903831446,0.10148144625272915,16.08952374059464,15.374699592590332
3454,151.00481074793132,0.10144224154629941,16.018628503188694,7.992900609970093
3455,149.574762640452,0.10042781913083641,15.868442218156806,0.8332228660583496
3456,149.51901501404748,0.10032631871730582,15.849757795975238,14.656173944473267
3457,149.903824863907,0.1002805023386434,15.881260218015486,15.236128091812134
3458,149.74478661526794,0.10032247343465994,15.87244761583533,11.454524040222168
3459,149.31733874911527,0.10025382813956568,15.823723139676977,8.189337491989136
3460,149.08416536162412,0.10036240096928113,15.815485908280207,11.95473861694336
3461,148.73332370800787,0.1004114085385357,15.787331049197405,10.241318702697754
3462,149.16599047092777,0.10039687778648368,15.82945773870543,18.257513284683228
3463,149.8243305662185,0.10032314156675838,15.881163161318376,19.806322813034058
3464,149.53608726055631,0.10047693494447922,15.872351529705194,10.313351392745972
3465,148.25072638795075,0.10042454654741538,15.743628014408142,1.878676414489746
3466,148.51821912407124,0.10039172965336979,15.76619173426406,16.906402587890625
3467,148.69303693283052,0.10041190874237826,15.78852981692142,15.763249635696411
3468,149.1161065635022,0.10050726609474506,15.850644518752206,18.670121431350708
3469,149.40494549786717,0.1005696091641347,15.892138073564684,17.03852939605713
3470,148.40089604288852,0.10078840286841172,15.803216692829038,4.729715585708618
3471,148.79688708245962,0.10073796564823824,15.835184525900747,18.10651469230652
3472,149.73891821163502,0.10063593578599454,15.90683268064174,22.94355082511902
3473,151.24152902951866,0.10042957642813459,15.997764353835322,29.364723205566406
3474,150.92911373922345,0.10042528066385324,15.96778671029697,11.81282663345337
3475,150.7698226018312,0.10053213896832582,15.968108843194,14.080298900604248
3476,149.9121243758129,0.10044989450171948,15.878427754762061,6.469321250915527
3477,150.00300313205477,0.10020011253783437,15.84964347721444,15.013599872589111
3478,151.3729731007342,0.10013887796297867,15.971147042442295,27.800137519836426
3479,150.80924336972686,0.10019012076229626,15.921435572017872,9.968285322189331
3480,151.7011509360296,0.10002155288800664,15.972221216297694,24.042475938796997
3481,152.3841394266693,0.10006679190458112,16.052499004134717,21.32952332496643
3482,153.4002980324026,0.09993226571781878,16.121974014093368,23.401177406311035
3483,153.44629505207857,0.09975572787076718,16.100754273952433,15.74951982498169
3484,153.7618321015578,0.09978519761908654,16.13974673121291,18.61943769454956
3485,153.1042137805422,0.09969643655198658,16.06834926390078,8.20075011253357
3486,152.9431716427368,0.09979436269741562,16.067665771261773,13.637897491455078
3487,153.5137399263094,0.09979641907044147,16.126989113549154,20.325521230697632
3488,152.0986025270463,0.0996317882130704,15.985719222413662,0.5647521018981934
3489,151.20761650177582,0.0997465814420508,15.905862030189525,6.565451383590698
3490,151.33554033675804,0.09990765221299615,15.946803409887629,16.02090620994568
3491,151.23218493339047,0.10011424944973144,15.967335375788752,14.471015691757202
3492,151.73986308405657,0.09995469111364996,15.987662022030863,19.845117568969727
3493,150.95246445321598,0.10032500721621208,15.937785401810553,7.253815650939941
3494,151.19293980868383,0.1004646142869071,15.988407547792448,17.60495162010193
3495,151.161010410597,0.10040591408998398,15.978523472314524,13.084840059280396
3496,152.679400306491,0.10029294405799503,16.09873823759138,29.497603178024292
3497,151.9426063034261,0.10080900195918724,16.067750855215465,7.605034112930298
3498,152.3631802403918,0.10093493255815207,16.13707334666331,18.140323638916016
3499,153.7295484379879,0.1007214309834356,16.215702613196676,27.009225368499756
3500,154.312252953608,0.10070478271133709,16.273545587064707,21.598740816116333
3501,153.77913042407192,0.10088585369610491,16.24081013119406,9.842878103256226
3502,154.1513391198312,0.10087175955704962,16.27840202988212,17.532089710235596
3503,152.81982572863288,0.10081542291386007,16.1456180095833,1.8618218898773193
3504,151.39162747134654,0.09980726868472146,15.994161829487465,1.040834903717041
3505,152.63771119663306,0.09953383367903366,16.04422021119259,25.9415500164032
3506,152.91133408466675,0.09953849534224332,16.073778009080666,16.306835174560547
3507,153.51222074382008,0.09948207752497111,16.123040228989858,20.157679319381714
3508,155.04709853638187,0.09939930886698525,16.251809826699958,30.555634260177612
3509,154.95662755101804,0.09943271303858937,16.249291728432958,14.883579969406128
3510,156.37706127550786,0.09941481688463445,16.38679881114863,25.706905126571655
3511,155.38329066275276,0.09947330029473549,16.292930823037143,5.224169731140137
3512,156.79945775612524,0.09928664809986894,16.38000151480677,28.18570852279663
3513,155.881463178564,0.09952455084963947,16.3062014996587,6.484140872955322
3514,157.15264854677835,0.09944803325633743,16.413139484662114,27.156087398529053
3515,157.78112206131055,0.09927173474195587,16.439008089815495,21.600744247436523
3516,158.27331084069743,0.0992935101481595,16.49461800891734,19.569495677947998
3517,158.77057773229046,0.0993582673543702,16.559671828828165,20.520405530929565
3518,157.95287195496758,0.0996633859795278,16.504075110539883,7.99289870262146
3519,159.5133432354179,0.09949477759743953,16.609034359434485,28.41723608970642
3520,160.16820980306372,0.09952205204368736,16.68294401584014,17.747581005096436
3521,161.82652770503307,0.09914032845576581,16.726114575681738,33.826963663101196
3522,162.52826242798272,0.0990109941367254,16.76885342992492,22.010483503341675
3523,164.2429798037029,0.09885920754865156,16.89116489562567,33.08219790458679
3524,163.59055000566588,0.09908273668528625,16.852253246669413,9.068376064300537
3525,164.36464450560922,0.09904626616490642,16.923730714202716,25.262041330337524
3526,164.2609980605531,0.09896489441234826,16.904493407060688,15.30971908569336
3527,162.77838807994758,0.09985024546822478,16.77544847299008,1.6049988269805908
3528,163.3006041991481,0.09987499882749602,16.83769398826018,20.370373249053955
3529,163.5875981571566,0.0998658321725544,16.869317048377578,18.810946702957153
3530,163.76172217558505,0.0998616489889504,16.890623877893802,16.815961360931396
3531,163.1641049538292,0.10001687865290705,16.851717639114863,11.13243317604065
3532,162.8824639042909,0.10012782097748908,16.843200462723715,14.243162631988525
3533,161.39363926524797,0.0991265427677142,16.684768458096478,1.488990306854248
3534,160.6497028725955,0.09928470262739336,16.627920773515513,9.284750699996948
3535,161.51320584386954,0.09922302969018826,16.701641565780356,25.34597110748291
3536,162.00807378543087,0.09922606005679348,16.75462515012255,22.318004369735718
3537,161.59799304757655,0.09939082424961397,16.737078898621323,12.910345077514648
3538,160.6320131171008,0.09947383908404091,16.649708109635107,7.019998788833618
3539,160.6356929859298,0.09959711311556074,16.673211028538756,17.030043363571167
3540,160.68933605607052,0.09974572029765814,16.706478918253367,18.063984394073486
3541,160.4124426955098,0.09980089467362893,16.689414129070833,13.284417867660522
3542,159.5283182685547,0.09963621906022598,16.592519987780125,7.288913249969482
3543,158.41303508586915,0.09988985686962372,16.496594787902325,5.045380353927612
3544,157.10890473501047,0.10031952972949891,16.381628840023303,2.9507949352264404
3545,156.19781568766035,0.10037694049280999,16.297812551623068,7.027616262435913
3546,156.42583753078375,0.10032289175827294,16.314834426106838,18.359468698501587
3547,156.1515791554759,0.10009485663913983,16.26168608184577,13.567933320999146
3548,155.67006336392114,0.10001983399867437,16.209069221027313,10.343808650970459
3549,155.39336273028192,0.10011338565868763,16.196978528817038,13.172048330307007
3550,153.9394291029791,0.09911225180210076,16.045008743528868,1.0597662925720215
3551,153.9500348119493,0.09934693573569266,16.08455865609358,14.223931312561035
3552,154.0605344638298,0.09944437546924481,16.113713069532643,16.7680606842041
3553,153.88992911919152,0.09947182952477135,16.102575938837315,11.515182495117188
3554,154.78102982799962,0.09954707007726026,16.211550179448942,24.106430530548096
3555,154.67321952971963,0.09980159937648765,16.239434677654454,12.55650544166565
3556,154.02648733442243,0.10024802782716721,16.21704033087791,9.687840461730957
3557,153.6362224610782,0.1002890258097651,16.18486992756913,11.146305799484253
3558,153.59986023646744,0.10041946888500079,16.20302122829344,14.557403326034546
3559,154.22386163410275,0.10034120012207672,16.250991016010506,22.099374055862427
3560,152.77162301776173,0.09933778812085595,16.098481105850404,0.9457604885101318
3561,151.6339067875841,0.09937005126528842,15.9874962947919,4.17728590965271
3562,152.05756771970826,0.0993557321959345,16.02762133184398,20.98773956298828
3563,151.57699204251116,0.09970832872012901,16.01734511852554,11.056452989578247
3564,150.79122212208605,0.10008110844662635,15.967171667340285,6.263543128967285
3565,152.4133099008652,0.09987901940688852,16.067499950666882,33.265883922576904
3566,151.95917680185653,0.10009518248384768,16.04682495116021,11.44925308227539
3567,151.31958503383797,0.10045786702264556,16.016356701648608,9.401113271713257
3568,151.31638918349958,0.10057911616698864,16.03619313463212,13.85160207748413
3569,151.84322529166457,0.10055371716218149,16.0858312032858,22.041897773742676
3570,151.5847930387479,0.10057992602230571,16.064972891252943,13.570368528366089
3571,152.80894510836043,0.10045003917084179,16.15432316234041,25.967424392700195
3572,152.7908556572768,0.10050514142813999,16.162779930717008,11.783167123794556
3573,153.74294710070401,0.10034686420740696,16.221152131409838,24.253039836883545
3574,155.71551762969696,0.10011262633456366,16.33894061009574,34.10943865776062
3575,155.9183624534,0.10024786370758165,16.385551203994783,18.80341100692749
3576,157.449178828866,0.09998972164008511,16.461695691954834,29.612119674682617
3577,158.11468704057734,0.0998826815665414,16.507078735035286,23.94130539894104
3578,158.96354017017157,0.09978920454511467,16.572007947684934,26.015677452087402
3579,160.23390476846987,0.09970040340875444,16.676287868208085,6137.910165786743
3580,158.9915657207852,0.099814510485778,16.559524989526004,2.8692739009857178
3581,158.34165006357733,0.09998657814687766,16.513929739630743,7.426752328872681
3582,158.95823356294156,0.09989580327449979,16.558790442234436,16.03059983253479
3583,159.22865122731216,0.10007964094067953,16.62320253781209,12.7179594039917
3584,158.93636471503905,0.10023269068511889,16.61697051243397,8.723280191421509
3585,159.06700106788867,0.10050943354570956,16.68080080730963,11.853809833526611
3586,158.0063310572098,0.10101377317251661,16.603992799236533,3.7850821018218994
3587,159.4062677466377,0.10090967570924783,16.71795287124417,20.618736028671265
3588,159.0122050691713,0.1007339122854887,16.660773342531726,8.197450399398804
3589,159.73208301847959,0.10085211428817493,16.76416560910641,16.341588020324707
3590,160.5347621882948,0.10084359314529319,16.846523953015346,16.44529414176941
3591,159.02941456641184,0.09983515721384026,16.688058713485194,0.6779026985168457
3592,158.33912042074772,0.09994791675281296,16.631178126350342,6.141407489776611
3593,160.04572921654022,0.09967792086795961,16.71486634508684,22.38545060157776
3594,160.80527192437484,0.09969809081182239,16.79771768163597,13.296357870101929
3595,160.2572192051311,0.09983318537540227,16.759740504819607,5.897045135498047
3596,159.28464701307976,0.10010469479148952,16.682143099771412,3.474003553390503
3597,159.59180054294896,0.10020891100146936,16.735321668773697,11.27981185913086
3598,159.01588253751947,0.10048133169537625,16.70796845208596,6.1553795337677
3599,158.46572371214427,0.10053421068611479,16.6608887675651,5.935640335083008
3600,158.70106647502283,0.10051787956826462,16.684279879889452,11.710777997970581
3601,159.2040558102726,0.1004217916816729,16.717437081090555,12.269031286239624
3602,160.68201525216986,0.10026447930231544,16.82026271027965,17.92812442779541
3603,161.28519509964818,0.10025730962241446,16.882060083176853,13.05100679397583
3604,162.18234314865168,0.10009138991264449,16.933239482345083,14.387657642364502
3605,162.42051971716518,0.10016574483072234,16.973907087521635,12.323180675506592
3606,163.27631451999352,0.10009150673725382,17.044168016646417,14.877248048782349
3607,163.96355137479358,0.09999576408367439,17.09372633647995,14.826747417449951
3608,164.19391586104564,0.09985142141609968,17.092789073115153,11.969191074371338
3609,164.15197670243518,0.09985290720193868,17.091861182384005,9.29469084739685
3610,164.06045693541083,0.09995115232346767,17.100942570560164,9.004487752914429
3611,164.65985236605673,0.09975521222880443,17.119933144854564,13.222166538238525
3612,165.74325384239614,0.09978330113215741,17.238733813406018,16.24476981163025
3613,166.9858213039722,0.09964753708635309,17.326346475271958,17.201591730117798
3614,166.81596309093246,0.09985106171548956,17.34308301051924,8.42240047454834
3615,166.20780346002314,0.1000789661926743,17.309652180414048,5.464503288269043
3616,164.84572542542293,0.1004115098640809,17.186555658609908,1.601109504699707
3617,163.9672681711687,0.10044635580440113,17.10469010202381,4.631580352783203
3618,162.93759548945704,0.10075336765619318,17.023643201003573,3.2655093669891357
3619,163.68821953456245,0.10071222053425309,17.093406768993535,15.63377070426941
3620,164.16133733921683,0.10065296562748875,17.132472701303602,23.024284601211548
3621,163.16972396582466,0.10149258981736771,17.091147974290564,6.319277763366699
3622,163.02802672616642,0.10181994579838867,17.13023649454766,7.95065450668335
3623,162.95774645890475,0.10169918223784068,17.108934129602183,8.403581857681274
3624,163.9781689943157,0.10166332249093396,17.20784478830616,14.581712484359741
3625,164.76838730437254,0.10151088679688881,17.255766340423097,13.182683229446411
3626,165.4407034313288,0.10157336413581647,17.34320867701887,12.533222913742065
3627,166.36629639701553,0.10160414212236528,17.449776590248682,14.039388418197632
3628,167.01263343304538,0.10154048165352259,17.505278824346195,12.29171633720398
3629,166.84250709871492,0.10172507683698737,17.520226036102734,7.956702947616577
3630,166.53408202772778,0.10188429665685278,17.515023775741707,7.489427089691162
3631,167.70874120745052,0.1017457353804251,17.59987353798429,15.676640272140503
3632,166.971653795376,0.10179210781385489,17.533874802604448,5.172987699508667
3633,166.58193725742223,0.10178981173571634,17.498536054578405,6.993641376495361
3634,166.616117884848,0.10171309008894741,17.493550694032624,9.361692190170288
3635,167.78995670599951,0.10164666341341004,17.5986151870923,15.194641590118408
3636,167.0920571389395,0.10195672739152084,17.562629035221377,5.393360137939453
3637,166.9011365675501,0.10215337633382185,17.577002744869166,8.013978481292725
3638,166.0421252018746,0.10211949689147129,17.491232717420473,4.568538665771484
3639,166.28170394985585,0.10209830192255658,17.516320390246268,10.147998809814453
3640,167.2388869103573,0.10206968531554475,17.611157186343803,14.005887746810913
3641,167.81649804125374,0.10202676624016707,17.665045614480366,11.994619369506836
3642,167.40833306084122,0.10234508125493076,17.668395158335564,6.872980833053589
3643,166.5342497302328,0.10219663044238145,17.571711206752205,4.252295255661011
3644,165.72890723293048,0.10233745483563204,17.50599409468468,4.619796991348267
3645,165.71161816060115,0.10228969004337328,17.500934153737834,8.759560585021973
3646,164.90450197899514,0.10256091078999836,17.445924812200456,4.62961483001709
3647,166.0254569592052,0.10251003092397563,17.551465564078452,14.787415504455566
3648,167.37520238961315,0.10238194058151329,17.655950908437667,16.022648334503174
3649,167.30145036571702,0.10229562117569814,17.63939139935329,8.587395429611206
3650,168.29843586205982,0.10205918181787374,17.682997485359756,26.777063608169556
3651,166.96545150343923,0.10161001857112358,17.53616751050616,2.3683128356933594
3652,168.30579698840484,0.10139126057810338,17.6108058354011,31.886674165725708
3653,166.76273901852076,0.10180591940089379,17.46469777704709,1.5244104862213135
3654,166.23511162833555,0.10184049178583222,17.420050799276616,8.371252298355103
3655,166.85276051205219,0.10174313949955285,17.46585029128385,12.590128421783447
3656,165.92423290693168,0.10207705945590867,17.401191788371012,4.005322694778442
3657,164.90499057786235,0.10199378886134958,17.2971798704873,3.3924078941345215
3658,163.86594067208375,0.10212139195634264,17.20420807178243,3.2707104682922363
3659,164.0072812653629,0.10199905444127358,17.202165991064607,9.767693281173706
3660,164.60720845270927,0.10182727818257513,17.23014433115396,12.311949253082275
3661,164.82113636818218,0.10193803765881389,17.277842887842418,10.0358726978302
3662,164.93292500450036,0.10194138455495302,17.295064458963996,9.814981460571289
3663,163.45359575445534,0.10151020600352115,17.142113814374355,0.9125955104827881
3664,162.90905979691078,0.1017795076132107,17.12069267623061,5.920783996582031
3665,163.20996919894168,0.10148710113811486,17.099485749468304,10.825675249099731
3666,163.30786950695224,0.10157049602268747,17.12849089197362,9.292810201644897
3667,163.33479081188273,0.10157888744800277,17.13720598305388,9.02528977394104
3668,164.8014429037639,0.10143406631545822,17.245833923223344,16.728246450424194
3669,164.70342847472628,0.1017100482329488,17.283375583991113,8.752925634384155
3670,164.85639418997903,0.10174850330617487,17.3105418281512,9.521949529647827
3671,164.18783024807922,0.10226163051801108,17.29743640986969,5.358698606491089
3672,163.94595194559844,0.10231044278425955,17.284462045770994,8.030995845794678
3673,164.76649242614246,0.10210034648649825,17.321617425313285,24.30779218673706
3674,165.27882750188104,0.1020052689475592,17.35840125106015,19.285659790039062
3675,165.28603922686221,0.10206955360748118,17.37481723854955,15.830370903015137
3676,164.9331788345936,0.1019719349944833,17.331069066164055,11.71320104598999
3677,165.55384704624768,0.10196543150356929,17.397758375502413,21.08869218826294
3678,166.8283085757852,0.10183314920218547,17.493780791747387,27.119999408721924
3679,166.15002549002736,0.10192592882127473,17.438842983829915,10.549407243728638
3680,164.9585252351271,0.10260879719263644,17.354454553991616,5.0451881885528564
3681,164.32893998277584,0.10275917980894536,17.3109100084517,10.389546871185303
3682,164.06565058294808,0.10289100830071099,17.307800908367184,13.176638841629028
3683,163.6749940771186,0.10306209821770389,17.294722899283514,11.45869255065918
3684,162.18824413634744,0.10403147723552685,17.161775670290677,1.6191127300262451
3685,160.60636169498395,0.10299116246317158,17.00015791358777,0.45131397247314453
3686,160.7402980780341,0.10299573359716055,17.020156334451894,17.386144876480103
3687,160.16289509725377,0.10313082480487826,16.979954771107373,8.40333890914917
3688,160.44126614628124,0.10321653783342521,17.0301552233963,18.187011241912842
3689,160.52685348481842,0.10319028961485427,17.039853671162337,13.975948572158813
3690,160.58158494997022,0.10324272406810331,17.059455134450715,15.859285831451416
3691,160.39576910047052,0.1034779024612251,17.07886058310621,12.973449945449829
3692,160.64181140946582,0.10341609640958581,17.098071977275147,18.078721284866333
3693,159.53539329537116,0.10378193544548994,17.007091257502395,5.4136552810668945
3694,159.27003936241746,0.10402231157975685,17.01702034492737,14.39462924003601
3695,159.3073389687933,0.10402503324923534,17.026850141478096,15.47606635093689
3696,159.09426557910535,0.10407173943848211,17.016581640063315,13.559187889099121
3697,158.4133229233143,0.10412992314299838,16.95641582366268,6.612709283828735
3698,160.24918969408114,0.1039073373618608,17.07685166542605,35.22857880592346
3699,158.67669779714032,0.10286826398824218,16.916083148771794,0.3097801208496094
3700,159.66993081916894,0.10284733328634425,17.016922317284074,28.027981519699097
3701,158.13323151097725,0.10348552662014747,16.866753094111232,0.6673789024353027
3702,156.6418991958675,0.10245067135394599,16.708085563170123,0.9692604541778564
3703,158.33548020390882,0.102285060345928,16.83100470753842,35.03513836860657
3704,159.32212540186973,0.10215715137670997,16.902694660463034,24.40293574333191
3705,159.60890414785104,0.10219940965017692,16.943667713858403,19.389193296432495
3706,158.36281510637252,0.10203455841081802,16.814231036719818,3.7703473567962646
3707,158.0491869553088,0.10227405534639487,16.81608872635262,13.6800537109375
3708,156.55869508575572,0.10125131479293092,16.657927839089098,0.9672904014587402
3709,155.24310813489816,0.1010388016450016,16.521348560698208,2.1070516109466553
3710,155.9306770535492,0.10087662791426587,16.556135075091223,20.385411024093628
3711,155.8413702830137,0.10116037864192592,16.59057372434031,15.893373489379883
3712,156.40295658018357,0.10109217108192176,16.634667987096908,21.03533363342285
3713,155.64892701438174,0.1013158172723371,16.578321307225938,6.740280389785767
3714,155.52243774423792,0.10135161014856477,16.57253809415368,15.477669477462769
3715,155.21721336679553,0.10153809404707913,16.56681271321214,13.520468473434448
3716,156.04504123312756,0.10144708285450749,16.63114458608002,19.72084665298462
3717,156.4745908207963,0.10133713463902774,16.65483314021922,21.60434341430664
3718,155.44984491258833,0.10143487440374857,16.558284808817028,5.867273330688477
3719,153.98534646346246,0.10042052565971109,16.40270196072886,0.9662089347839355
3720,153.85549299882783,0.10062199416197923,16.41867494112157,15.250313520431519
3721,153.63693806883956,0.10060062270520792,16.394488191710355,12.015592813491821
3722,154.72056868815116,0.1003198073178505,16.43054330979325,22.318623065948486
3723,156.69336300126966,0.10002683651739928,16.52623787669532,37.71527147293091
3724,157.62642937125696,0.0999065681522253,16.590975497928365,26.928020000457764
3725,157.4801650775444,0.0997466633098639,16.55506574294908,13.189915418624878
3726,156.92536342676897,0.10002370648068683,16.529515085519588,11.172300338745117
3727,157.1361097925013,0.10009088514621704,16.56421993466439,19.469788789749146
3728,159.0547486945763,0.09989226855836518,16.688577735317747,35.734798431396484
3729,159.64420120763054,0.09990252018470813,16.75169195796457,23.63730001449585
3730,159.52775919555424,0.09998457606394213,16.754175038384926,16.02173686027527
3731,158.8724816035987,0.10015494306926015,16.706633288001075,10.148168802261353
3732,160.36375678756272,0.09996508195025586,16.799566955121065,28.633079528808594
3733,160.48011921968708,0.09983752415400912,16.791571285569855,17.772061347961426
3734,160.0953180274902,0.09965882104361658,16.733655572714156,10.178776979446411
3735,160.9743648472153,0.09958965218801913,16.80631901698701,24.171916007995605
3736,161.84462119874314,0.09948085244033249,16.86825582681714,24.74699592590332
3737,162.1261749867557,0.09948604391592916,16.89957326854897,18.33404779434204
3738,162.94491323688814,0.09935183921447478,16.950577535863477,26.336763858795166
3739,162.98546410451925,0.09931640465466536,16.951071760504846,17.99573254585266
3740,163.27560946347404,0.09936490727478536,16.991561042899797,18.67664074897766
3741,163.6128533688393,0.09953877089239284,17.061645432470797,17.121341705322266
3742,164.0567248351509,0.0996010754911612,17.12102897814609,18.240554332733154
3743,164.36615758679937,0.09993839806958293,17.21981868836463,18.913015842437744
3744,163.35249601093136,0.10020885535872837,17.13762050148098,4.593528747558594
3745,163.55897105082204,0.1002937233268802,17.176244296466173,19.81802725791931
3746,164.24338134031382,0.10015285505912865,17.21448185350151,25.132277965545654
3747,164.27094752691067,0.10028905105943557,17.242337034966493,18.03465175628662
3748,164.59823805164157,0.10025062755391737,17.269913664616826,21.380322694778442
3749,164.39225567112516,0.1003592323894893,17.26721452797066,15.59865403175354
3750,164.63833311441388,0.10041384112379546,17.304542382690954,20.50972604751587
3751,163.72194978326974,0.10064257942488627,17.231496958864046,7.9430506229400635
3752,164.45473028543705,0.10064881185848551,17.309181989275405,23.49702000617981
3753,165.5501829825827,0.10033575439683497,17.33609016938265,27.47443962097168
3754,166.24468115275687,0.10014090749116449,17.362729267688824,25.195380210876465
3755,167.2222343412293,0.10004858932534376,17.439101975011937,28.361178636550903
3756,167.020011997817,0.10027259322800869,17.45471095526182,14.379823684692383
3757,166.64981187783883,0.1002698672957286,17.4201638457092,13.522124767303467
3758,165.33331375906045,0.10012431147991419,17.28596220725211,3.7972803115844727
3759,166.00998062146985,0.10015311128356998,17.363102585179586,19.470704793930054
3760,167.03988081525515,0.10004377347928446,17.43947155932779,26.709983348846436
3761,168.21948200710258,0.09992052872694776,17.525076843734514,30.811067819595337
3762,167.84728718703155,0.09999002572975463,17.499826075297168,12.783745050430298
3763,167.21881431516124,0.10022822071055232,17.464827814544197,11.422123193740845
3764,168.08662617200963,0.10021019047195073,17.55017953639876,27.31970524787903
3765,167.96575991028953,0.10036193472107738,17.56467774103477,14.71605372428894
3766,167.76610231118661,0.10057453159008282,17.579030963624426,11.770124435424805
3767,167.72844128807472,0.10072732285954784,17.60324065398818,17.777364015579224
3768,167.041156875194,0.10103318094408367,17.5672082474483,10.639480590820312
3769,166.87074530644205,0.10115618246797617,17.571536164973814,16.114734888076782
3770,166.81203785337763,0.10120052126441442,17.575820803324074,17.28199529647827
3771,166.82391747484385,0.10125994462319884,17.590062595290835,15.878864765167236
3772,165.21567830009542,0.10024734517696686,17.424161969337927,0.6403203010559082
3773,165.03352151709447,0.10033330709934685,17.41992034964455,15.866045713424683
3774,165.51318630192353,0.10036283787811863,17.475721146148103,20.902955055236816
3775,164.08805443890427,0.10022877471672874,17.330963934686622,2.4734115600585938
3776,164.09717389451524,0.10043860818168265,17.367654295339758,17.849897861480713
3777,164.49620215557007,0.10036559464888543,17.39397775238636,17.77609372138977
3778,165.67124013401437,0.10042576848963063,17.530037974862495,26.216098070144653
3779,166.20452773267422,0.10028909071341012,17.55473759511387,21.848976373672485
3780,166.6924824553475,0.10016992073650859,17.57919021916273,23.053832530975342
3781,167.655557630794,0.10015681468503702,17.673398316971102,24.132568836212158
3782,167.47900205448605,0.10028857987151998,17.67666433380139,13.284708976745605
3783,166.40421203394118,0.10061902740613812,17.589897690463378,5.5283043384552
3784,166.97016991360175,0.10055454116795118,17.633998713558743,24.129719972610474
3785,166.63046821446574,0.10082719124499348,17.637658726423155,13.991699457168579
3786,167.70416353232108,0.1006583353909377,17.70128213915892,25.416592121124268
3787,168.95712189699788,0.10057325374351296,17.804269317767332,28.94861626625061
3788,169.2375506780279,0.10063351105379356,17.846226624589658,20.23511815071106
3789,170.23517517124762,0.10048219453061621,17.90776435834376,27.896114110946655
3790,170.34282341953514,0.10069284219856971,17.958686714760322,17.65455937385559
3791,170.9493951853398,0.10046513455580479,17.96909984761272,24.8081111907959
3792,170.7699012334864,0.10063695379848203,17.979408849136597,16.439774990081787
3793,171.55220222115153,0.10063460032475424,18.059614760645232,26.816107511520386
3794,171.30668019894,0.10058063527388765,18.02901861303878,13.684159755706787
3795,171.3336133969506,0.10049436915103382,18.018728426908392,18.64995574951172
3796,172.32027726298108,0.10052646249656051,18.128541142639307,25.520927667617798
3797,173.23707449035126,0.10031665241704944,18.16725573121291,26.210575819015503
3798,172.64470374544774,0.10036611747182632,18.11558317390078,12.322137594223022
3799,171.76825670799326,0.10053892688534334,18.04442734216177,6.873667001724243
3800,171.20057414091332,0.1006639723990986,18.003983068740155,10.212658166885376
3801,169.70856839950417,0.10102096903874398,17.86394323805275,2.3919341564178467
3802,171.0214827155091,0.10087454672377183,17.955303805672223,26.40800666809082
3803,171.89126788835404,0.10075727412475116,18.0157507676155,26.941973209381104
3804,172.02235520947048,0.10072267435647662,18.025593259939345,21.357200384140015
3805,171.77213165737578,0.10066782856529281,17.99533732733995,17.138492584228516
3806,170.174410340802,0.09966115027963988,17.825383954066552,1.375560998916626
3807,170.992666237394,0.09973596734827206,17.927130114525887,30.183165073394775
3808,171.19273957502006,0.09983808411457992,17.967858813380627,23.189751863479614
3809,171.98081217926986,0.09975970327343413,18.028180225246818,30.18994450569153
3810,173.27100405747714,0.09959267102475294,18.10789842299435,36.03702092170715
3811,174.92829401690236,0.09936370596642281,18.196819438764404,38.79302787780762
3812,173.35901107673334,0.0994811800178697,18.044851244376762,2.030154228210449
3813,173.93542096596602,0.09956861929994208,18.124402731932996,24.226375102996826
3814,175.23606675630634,0.09936240679115318,18.193158704613666,27.83037567138672
3815,175.3137060887433,0.09940703408936187,18.211227117567528,13.46510100364685
3816,175.54056902785584,0.09917053950604401,18.189114846391853,19.241317749023438
3817,174.6151633375773,0.099383653388092,18.117223697927933,9.014789819717407
3818,174.48901170420152,0.09943919957026047,18.116051460948654,16.416752338409424
3819,175.0741215871595,0.09938901358314156,18.164890946339167,19.675939559936523
3820,175.9933803712879,0.09929399985180452,18.233242036875776,28.971476554870605
3821,176.68344656757503,0.09919901903695995,18.280909616507017,26.515450477600098
3822,177.4366121018993,0.09919909233865383,18.35810052034195,25.26085090637207
3823,178.2322459808803,0.09906313254367195,18.40451951513853,23.463992834091187
3824,178.0499235210715,0.09882250121823523,18.350474319987146,17.29950261116028
3825,178.23942428586076,0.09884950463244882,18.376969576787275,21.340349674224854
3826,176.79703004300217,0.09844924488024198,18.223199881019404,3.7246830463409424
3827,178.05905974257215,0.09832283824002043,18.31096788220921,30.706371784210205
3828,178.82846914514644,0.09824157064193395,18.367858203387115,27.458285093307495
3829,178.30018445369495,0.09852899620535588,18.354179621353246,13.498858451843262
3830,177.077182609158,0.09879370624330232,18.250637825139712,5.952693700790405
3831,178.3764107830664,0.09855495484862173,18.308131446888314,28.83288550376892
3832,179.78264667523572,0.09841580028446154,18.405050132419433,34.327014684677124
3833,178.36482020848337,0.09822111596582744,18.26099963109524,4.078441381454468
3834,178.70117200639854,0.09818230103258427,18.288389634784288,20.7940833568573
3835,178.52416028633456,0.0980079314384075,18.245505738436446,15.07162070274353
3836,178.66891868347122,0.09801230808257265,18.263050681052082,20.83673620223999
3837,177.8622294966365,0.09835871561399183,18.22042017424156,10.479468822479248
3838,177.35360720167014,0.09855623082005664,18.198215972499145,12.358089208602905
3839,177.24007112965344,0.09859476489739824,18.196233812774153,15.011278629302979
3840,177.5576704183569,0.09861360193741947,18.23427147464641,18.336243391036987
3841,177.85209371417332,0.09864195867166846,18.271928759899943,19.207309007644653
3842,176.7235727770316,0.098886308315721,18.179209472300943,5.879324674606323
3843,176.95633704926126,0.0988474452325638,18.197417377577935,19.464306354522705
3844,177.65677367876864,0.098871116529226,18.27544320380216,26.32343578338623
3845,178.82020594198096,0.09890281352719905,18.402688771764137,27.606858015060425
3846,178.83200388256117,0.09891378539192706,18.408661884046495,17.196348428726196
3847,178.72368384373556,0.09899607610943637,18.414575265206032,18.10870385169983
3848,178.3464470052982,0.09928271109302285,18.420429512553973,15.022209644317627
3849,178.4229825352452,0.09931138935843671,18.436225217428433,19.900770664215088
3850,179.09875270989278,0.09913128359493364,18.46186296525415,26.317973136901855
3851,178.31776518279383,0.0990310598678952,18.37724433560161,10.798035383224487
3852,178.5945875309659,0.09901162305562403,18.403471892245594,22.05727243423462
3853,178.44864165565622,0.09918004341043364,18.41943717332314,15.364941120147705
3854,178.10415523909964,0.09929935408744041,18.40524280158991,15.436669826507568
3855,179.47311368670864,0.09916350340370887,18.501190373574012,33.651129484176636
3856,179.40838254984155,0.09938574120204173,18.53617846983827,18.658584594726562
3857,178.39429872434314,0.09954572994386747,18.450816685139888,8.330297470092773
3858,177.48035573709973,0.09935487034557822,18.346308518288488,9.375432968139648
3859,177.71555217972872,0.09935634651774433,18.372845433105603,21.53897762298584
3860,177.16839665793142,0.09974489687370511,18.369116978774546,11.504280090332031
3861,176.80671269135212,0.09995312166383331,18.3654258089868,15.084336280822754
3862,176.72864556443858,0.10025536559512398,18.411771550896933,13.924756288528442
3863,175.3713591087942,0.1002284216952703,18.277653835387966,4.425760746002197
3864,175.78764551770624,0.10014779646449272,18.304877297034086,19.10492777824402
3865,175.13976906252918,0.10031748967101896,18.261828524063745,11.960177183151245
3866,175.4883713719039,0.10045717191716591,18.32921023882311,22.55694055557251
3867,175.28348765818487,0.10067840664960716,18.345918136434875,16.65227770805359
3868,174.810652781603,0.10076537258311109,18.312458955070525,11.554733037948608
3869,174.782546253787,0.10068795141541952,18.299334365519822,16.294464588165283
3870,173.44472079124913,0.10114448653541167,18.186341021864624,4.411314487457275
3871,172.15027358333663,0.10104213257914846,18.05447761164598,4.738301038742065
3872,173.13877084750328,0.10095422047844922,18.13393283552952,27.179657220840454
3873,171.85738313902823,0.10127801160699806,18.022593507174225,4.806729316711426
3874,170.32880930763795,0.10184417885934914,17.88236757210248,2.061939239501953
3875,170.19552121456155,0.10184484535101043,17.87354389638146,12.883045196533203
3876,170.92356600241595,0.10185520348186246,17.954808457417645,25.561344385147095
3877,170.3343303423918,0.10226522287561526,17.94526037284347,10.87523627281189
3878,169.8309870389679,0.10199257064685911,17.865807769115037,12.068804502487183
3879,169.1426771685782,0.1022597736532618,17.827149691423887,8.623270273208618
3880,168.6212503968924,0.1023482870278403,17.78887819450965,12.57735013961792
3881,169.5150378929235,0.10229379640562392,17.870989412564555,27.600036144256592
3882,171.10988751399424,0.10224350281846738,18.022279518438907,35.08495783805847
3883,171.8287886388543,0.10212641758452139,18.07205672325452,23.910940170288086
3884,171.78050075246574,0.10224287795957437,18.091336156021974,17.924067497253418
3885,172.1326957449411,0.10223494193360182,18.130422794461754,22.242940187454224
3886,172.25136878749169,0.10235389686209188,18.169118566517135,19.605332374572754
3887,172.15885509961677,0.10243465237199857,18.177427380851963,15.368393659591675
3888,171.46726654862061,0.10267244177060868,18.135653107043442,10.985680103302002
3889,171.77259388313442,0.10253680646181348,18.14429657597301,21.65163564682007
3890,174.0748679443031,0.10225770705391177,18.27285361021328,38.869773626327515
3891,173.18411926486004,0.10241160057160795,18.200125074111146,8.73720669746399
3892,173.77227807221144,0.1023788638762367,18.25812382337003,23.02005648612976
3893,173.7345552914893,0.10241389876688609,18.26554258513633,14.284684419631958
3894,173.7872097385744,0.10261881005854684,18.31288715928497,18.983136653900146
3895,174.36933764118865,0.10271331161313378,18.39975828769212,24.85358953475952
3896,174.32564426477674,0.10280382555582597,18.4157607048152,18.12496328353882
3897,173.15238782212896,0.1030038574757063,18.311603097767044,4.003773927688599
3898,173.18086394390767,0.1030533643554947,18.32848706678937,18.748541355133057
3899,173.7190553044686,0.10294794084409835,18.365202196121476,24.242842435836792
3900,173.94186475142394,0.1028878491907594,18.38155017416026,19.393455982208252
3901,174.6424461039097,0.10284257725622885,18.447734672418658,25.64684557914734
3902,175.1660216428706,0.10282736734269739,18.50325732569447,22.504327058792114
3903,173.44436142644187,0.10179909366927041,18.328224752437528,0.1408858299255371
3904,174.45991781217745,0.10165383000530498,18.394942504913153,23.23339867591858
3905,174.00531863405567,0.10156752426339147,18.34099307986402,11.914003372192383
3906,173.9552654477151,0.10167610937578714,18.35758314906538,16.083112955093384
3907,174.01571279323795,0.10188157050425149,18.404007317574727,19.199962854385376
3908,174.37555566530557,0.10191037384682802,18.44996724439898,18.71362280845642
3909,173.77180010865249,0.10211934028379833,18.415467571954988,12.22594928741455
3910,173.13408210756594,0.10218905597186943,18.361312896235436,9.08677339553833
3911,171.7427412864903,0.10175540070626839,18.207699767273084,2.4289233684539795
3912,172.5453138736254,0.1016505451119041,18.265622769600352,24.893521070480347
3913,172.46986073488915,0.1016643426910881,18.262966541904348,15.496801614761353
3914,172.33516212754026,0.10165398857235332,18.250336876485306,15.144752502441406
3915,171.56181050626483,0.10169008026557716,18.177833507720454,8.057394027709961
3916,172.0861924012022,0.10178925089149281,18.25605517264325,22.360669136047363
3917,172.12533047719018,0.10179408565530515,18.26349462091682,16.764313220977783
3918,172.4240771724183,0.1017662438086531,18.29085967470765,20.317724227905273
3919,173.1098364006941,0.10166144444110599,18.337951077960575,21.574461936950684
3920,172.84873803668714,0.10193734700349764,18.35457156718097,15.817960023880005
3921,174.10025065632024,0.10189112789587877,18.47102585150916,30.07645034790039
3922,173.66924814975704,0.10194091890699633,18.436315592994067,14.272541522979736
3923,173.38255566825944,0.10195599247654705,18.411952437064127,13.561179876327515
3924,172.55873011157684,0.10203533365068267,18.337832912693486,7.5729756355285645
3925,172.37314281046105,0.10231368161287714,18.364454583566552,16.63498878479004
3926,172.89941138235645,0.10231276701897059,18.420810037730885,21.93766450881958
3927,172.81041726853286,0.10226524910487844,18.406601937353578,17.60330629348755
3928,171.58231309584752,0.10284259661382966,18.312535917980043,3.3852388858795166
3929,171.48648996488905,0.10292528175880247,18.319410558800243,15.483690738677979
3930,172.23162506524017,0.10299358991682421,18.416216453212243,26.377488374710083
3931,172.08930881458778,0.1032294768024661,18.442054288680122,17.05081272125244
3932,171.9184157264419,0.10329395622798981,18.43763374579332,16.36378526687622
3933,171.9592315691775,0.10328374393843719,18.443257408335388,17.259780168533325
3934,171.4696392534857,0.10322651625515038,18.388824834252034,13.142382144927979
3935,172.36494286095086,0.1030371629699935,18.434936585909515,28.09709882736206
3936,170.84129343234133,0.10300679134029357,18.28058722005042,2.1632580757141113
3937,169.96288049801794,0.10330202463170991,18.217781347849918,9.082560062408447
3938,171.01325169303774,0.10321445893084735,18.305603534371418,27.679730892181396
3939,170.97311917610736,0.10320027841339516,18.302547499027703,18.15759539604187
3940,170.13338798434629,0.1035475859740888,18.249522024037425,9.36917519569397
3941,170.73205410450282,0.10359906663608703,18.327026803797054,23.10968255996704
3942,170.5147335634578,0.1037040155670416,18.323756535759085,15.97430682182312
3943,169.26958622782323,0.1035365406287625,18.190518970401495,4.95099949836731
3944,168.98689036554498,0.10370684898134012,18.18861378069748,15.16983151435852
3945,169.54702146188953,0.10351422493597116,18.206727642890506,22.139294624328613
3946,169.94155124727064,0.1033403267057502,18.2146603664616,22.463635206222534
3947,169.65213573479792,0.10337075322592675,18.192513762796985,13.090517282485962
3948,170.76561437744994,0.10329789978619416,18.290588625169015,28.2034695148468
3949,169.56795823367543,0.10363746980794007,18.187682738917324,5.51374077796936
3950,169.21227865133866,0.10364587122926365,18.155805911528148,14.52552580833435
3951,168.3501558648253,0.10393471372179029,18.094247852412867,8.963659763336182
3952,167.55665430617702,0.10379424298906677,18.003305373888736,9.499284744262695
3953,167.07108776311526,0.10401680476085677,17.983272320149847,12.862424612045288
3954,166.5103768854841,0.10441807815468965,17.97343959694835,11.939303398132324
3955,165.27527311662928,0.10476924621035205,17.863705200978867,4.617044448852539
3956,165.212520385463,0.10479073613818564,17.865068148969076,13.99575662612915
3957,164.77039518160836,0.10481720894209304,17.826417467479384,12.0508451461792
3958,164.81269122979228,0.10483412561006855,17.83815329280459,18.201056957244873
3959,165.35456431749435,0.1047446884635569,17.879771759876544,23.39927315711975
3960,165.97101867431942,0.10479856316482442,17.96097404227778,22.000592947006226
3961,165.48130848757623,0.10494715872975736,17.931364301855,10.415937662124634
3962,166.68649540270047,0.10498160322637588,18.072050658836453,28.55485248565674
3963,167.33963044867346,0.1048800630561811,18.12133015224809,22.783298015594482
3964,166.22623414418672,0.10490269099704785,18.01011685072561,6.037265062332153
3965,165.41397180274484,0.10503013467531266,17.940015682218352,9.05481767654419
3966,166.0498320847174,0.10489686389624513,17.980615525396168,22.367403507232666
3967,167.0493337638702,0.10471255691141801,18.040809370142203,26.40475559234619
3968,168.3388404262315,0.104577593504466,18.14040127644078,27.58707046508789
3969,169.1054520219692,0.10438896042656419,18.178997263676372,26.22981357574463
3970,168.0543975017495,0.10443882082229855,18.077207291039606,6.8484108448028564
3971,167.023853526732,0.10431750953715249,17.96643521812921,7.032305002212524
3972,165.5136149914647,0.10389933444178097,17.806770865947918,1.739272117614746
3973,163.91847884155004,0.10286034109736315,17.63870315728844,0.6454524993896484
3974,164.29929405313456,0.10282183669629051,17.672316125715557,19.446799516677856
3975,163.46630111260322,0.10302818623056217,17.605592964458403,8.70389199256897
3976,164.89163810147718,0.10291293704799512,17.71953703481382,30.699783086776733
3977,163.8827217204624,0.10282130767751516,17.61234166446568,4.780018091201782
3978,163.37389450325776,0.1029435370786161,17.576218247821025,12.164459943771362
3979,163.81015555822518,0.10273535774647728,17.580456065342815,20.271635055541992
3980,164.3320540026429,0.10263393009493843,17.614651504689387,19.21970510482788
3981,163.5587334626165,0.10298690113881663,17.56850498964249,7.868494510650635
3982,164.28314612799034,0.10288923551725897,17.622819939746066,23.485957860946655
3983,164.99031466671042,0.1028390665663417,17.686591740348604,25.282414436340332
3984,164.84041152004332,0.10294400923401162,17.689725822945118,16.261934757232666
3985,164.8120074048429,0.1027787666725357,17.662828564715664,17.495551586151123
3986,163.71388733079448,0.1032055244603558,17.576200279068505,5.938724756240845
3987,164.12674845748654,0.10324663994745956,17.630438276277822,22.209657907485962
3988,163.5754809729117,0.10331509097917761,17.58413389351504,11.774261474609375
3989,162.74972616318257,0.10339305118049694,17.508292554579892,8.768535137176514
3990,163.51222890155074,0.10327962276074217,17.563209629034095,26.045536994934082
3991,163.40710661253524,0.10348865659849422,17.587577532743754,16.67556357383728
3992,162.40303554640988,0.10356488114362039,17.491701757416315,6.78740382194519
3993,163.1090051909458,0.10360219370557473,17.576784739842154,25.526960849761963
3994,161.83791513903634,0.10395506065740787,17.46101689244373,3.4103736877441406
3995,162.90953598764597,0.10384487808057356,17.546406723519294,27.421778678894043
3996,162.2504406277695,0.10414663548533484,17.5109426562841,10.563508033752441
3997,161.9679362214918,0.10444845271257105,17.52583322972126,14.422159433364868
3998,163.8982568592769,0.10422086959389604,17.65057489742405,36.31737542152405
3999,163.78927429068412,0.10435513148619237,17.664069148449812,14.273170948028564
4000,162.49138154777728,0.10448805075956574,17.537428456965316,1.812375545501709
4001,161.9964677322995,0.10468210830506743,17.51205417239566,12.276755094528198
4002,161.3665030549765,0.10484740843413795,17.466933630671704,10.692957162857056
4003,161.75283802442675,0.10474893434979658,17.492264294364986,19.761992692947388
4004,161.64530964418248,0.1045623721586165,17.457341651421338,16.384914875030518
4005,161.01885654774065,0.10472886964915154,17.412768234907123,10.670240879058838
4006,160.05866798226324,0.1047585040295831,17.31864055255805,7.036269187927246
4007,159.6380813024406,0.10455837661640592,17.25545414703247,10.6692214012146
4008,158.6117004894162,0.10491630162217168,17.172899605562144,6.105998516082764
4009,157.11558348452203,0.10386713860594995,17.011170609506525,0.9628057479858398
4010,157.2644276496768,0.10381683931291372,17.02105890341146,16.504581451416016
4011,157.24178337318006,0.10393996124236524,17.04084831437735,16.741214990615845
4012,155.89936553944824,0.10333534423863724,16.890439831233575,2.4738810062408447
4013,155.67037188405376,0.10358018628497268,16.90153543292124,14.608604907989502
4014,155.27366816521322,0.10366507407729536,16.87252007859203,12.524726152420044
4015,155.6209314835611,0.10383894965231187,16.943794877806106,18.373153924942017
4016,154.1147221687255,0.10280056015578876,16.784356929028046,0.5297253131866455
4017,155.37357494703826,0.10273684026851658,16.896513359737767,27.96703028678894
4018,156.32983919756788,0.102625806527186,16.967548226140387,25.251853704452515
4019,156.4865408055922,0.10264606008982112,16.987872743878984,18.449162244796753
4020,155.79167539753627,0.10276902477627922,16.927994016440195,9.346230745315552
4021,156.3137586435609,0.10270287299005489,16.968714076275795,20.407084941864014
4022,157.4106210571253,0.10257809989925207,17.049026935513037,26.790849685668945
4023,156.10651484655406,0.10229305964100029,16.908536666157907,2.8779988288879395
4024,155.16544969808854,0.10239916130265479,16.819451299496325,6.7784423828125
4025,156.22379520110766,0.10225639574326809,16.891256786501362,28.15236806869507
4026,156.65155724909658,0.10213835439890073,16.91234421863635,21.435689210891724
4027,157.8050416766056,0.10203608850197055,17.003220776449986,29.73918604850769
4028,157.64699125983955,0.10228333325075366,17.023188568685487,13.352607727050781
4029,157.33052134724116,0.10245097610872231,17.01295668299863,13.640891075134277
4030,156.09721613376874,0.10201470164175273,16.872827116168647,3.6765060424804688
4031,155.71624397243104,0.1021809953033013,16.85409884500696,12.914324045181274
4032,157.09908153270672,0.10207755269720706,16.96555785655689,32.130146741867065
4033,159.41809071737964,0.10182798539645607,17.105902277991323,42.4527108669281
4034,159.41390981020584,0.1017531017689066,17.09484325521141,15.35712742805481
4035,160.32977071210377,0.10177142732492273,17.193894822659292,27.05013608932495
4036,159.9864730049827,0.10162672892468937,17.1419558744327,13.655456781387329
4037,160.63660827493288,0.10149935052433136,17.180536315688375,24.234341859817505
4038,160.92024219218354,0.10154255807728911,17.21873095253149,17.747082710266113
4039,160.6810397702617,0.10169501570819506,17.216543643006176,15.090909481048584
4040,161.33422937255907,0.10191700360421045,17.334378206576112,20.344253301620483
4041,162.04088707883346,0.1019754197750649,17.421034424510353,23.039221048355103
4042,162.99047820804512,0.10185060721155549,17.486824080265247,24.172032594680786
4043,161.86057342596467,0.10223210113943994,17.391955839462593,5.350816965103149
4044,163.60196769170503,0.10210263727090267,17.528036281067966,34.3921012878418
4045,162.575948014788,0.10255702073425922,17.45275591825729,6.687790632247925
4046,162.6201885346401,0.10254941459877291,17.458228359074717,18.16267204284668
4047,163.3939866492937,0.10244058711945185,17.51364607548397,26.020809173583984
4048,164.18004678280076,0.10253188372759617,17.61850961472913,26.066916704177856
4049,164.87824631497276,0.1026176760014313,17.712324518581838,25.296706199645996
4050,166.89946385182301,0.1023816899771118,17.83520127339602,35.82137155532837
4051,165.6304692133048,0.10235787307734069,17.70684926066206,4.324596405029297
4052,165.16416452117173,0.10251076493480257,17.679780768055437,12.775712013244629
4053,164.07252287596,0.10291422871402597,17.592982960374883,6.039433240890503
4054,164.6217976472004,0.10279832843601813,17.627053130771134,21.64105248451233
4055,163.7555796707284,0.10279598617729897,17.540782599463423,6.6419126987457275
4056,164.2580238740211,0.10270260575477831,17.575374773468788,22.671926975250244
4057,164.52544363528088,0.10261798807419388,17.5896210257341,18.256539821624756
4058,165.19018919892807,0.1025441891458329,17.64372481547676,21.365145444869995
4059,165.5482873069388,0.10251377212999646,17.677287567321994,19.576122283935547
4060,165.7728044338694,0.10260565568529224,17.720514691648773,18.460129976272583
4061,165.57507638953072,0.10274398269008315,17.723309544732285,11.557091474533081
4062,166.44932562563542,0.10270468515567244,17.806076449284962,25.389585494995117
4063,166.01483236937906,0.10289715049923766,17.788015684792114,13.242848634719849
4064,167.45468404568527,0.10267463060714851,17.870135527944196,33.35484170913696
4065,167.8801372052284,0.10269550334869608,17.921434172664753,22.715710639953613
4066,166.88133583317614,0.10284501890344441,17.832219830938104,5.3396289348602295
4067,168.43252247484438,0.10268613393180127,17.943897632628723,34.654013872146606
4068,169.83819725009593,0.10246833408115641,18.024458656302436,31.47928547859192
4069,171.36981527759497,0.1023414835576823,18.144214069739412,32.82189583778381
4070,171.14611712481903,0.10259323650734037,18.162771929042016,16.095579147338867
4071,172.46465595357083,0.10242538995084782,18.251144209751594,32.51078391075134
4072,173.40000939403512,0.1023785796603619,18.338632767654076,28.515326261520386
4073,173.42600930009476,0.10237752113648556,18.345246439977537,18.993281841278076
4074,171.7917492070938,0.1013537459251207,18.171793975577764,1.0761613845825195
4075,170.84383171502287,0.10150903963470066,18.090076035821987,8.197890043258667
4076,171.58539339787262,0.10147354107508835,18.159175275463767,26.503695726394653
4077,171.2995394638939,0.10157768678321859,18.14758352270913,15.363410234451294
4078,171.68654406925495,0.1015619099153864,18.18610768748204,22.61393713951111
4079,171.9796786285624,0.10159106693563552,18.224246610607217,21.687548398971558
4080,171.02988184227678,0.10148424717537008,18.122004144501144,8.333450317382812
4081,171.28958302385402,0.10148463313001231,18.150784103056132,19.1971492767334
4082,171.49668719361546,0.10140728679871218,18.15927626202557,20.567521333694458
4083,171.6617203216793,0.1014570437179591,18.187683499405317,20.298316955566406
4084,171.4551031184625,0.10156830109534905,18.185806664411263,16.200355052947998
4085,171.41055208727786,0.10163046239577281,18.19394859776715,17.827855110168457
4086,172.13644656640508,0.10147481350951999,18.232009111789477,26.254095315933228
4087,170.51508210074104,0.1004600653744248,18.059689020671584,1.0506162643432617
4088,169.15993127973363,0.10059832186353769,17.92909213046487,3.754037618637085
4089,168.91833196693628,0.10076475243800577,17.92980120916022,15.673666715621948
4090,167.75914864726693,0.10088918038532382,17.820503197068618,5.364654779434204
4091,166.91155716079427,0.10084414400315732,17.73229816509793,7.203399896621704
4092,166.70244158918635,0.10079460667271478,17.704975183446948,15.665479898452759
4093,165.3954171732945,0.1003422161615432,17.557925431612478,3.872436761856079
4094,166.88146300156154,0.10026236087890865,17.682346177296353,31.865676879882812
4095,166.21264837154592,0.10025973727011957,17.615522715523387,10.701733350753784
4096,166.97052188783044,0.1001249084924597,17.65936748836815,26.066065788269043
4097,166.49081666895214,0.10021609638232501,17.62277381348447,12.71483850479126
4098,167.81590850226263,0.09994972137167903,17.676546075349627,32.096596479415894
4099,167.87774941724,0.10004217818095074,17.69978061459613,18.654520273208618
4100,168.6089719230676,0.10003760702154786,17.772782808450167,20.003763675689697
4101,168.96288220383693,0.09996860350035199,17.795054980365663,21.850589752197266
4102,168.78325338179854,0.10002852011435508,17.787104430562007,14.23824405670166
4103,168.64542084798057,0.10025404136482444,17.809233386256384,16.628214836120605
4104,168.07896663950078,0.10032292952260476,17.761141052393818,10.050420045852661
4105,167.70817697310576,0.10054107427318024,17.753529641869882,12.16354489326477
4106,168.61109520337473,0.10058217515835541,17.855994345451183,23.82908058166504
4107,169.06498425134097,0.10060439078994943,17.90743440199667,21.12507939338684
4108,168.11433440882757,0.10067942796313102,17.818360057976705,7.951933145523071
4109,167.3931910647393,0.10092263368349971,17.770176457396936,10.309980154037476
4110,167.58925915409193,0.1011433538707289,17.832474692822963,20.16261601448059
4111,169.043366562551,0.10105843790390659,17.954149945894734,31.79814124107361
4112,167.7529328969255,0.10104785352486752,17.824608446435786,4.295972108840942
4113,166.80540356795623,0.10127025170194762,17.74636236197143,5.777312517166138
4114,166.81734953227667,0.10150754918492814,17.788898738351712,18.00134587287903
4115,166.2991760369539,0.10162290847568756,17.751009750968194,12.309799909591675
4116,167.06618427658435,0.10159433371191834,17.823499653458512,26.19064974784851
4117,166.44552243381852,0.1016260094224182,17.76526465692393,11.356794357299805
4118,166.56106720948034,0.10150862573268839,17.75761201035469,18.78984761238098
4119,167.98545653738555,0.1013673258831285,17.860035890251144,29.412313222885132
4120,167.24560197201168,0.10152386539025465,17.801435531348634,10.232253551483154
4121,166.59314595229156,0.1016850973245874,17.753421176035147,10.933894634246826
4122,166.79721449276866,0.1016842891320902,17.775886964274793,19.970648050308228
4123,167.28924234784097,0.1017785573518804,17.848128094632045,23.197773218154907
4124,167.28634992436255,0.10177873585021788,17.849646813685723,18.041339874267578
4125,167.09348642511893,0.10197716470793192,17.861150345548868,13.821834564208984
4126,166.60255156086774,0.10231332526424243,17.85253884209338,12.704270362854004
4127,166.68652604525906,0.10254733486874286,17.904013453672448,18.78876757621765
4128,167.89966078480646,0.10238991707561099,17.984973319135726,30.90392565727234
4129,166.3306641769584,0.10227510881394579,17.825123585944368,1.1666007041931152
4130,166.44735753518881,0.10220741390558162,17.826872350084923,19.078911542892456
4131,167.08288395983695,0.10222881802739536,17.898603626584073,22.978140354156494
4132,166.3120551202386,0.10231764095823251,17.829617590318232,7.82789158821106
4133,164.79893456903622,0.10329446454865018,17.69132141441505,1.5965495109558105
4134,163.27094522334585,0.10226151990316368,17.5244082002709,1.2715158462524414
4135,163.5482357711124,0.1022860251229802,17.559164118268193,18.60719394683838
4136,163.2727534134013,0.10243963545998569,17.553572477085513,4171.251402139664
4137,161.86002587926728,0.10277887546902219,17.418036752314656,1.9166224002838135
4138,161.9314256204746,0.10287534706936155,17.44385638479151,13.9654221534729
4139,163.59211136426987,0.1027002521352533,17.559417820943594,20.088123559951782
4140,163.16619025062718,0.1031608529196859,17.57382364273416,7.29318380355835
4141,163.64452834812093,0.10307711168906723,17.608085406306817,12.369065284729004
4142,164.71808306463973,0.10304265053527618,17.712004552243748,15.32667589187622
4143,164.15090223399335,0.10330852032621972,17.68488450672131,6.128931522369385
4144,165.25939321165342,0.10318452603204843,17.7680356616541,16.402212381362915
4145,165.61679927953688,0.10304820315978765,17.78035530503756,10.894233703613281
4146,166.33063128674152,0.10307257344886488,17.862551751987187,13.3115394115448
4147,166.3273249738741,0.1033671489191955,17.913926234467315,9.059809923171997
4148,167.37405172413537,0.1032559866550958,17.994786972122643,14.937635660171509
4149,167.07031120689402,0.10324532459876383,17.964839102401417,8.65492844581604
4150,165.53960809482507,0.1029271570670619,17.805190711377403,0.9470353126525879
4151,166.8942120138768,0.10296100841997932,17.95713880426363,18.289421796798706
4152,166.415269893738,0.10310786892401481,17.92756741622099,7.8496644496917725
4153,167.13111719480062,0.1030431767893965,17.98829174205878,14.039606094360352
4154,166.4598060228526,0.10321274502150254,17.93840882463819,5.8995537757873535
4155,166.89520796262408,0.10318061757128752,17.979024736391807,11.72140645980835
4156,166.14625588299782,0.10323576791731377,17.909234489027888,5.025609016418457
4157,165.90479332416783,0.10325974826630965,17.89014214413761,12.627907514572144
4158,166.96574539092614,0.10292568019541126,17.91124072269623,29.126195907592773
4159,167.6260879370169,0.10292646631191207,17.982128315469268,23.11956477165222
4160,167.98982705764672,0.1028775938056557,18.012307032314578,22.05315661430359
4161,169.00992878707024,0.10262659564537692,18.05218396199143,29.44277787208557
4162,168.39982949919954,0.10289662598521944,18.021662122371517,11.855077743530273
4163,167.50583120420754,0.10288031795321534,17.931445501147802,8.520238399505615
4164,168.36077289216547,0.1027210799910745,17.982131046136324,27.361559867858887
4165,168.1471651632438,0.1027823045653134,17.972309735674962,15.806240797042847
4166,167.69569351161135,0.10281139208876595,17.932586638318213,13.32960844039917
4167,168.13873657649523,0.10286818382825566,17.99326077193503,20.894619941711426
4168,166.5473492107303,0.1018395019899731,17.82332816421568,0.9792938232421875
4169,166.91187571862298,0.10175706756120638,17.845094882573523,19.73361897468567
4170,166.40275696143675,0.10211880723042191,17.83664393374779,10.585100889205933
4171,166.37872939182236,0.10219518013372744,17.848277494410315,15.801921367645264
4172,166.94494209790412,0.10215977541759196,17.89979471946621,23.949098110198975
4173,166.82549267692508,0.10236398411502895,17.920796772271547,16.72103261947632
4174,167.0472377501558,0.10223981517334955,17.921588804548833,20.283161640167236
4175,167.26676537265422,0.10222270802690707,17.942372916503345,20.45430088043213
4176,167.57409771892767,0.10236209710825415,18.00294918733831,17.36922860145569
4177,169.1983567417384,0.10203544583414131,18.062919695464924,33.69470715522766
4178,167.936373174321,0.10217788207347432,17.942290498510275,4.647392272949219
4179,168.23700944257777,0.10221670931334564,17.98286759352517,19.91193652153015
4180,167.654639348152,0.10228545131112127,17.93303891758992,8.73262333869934
4181,167.04809295467047,0.10257100801296333,17.90370852841402,11.540918827056885
4182,167.40761202512377,0.10243199744022286,17.91467144312988,19.88411235809326
4183,167.61353590487252,0.10236512427433125,17.925524728698583,18.391350746154785
4184,168.67740054582382,0.10239986719217188,18.0462694814116,27.4719979763031
4185,168.69062654036557,0.10243469204966192,18.055806786597483,14.489170551300049
4186,169.2937202749619,0.10245838006366312,18.12524871873151,20.921082735061646
4187,169.99078307221228,0.10239613935926078,18.183996231544192,21.848149061203003
4188,169.06087524149018,0.10280074939423961,18.12215626922875,4.467504262924194
4189,169.53026648907527,0.10288385301140832,18.190934706536463,19.376622915267944
4190,168.7549638241845,0.10283327535085945,18.1090253594711,9.830135822296143
4191,169.38741418594265,0.10283942535597154,18.17793510587639,22.996314525604248
4192,169.4835400440832,0.10298421545995372,18.216155754817624,19.232583045959473
4193,169.57870464364237,0.10307169174110836,18.243994197269448,14.94378137588501
4194,168.88291759720593,0.10344097482369728,18.21155425529675,8.604267358779907
4195,167.24408842123387,0.10240656507546031,18.039438712743785,0.5396602153778076
4196,166.51164753702153,0.10265909516938655,17.989044325616344,8.042526721954346
4197,166.72653106165131,0.10269633400492673,18.019153882360182,20.305213451385498
4198,167.3892657510348,0.10282816894813926,18.11896234353658,25.01667547225952
4199,167.49537309352445,0.10281112321371405,18.127772720101216,17.149280548095703
4200,169.2904193625892,0.10258992840808988,18.2364949929002,37.47452902793884
4201,171.1375151689633,0.10243973533869825,18.3741300429712,38.14214587211609
4202,170.94614001727368,0.10246796956425865,18.36038874254149,14.295558214187622
4203,172.20667861710095,0.10225137067669687,18.426784855116072,29.95137929916382
4204,171.72461183092994,0.10235788922799442,18.39251700656491,13.341855764389038
4205,171.47736571262064,0.1024907729207485,18.38859183649926,13.746909618377686
4206,170.30259205549442,0.10239179111746693,18.264705918134265,5.8443427085876465
4207,170.33956613493947,0.10251729849364857,18.292058858952924,16.651514768600464
4208,169.51617047359008,0.10274212550871209,18.229138270363396,7.523513317108154
4209,168.02100876885416,0.10271470425362497,18.076846887659762,2.144390821456909
4210,168.5007986811656,0.10265977943331095,18.116078418783164,23.221742630004883
4211,167.95579069435394,0.10259809391967958,18.054917634595334,9.947614192962646
4212,166.51623278741042,0.10323877964714945,17.924368458249383,1.2237675189971924
4213,166.6110704595363,0.10339957366885977,17.965124773666886,16.422094106674194
4214,166.16495975494095,0.10351311891577773,17.935473525930217,11.173941612243652
4215,166.90331015739156,0.10343632105995329,17.996118790670913,21.580422401428223
4216,167.41427705581765,0.10318177436311522,17.996157602764203,23.377180576324463
4217,168.54013428525948,0.10318567090519837,18.11619602673656,28.21063470840454
4218,167.1247329424069,0.10289455493688712,17.965034066469194,2.9113550186157227
4219,168.49348561298282,0.10272087254541298,18.0553837258045,28.670940399169922
4220,168.18855075685298,0.10270815657358204,18.024829888546453,13.179147720336914
4221,167.21666524928446,0.1028078355712265,17.934581589660986,7.342641592025757
4222,167.25449859679162,0.1028323887944616,17.945235773764377,18.324061155319214
4223,169.3919536108237,0.10256521976216003,18.065783416026733,35.36060905456543
4224,168.74803407471546,0.10258718661215747,18.005125581866466,10.637686014175415
4225,169.2105537339683,0.10253805893208241,18.0450743260478,14.061979293823242
4226,169.32844819662864,0.10272814795602125,18.09462358278732,19.7646324634552
4227,167.98516371466235,0.10284372361931818,17.963677346959447,3.86228609085083
4228,169.28531207751573,0.10275488369856124,18.07404057348985,32.27835988998413
4229,170.14245895674057,0.10274694270471289,18.16330016775495,27.571380853652954
4230,170.59103436717317,0.10269621746371228,18.2016671660774,21.788338899612427
4231,169.9551240235014,0.10279075061617796,18.149650494416623,9.948407888412476
4232,170.19557278326639,0.10299995651207804,18.218153989472455,20.98988366127014
4233,170.20361705543374,0.10308106805806835,18.23597244957773,18.425833702087402
4234,170.20158088487938,0.10322672796572296,18.263612725081952,18.267042875289917
4235,170.78956507603058,0.10324249562056355,18.330976597831132,22.652304649353027
4236,172.31166942527025,0.10298406447240745,18.407666831852822,34.75270175933838
4237,172.34855273101755,0.103090587464047,18.433590163534294,18.950421810150146
4238,172.15506720370738,0.10310543322339347,18.419254261898953,16.481643676757812
4239,171.1535165316703,0.10346326778004841,18.34506171927996,6.25235915184021
4240,172.11198136635358,0.1032151519561805,18.38161110208716,28.149131059646606
4241,172.27086155269004,0.10324683022385274,18.40779499106629,20.262659549713135
4242,173.58815293716313,0.10293804613214053,18.453717041155627,30.562954902648926
4243,173.8022714077915,0.1028830246451781,18.46917987074407,20.986068725585938
4244,175.26424869371357,0.1026666943987263,18.55448807203663,34.662092447280884
4245,175.58160620677643,0.10289606610208205,18.63894319131626,20.314603805541992
4246,175.38579014470866,0.10295684903080482,18.6325537594031,16.7598774433136
4247,176.6019322432616,0.1026680212812375,18.67622822180907,31.840402364730835
4248,176.68591292082897,0.1027224221495062,18.69946593959098,19.97450852394104
4249,175.0090537916207,0.10169519792801114,18.52247128019507,0.9733073711395264
4250,174.56896325370448,0.10167061236094477,18.47724656739312,14.143616914749146
4251,174.55327362116742,0.10186777906970526,18.51247410171919,18.668030977249146
4252,173.55774088495573,0.1016491012790082,18.397349360701998,7.90366005897522
4253,173.92216347610616,0.10172784836145621,18.453375867094977,18.666254997253418
4254,173.9129418413451,0.10175103230558731,18.45884210842403,16.762827157974243
4255,173.61381242293163,0.101914077538087,18.45425368733979,13.534188985824585
4256,174.12767429870232,0.10182827009603945,18.48971115046639,22.617217540740967
4257,175.11639755571528,0.10172573831082997,18.564814038961728,25.725220680236816
4258,175.58523358015813,0.1017445169637577,18.61916589857211,23.001070737838745
4259,176.94938124435654,0.10146425128129961,18.672974239586388,31.56083607673645
4260,176.18988743191298,0.1021327770853183,18.666244497190522,10.794294118881226
4261,176.87798855759382,0.10209104115119981,18.729582052218618,24.234676361083984
4262,175.13920867201787,0.1010701307396878,18.55228623169643,0.3219008445739746
4263,175.17781658529768,0.101009150102682,18.546763369379466,19.201841592788696
4264,175.7060384194447,0.10105169018060255,18.611295735685673,18.87486720085144
4265,175.96897803525025,0.10108077723919257,18.645182778328813,19.587350606918335
4266,174.86928825489773,0.1011305755274067,18.538730950545524,5.0875256061553955
4267,174.33059537234877,0.10127629456552106,18.50334364104007,12.516836881637573
4268,174.90728941862528,0.10121180748193483,18.54831020462967,24.864023685455322
4269,174.36821652443905,0.1013567142005039,18.51282710258337,13.022543907165527
4270,173.71453435919466,0.10171929384748969,18.487698831557534,11.772671222686768
4271,172.8673890156027,0.10182569641463278,18.412821843241957,9.558626890182495
4272,173.02871512544667,0.10191855056159756,18.448693624809536,18.489472150802612
4273,171.9184279741922,0.10218968763662675,18.35420668856144,4.6782307624816895
4274,170.3692436944503,0.10175602605437814,18.190664621675825,1.8214943408966064
4275,171.5955512575058,0.10162583780748624,18.278757975459065,29.815826892852783
4276,170.36959574493076,0.10142590596002361,18.145970395704474,5.074418306350708
4277,170.10589978748146,0.10152275801153449,18.13451069174743,13.653879880905151
4278,169.46484078960665,0.10192262477104178,18.113165584829954,10.424468755722046
4279,170.91019238171057,0.10160403546600652,18.162033928981653,32.434948444366455
4280,170.95109045789346,0.10155942368277503,18.160413589691835,14.812024116516113
4281,170.82157955331454,0.10155648767379538,18.148809453794918,17.182976484298706
4282,171.3033637577814,0.10140850270573322,18.167321359256967,19.737322568893433
4283,171.7103301202036,0.1014321535277325,18.215648145664396,18.27581763267517
4284,173.20322681900157,0.10132125878373244,18.333491664207752,30.739311456680298
4285,173.02119455081157,0.10153385264750803,18.350156747565673,16.40856146812439
4286,173.72098260530345,0.10154732070539509,18.42665518009002,22.096410274505615
4287,173.4237727792504,0.1017124030538967,18.42238862828912,15.625214099884033
4288,173.0295350514579,0.10181468200843236,18.39816474200623,12.445452451705933
4289,171.59923970094334,0.10179653518834803,18.254183094586168,3.1706173419952393
4290,172.1032473039339,0.10176956082745554,18.301641263640306,21.64928364753723
4291,172.21221483089457,0.10200869582027389,18.358624851003903,19.805372714996338
4292,173.51009268258562,0.10191576117995194,18.465038602493863,28.362202167510986
4293,173.12499175575977,0.10193364060518945,18.430388216468923,14.630199432373047
4294,174.6937418382022,0.10164157692641028,18.496084334304236,33.317139863967896
4295,173.57680441982015,0.10157754210952713,18.381123490961194,6.783195972442627
4296,173.36103637562195,0.10168018774106344,18.37731225605158,16.36288857460022
4297,173.98742601186575,0.10155321637212737,18.413539133491064,25.39148736000061
4298,176.0375517517471,0.10125008526381507,18.509403742156152,38.25733661651611
4299,175.2571762342296,0.10146207420709528,18.45430970473459,10.47042965888977
4300,175.4846044718873,0.1013060393236102,18.449766607687245,21.18776822090149
4301,174.49975842716844,0.10133193996933512,18.355268941610372,8.290525674819946
4302,175.23476084289675,0.10144765282770629,18.461716252194268,23.754430055618286
4303,175.30241323446776,0.10136724223349516,18.457099089672326,16.3205349445343
4304,176.2893891021231,0.10122948221991934,18.522528098775602,27.27055287361145
4305,176.66649521110185,0.1011984958089351,18.557302817787846,23.05623722076416
4306,175.9998302589908,0.1015501472144821,18.53172978960997,9.733596563339233
4307,176.2498319564009,0.10157942186174027,18.56641249171387,18.764591455459595
4308,175.4173336368369,0.10206900398720889,18.53074836679673,8.797686338424683
4309,174.44316030046852,0.10233036522938807,18.455440883128762,8.390173435211182
4310,175.12872869746383,0.10217125910795839,18.490886474297472,21.641417980194092
4311,174.76744141048917,0.10222868320752629,18.465977609554496,12.940998077392578
4312,174.6297669963843,0.10251074420153798,18.50131783345895,17.37768840789795
4313,172.91346932642045,0.1014856367595226,18.32630465512436,0.33701658248901367
4314,171.49433463315626,0.10143852232741124,18.183041608573117,3.3245856761932373
4315,172.7293912868247,0.10130549303634051,18.271211192487385,31.677143096923828
4316,172.59209737395645,0.1012358343323922,18.24849908056251,15.036246538162231
4317,174.0461764002169,0.10088385334755882,18.286014089756883,31.98023533821106
4318,174.19571463621472,0.10109194603101444,18.34315394885931,18.16244077682495
4319,175.54375748985257,0.10108426281665898,18.479722409370716,33.391255378723145
4320,175.75831991495403,0.10119017145752793,18.52492518527701,19.360942125320435
4321,175.2707367158045,0.10112315163271643,18.469675933424238,13.684678077697754
4322,178.32802934864645,0.10077720078166993,18.614979174089992,47.759289264678955
4323,177.86474905516,0.10098154998597444,18.598829382349095,12.303229093551636
4324,177.9561015646084,0.10114820507434999,18.642841088525604,20.13135290145874
4325,176.7565405489623,0.10134361957533063,18.536412677640346,3.4449517726898193
4326,175.2389751434727,0.10193018337957732,18.401048550863944,1.629169225692749
4327,175.22658539203798,0.1018304217756666,18.387038065355306,16.775485277175903
4328,176.3143195381176,0.10179803305086768,18.493167684701753,30.42524027824402
4329,174.97117634273638,0.10173243367273996,18.358236007854735,4.494584798812866
4330,175.93146457930902,0.10178522003711957,18.47465364777619,25.221100091934204
4331,176.11214993351592,0.10184984206355249,18.50990711129843,18.657126903533936
4332,176.71102843418078,0.10167880127003562,18.534808040185446,25.360552310943604
4333,177.54391814983896,0.10154662864195065,18.58945995978359,25.80094599723816
4334,177.94847896834057,0.10149446510782471,18.62356536018575,23.512070178985596
4335,179.28899417865716,0.10128080250802851,18.697329706583893,31.625056266784668
4336,179.3661042368706,0.10128403726369689,18.710356409518052,20.165120601654053
4337,180.1224431945019,0.10125158904792267,18.783252845422872,24.273382663726807
4338,180.29121876255687,0.10120354016251959,18.79542031696864,16.473142385482788
4339,179.2583065749313,0.10149020605959569,18.717466113798956,8.402198791503906
4340,179.60572350918198,0.10140988343825207,18.740291452660966,19.18297290802002
4341,179.04966627409019,0.1013635265393534,18.682888538134353,11.500917196273804
4342,179.63916961134927,0.10127426102185902,18.72605965275301,25.699681043624878
4343,179.9327779152358,0.10121845621068348,18.74879905622548,22.51831030845642
4344,179.39345013608343,0.10131738275968775,18.711311065663224,13.47824239730835
4345,177.7095156347226,0.10030420893209088,18.534197955006594,1.2021777629852295
4346,177.82242047837536,0.10041227795388108,18.568855975456525,18.136608362197876
4347,178.28419627359162,0.10047958374577083,18.63316741570196,23.98282480239868
4348,179.3113543108557,0.10047122918945192,18.736835741544937,29.41149616241455
4349,179.80824076774715,0.100383547465243,18.769467384129484,23.995026111602783
4350,179.05015836006967,0.10053355814443672,18.711772710288187,9.285759210586548
4351,177.90965677646898,0.10075899179376158,18.614654983185304,7.070336103439331
4352,178.5605602087043,0.10082136072356059,18.69850843335345,26.439680099487305
4353,178.77495460661726,0.10086314711632498,18.731523349019913,21.840110540390015
4354,177.69720506055108,0.10126296634938707,18.654208115529713,7.783278942108154
4355,177.46023300994557,0.10148410291965944,18.667666034374413,16.76139760017395
4356,177.7256306798461,0.10140063443948245,18.68098937403067,22.21602463722229
4357,176.81837437304765,0.10176593843991522,18.624179480290362,9.381514549255371
4358,176.29019062931718,0.10203860163616123,18.60793768548746,11.442496299743652
4359,175.35728872302403,0.10234351682461888,18.541858308632587,8.924102783203125
4360,176.1737158357938,0.10217611278477737,18.586439725546263,28.593345642089844
4361,176.76197867743585,0.10230328782714236,18.6805753282908,25.644262552261353
4362,178.81435889066148,0.10211795128394947,18.82376957500789,37.201425552368164
4363,180.01621530175487,0.10210011625271534,18.94553187925781,28.786195278167725
4364,180.30605314873733,0.10203605288923125,18.966076560465233,18.57020926475525
4365,179.64299261724994,0.10224376253577752,18.926415794860578,10.21886658668518
4366,181.12656269107745,0.10198352003237096,18.997151636911973,33.74713921546936
4367,180.50529706416668,0.1023082226471733,18.977180120542855,12.920143842697144
4368,181.710244093525,0.10214892779611685,19.057408319337426,32.761634349823
4369,180.78314165258973,0.10213867447321187,18.966834236144052,9.755413293838501
4370,179.78531023606385,0.10222839883959085,18.877165893782614,8.777682781219482
4371,179.9774571337032,0.10211063746426027,18.878394234844787,19.889001607894897
4372,179.87768256236618,0.10226600167785296,18.89961029249634,18.712024211883545
4373,179.9289057367425,0.10237847679620957,18.930614189571376,18.371673345565796
4374,180.4896166793751,0.10241401406214577,19.001308047675664,25.96184468269348
4375,181.96472051258135,0.10221304465323164,19.09129496719891,35.66992902755737
4376,183.24507330745553,0.10209414001315092,19.190382017526918,31.628183603286743
4377,184.10262257438097,0.10218844024870714,19.308478197351647,27.146411657333374
4378,183.42159634863717,0.10237345239794421,19.265393415378128,12.532620429992676
4379,184.1273803851508,0.10237333992120887,19.342739481224346,25.66194176673889
4380,184.83610658129928,0.1022515673063105,19.3893120864121,27.586405754089355
4381,185.37774551548628,0.10240059975040221,19.48541896554798,23.8999981880188
4382,185.2739680603314,0.10240516518146962,19.4805647758925,19.038651943206787
4383,185.18122837972808,0.10263111352965493,19.515759128133574,18.974419832229614
4384,184.94941609593081,0.10246899992522257,19.470601536852236,17.579198122024536
4385,183.89992193497153,0.10269430992597034,19.38589552148371,8.629802465438843
4386,185.14092271562183,0.10267386033320415,19.512036566268876,33.1262583732605
4387,185.31951348846562,0.10273086557223665,19.546916200606187,18.301156759262085
4388,187.09631835358095,0.1026126478256052,19.691447038600124,37.41973686218262
4389,186.79535517004513,0.10279671243015169,19.69453256821412,17.063852548599243
4390,186.34740161834466,0.10275466079880792,19.64758724253198,15.31616997718811
4391,186.5439276021612,0.10269798797722761,19.66111137010666,22.337552070617676
4392,187.14848832613959,0.10252121052660512,19.68450025640559,24.88403844833374
4393,186.6870034428782,0.1024889062227575,19.637655253841533,15.373150110244751
4394,185.06013340844942,0.10229735049386326,19.47127870130312,2.6017351150512695
4395,183.4995320743649,0.10265368733375223,19.32656591429009,3.113521099090576
4396,184.65453675362127,0.10253016049385952,19.41330025514719,32.66981887817383
4397,182.95799138608507,0.10283819222225427,19.24916725259572,1.5945403575897217
4398,182.32841147222422,0.10289314363336506,19.196675580069762,13.037076234817505
4399,182.31512735750198,0.10285868733515297,19.194708824269064,19.728244066238403
4400,183.35197608392698,0.10256436619606717,19.22276173602637,31.495997190475464
4401,184.4084563230877,0.1023691723610961,19.280534118666107,26.36782169342041
4402,183.36437175985685,0.10309548063748515,19.237728777479443,4.416783571243286
4403,183.8107280422583,0.10307329776093485,19.28535148970465,12.53771162033081
4404,183.58262076183573,0.10322268900692799,19.292497974807603,8.895560503005981
4405,183.49679455421736,0.10333331925971585,19.309572995059526,9.552700996398926
4406,183.79182660867517,0.10328590156007644,19.33647726510893,11.426653146743774
4407,183.2739083425884,0.10331364860508174,19.293112492457837,7.283999443054199
4408,182.32116925916253,0.10387142120994002,19.25018136753326,4.711578607559204
4409,180.57795756657092,0.10283270699784061,19.06767955385793,0.4607555866241455
4410,181.50217799090518,0.10268350080698309,19.12700275831935,15.36618685722351
4411,182.40715621099613,0.10250225403420737,19.175732730736154,14.802666902542114
4412,181.66308464888618,0.10277352779016159,19.133975403428792,5.977688789367676
4413,180.44645380239731,0.10341245917892664,19.052635649394503,3.288874626159668
4414,179.30198926437333,0.10359045579925857,18.95210929290056,3.680589199066162
4415,177.76896937172958,0.10332378201049676,18.792588199971554,1.4887452125549316
4416,178.1812796780123,0.10320378619952422,18.81466231797184,12.271937370300293
4417,176.98946688123218,0.10318869749007135,18.696515694792122,3.2639424800872803
4418,177.99957221241985,0.10309206231373179,18.7795505378442,15.085161209106445
4419,179.50957649029564,0.10294260065715981,18.89175503246576,18.83003067970276
4420,180.4844807253927,0.10292400497549795,18.992837482141102,14.983773469924927
4421,180.31963591813877,0.10293135029159663,18.982909107319692,8.918660163879395
4422,179.2264395589574,0.10316964242248348,18.893080016246497,4.849371671676636
4423,179.50417516336782,0.10315243875188183,18.924149216084032,22.48342514038086
4424,178.86913341173414,0.10306919022643199,18.854907723923194,10.531949043273926
4425,179.0404420776168,0.10305890648743297,18.87635864668396,21.239981651306152
4426,177.84003765684065,0.10304526657510102,18.75759506021712,6.409954786300659
4427,177.45163728027222,0.10287812326186799,18.70001910961495,14.948097229003906
4428,178.2671209074695,0.10281459299450027,18.7730189185188,25.817147731781006
4429,179.2944496983948,0.10260495240263356,18.82528872933361,28.483813285827637
4430,179.79150520141084,0.10245226532402207,18.847035842040274,20.525941848754883
4431,180.84359014939673,0.10226984793393974,18.90856548361987,29.096341609954834
4432,180.90515424790277,0.102263192235349,18.919479828783672,20.185871362686157
4433,180.04610270542372,0.10250371820773235,18.860285030495834,8.275245428085327
4434,179.96564167836948,0.10269961125821317,18.891682180190873,18.596445560455322
4435,179.13598526158577,0.1029097285476929,18.832765358388965,10.34194016456604
4436,180.2946254089699,0.10279588549950411,18.924437704805076,27.901031017303467
4437,180.2916791548802,0.10282348220006463,18.935193327757023,17.819920539855957
4438,180.5887623633314,0.10289048547330207,18.98584139447945,17.919323921203613
4439,180.73287473969808,0.10293850369549212,19.015982980534655,21.066733598709106
4440,181.0055459923011,0.1031591186585372,19.09582315072931,20.988470554351807
4441,180.2454905323781,0.10336562271004707,19.044864919222018,11.440071105957031
4442,180.99303562705435,0.10323392726726033,19.094416270029797,27.82323694229126
4443,180.73310527078382,0.10336287831716837,19.0934721073295,16.890672206878662
4444,180.735774218076,0.10343422190968729,19.112537386256207,17.56460404396057
4445,179.16841647589524,0.10323321302392376,18.951412012393646,2.2598562240600586
4446,178.7767323111363,0.10341516660797023,18.941897892269708,13.498303651809692
4447,178.68896498802494,0.1034398384713023,18.942478913347014,18.433040618896484
4448,178.5320753381447,0.10344838487186535,18.933054124213545,17.666152238845825
4449,177.89675458476324,0.10345737928401626,18.873723582971408,12.378020763397217
4450,176.5077870389156,0.10396126702963764,18.754986347141696,4.233281135559082
4451,176.88270916852645,0.10385623379859359,18.77743648367028,23.25938057899475
4452,177.14388207684118,0.10395067638671603,18.829662118833575,19.97675395011902
4453,177.28244325607275,0.1037488659579274,18.81136549764524,20.63078260421753
4454,177.40961882351203,0.10381664045624286,18.84325184266879,16.215298891067505
4455,177.47552263527692,0.10386543057341956,18.864819324242102,19.92471218109131
4456,176.07076740892416,0.10363758707849617,18.71617113099968,3.952963352203369
4457,176.99005973483492,0.10364598732711419,18.81900941968968,28.87091302871704
4458,177.5501591374866,0.10359665191736236,18.870819325492782,25.298230171203613
4459,177.9446575461117,0.10357451028298137,18.912111132237854,21.411827087402344
4460,179.31521097065058,0.10345940010078647,19.022990020915476,30.36561894416809
4461,178.07205886094408,0.1035157151906877,18.902760120706322,4.0984978675842285
4462,177.86133827233462,0.10388183192413113,18.94373251949926,16.104192972183228
4463,177.2627248896113,0.10402945428285591,18.904295194304265,12.769264459609985
4464,177.92009764071517,0.10397681406101501,18.96525224236122,26.05649185180664
4465,177.54089666430804,0.10407990306326201,18.94559971993761,13.120408296585083
4466,176.49548769766494,0.1041349944435883,18.846143722738233,7.800345182418823
4467,175.2405328206883,0.1042701150873877,18.727682285510852,5.457395076751709
4468,175.3881274924814,0.10433267709440856,18.760405462655743,20.39591145515442
4469,176.32424621755658,0.10433024251677303,18.862801408029185,29.188082456588745
4470,176.49100375538103,0.10432320952165712,18.884173393948895,21.235578060150146
4471,177.6360937178272,0.10420781247798694,18.975331660009406,31.444292783737183
4472,176.84973278064894,0.10437785556532828,18.91557834340931,10.733918905258179
4473,177.37123545284243,0.10433844382190206,18.966422559975218,24.694145917892456
4474,177.487523098314,0.10430035038897405,18.976758334375464,20.384994506835938
4475,177.50264786733086,0.1043187993990508,18.98699075103171,19.499384880065918
4476,177.66762138865755,0.10410035367310153,18.967120843521393,20.87911319732666
4477,177.42094517477096,0.1042358207246058,18.96744963508618,16.513134717941284
4478,175.71673572302325,0.10319346251735974,18.78777513873532,0.7853841781616211
4479,175.41956836579303,0.10339440460451492,18.789897387347967,15.758065700531006
4480,175.4953726821351,0.10345335673333315,18.811998413474488,20.045538187026978
4481,174.14041895531375,0.10341882316599982,18.673878429339744,4.338683128356934
4482,173.81901476576058,0.10337055042729756,18.637139645046346,11.5159912109375
4483,173.74082461810298,0.1034814232362776,18.65076824859588,15.568276166915894
4484,173.46341637192197,0.10347400626418879,18.62426056610992,15.840006589889526
4485,173.20878220820273,0.10331764457992529,18.578017960448822,15.89306354522705
4486,173.2766943861207,0.10339557924523714,18.602237780844334,17.447136402130127
4487,172.0039274422595,0.10366597127887173,18.486215403035892,4.823641061782837
4488,171.74388816783693,0.10379369512772685,18.481353249005533,11.76957082748413
4489,170.25644928615856,0.10362532339384088,18.32653971651548,2.467550754547119
4490,169.36388479329696,0.10370018127101358,18.243274319350327,8.657649040222168
4491,169.490245945364,0.10387197066709465,18.290841576156826,19.579113960266113
4492,169.38534348591037,0.10396532643212181,18.29793316039526,17.05360221862793
4493,168.93149005105127,0.10413535058715542,18.274953828791308,13.571925640106201
4494,168.84217515054075,0.10415649708128386,18.272204290503392,15.708241939544678
4495,169.85375339903533,0.10407789507343397,18.359482247598358,19.305468559265137
4496,169.04521586504495,0.1042730711788794,18.295887425122373,4.942865371704102
4497,169.0147637063945,0.10413395492492193,18.27292855087115,8.998790740966797
4498,168.17461606933054,0.104269085963908,18.20019926536244,4.805379390716553
4499,167.77286990863723,0.10439827010426893,18.178197272708815,6.853132009506226
4500,166.49514120955087,0.10460428740322623,18.056415299981726,2.2113451957702637
4501,165.78018979745534,0.10482140242393082,18.005851146981907,6.215343236923218
4502,165.54238789948076,0.10497037149828306,18.005792635512087,8.095817565917969
4503,166.32696402048595,0.10490427434067727,18.075734709156965,13.550379514694214
4504,165.55369438028106,0.10520354620401208,18.024977362065393,4.860166072845459
4505,167.48815743647825,0.1049593101848689,18.144727588444738,19.4136700630188
4506,166.48327586211346,0.1049544932024232,18.043280312560288,6.738987684249878
4507,166.02844310349232,0.10514461769188657,18.022847509434687,12.347240209579468
4508,166.4481586724574,0.10500663305342925,18.04261903434034,22.444864988327026
4509,167.52367708573283,0.10497846453311394,18.152192843996936,27.58157205581665
4510,167.6584403148755,0.10514414950104246,18.200670915556966,19.319994926452637
4511,167.18185591172673,0.10517604133936538,18.158664206401397,6.257858991622925
4512,167.26003735260946,0.10520999521168602,18.17707756433738,9.444837808609009
4513,166.85743697908336,0.10533899762177389,18.155306788694006,6.736433506011963
4514,166.19886260929252,0.10557273635842744,18.113753720807065,5.460150480270386
4515,166.92687398319958,0.10547935209107748,18.172616183598993,22.16495132446289
4516,166.2176052433676,0.10577872523683338,18.130890021763005,10.310455799102783
4517,166.85542919093393,0.10572093798446504,18.189581121545373,22.63131284713745
4518,167.3068748990246,0.10565429464235625,18.227685310329917,23.406738996505737
4519,166.73380615003433,0.10568866078684178,18.175408457226617,10.532485008239746
4520,167.85646808853397,0.10556367382055042,18.26365437265435,27.40374732017517
4521,169.10790340764865,0.10532714971033126,18.331017828927806,27.71319842338562
4522,170.98682437357215,0.10511421434768173,18.457707650638525,38.34163689613342
4523,170.27695612983644,0.10526307220420492,18.40313057413214,9.207047700881958
4524,172.30418656853806,0.10490749242050067,18.489099268390817,39.250293254852295
4525,171.26114470285268,0.10503488808453096,18.39420827570691,7.281840801239014
4526,171.92853325582414,0.10482487533813943,18.42026619294984,23.272784948349
4527,171.25924792326592,0.10501472182285326,18.376063531020343,11.225452661514282
4528,170.18665544403325,0.10521457460462473,18.28230289571014,6.869453191757202
4529,170.58478888959291,0.10525766695381658,18.339479866753035,18.505577087402344
4530,170.738941000697,0.10522659566062251,18.356085068085502,19.98185396194458
4531,171.32155159069,0.1052223646385141,18.422524217404646,20.052125930786133
4532,171.2883360747831,0.10536061718260514,18.4482989752306,14.431902647018433
4533,170.65545271403528,0.10560330730707539,18.41381598547829,11.58189582824707
4534,171.87889818689493,0.10540051655482374,18.48967782562351,29.883544206619263
4535,172.09010920502598,0.10522734040481954,18.484781047367274,20.662827491760254
4536,174.0892081129757,0.10492775517281436,18.5899332368936,40.02873182296753
4537,174.48831603184593,0.10481305706033854,18.614033904524664,20.98375678062439
4538,174.31343287152745,0.10478403476998993,18.59789356547942,14.79612421989441
4539,173.09029854281218,0.10546696365305926,18.511914629824627,3.4128854274749756
4540,172.45939555738406,0.10559411219834684,18.466795483526383,10.043835878372192
4541,171.4348016018102,0.10582388536207765,18.38212752869112,6.176319599151611
4542,171.5604535857921,0.10579825520410906,18.39830625340421,19.01597499847412
4543,172.04484904993416,0.10555845447024978,18.40432319087017,23.480188608169556
4544,173.19440055943483,0.10551332288721975,18.520279958961467,26.701340675354004
4545,173.36245655384047,0.10551082123729492,18.545077159371854,20.36232614517212
4546,173.66883198830206,0.10558316400531413,18.599626387778134,20.144978046417236
4547,173.78214366841902,0.10560841344634207,18.62363012390035,19.79845881462097
4548,172.69432223173484,0.10593694469649403,18.53739382266135,7.053239583969116
4549,173.4873790094175,0.10590932128127513,18.622019884434735,27.025990962982178
4550,173.59250521932333,0.10588283676411456,18.63579968559039,19.648518323898315
4551,173.1065801671301,0.1059440083964734,18.599441688734483,13.359434127807617
4552,172.6655143654588,0.10596983963033813,18.56344727184714,11.630657434463501
4553,173.6288592218042,0.10587668398496411,18.647812799128666,28.995348691940308
4554,173.46257062958614,0.10590071969288517,18.64133467113738,16.76740837097168
4555,174.00794492329027,0.10585048442578088,18.694921324426005,22.30981469154358
4556,174.38786547405738,0.10582971543057967,18.737972111181744,20.56560444831848
4557,174.4839868193168,0.105858374798013,18.760592390069927,17.431063652038574
4558,175.88914695112365,0.10575217200241382,18.88298646616923,29.391069412231445
4559,174.1602554816124,0.10469465028238968,18.70415660150754,0.32548999786376953
4560,172.6886529267963,0.10438844452030652,18.547115035492464,2.969783067703247
4561,172.39176639752833,0.10432358105412443,18.511643885137538,13.798484802246094
4562,173.32784873355305,0.1041074129127561,18.55652744628616,26.270293474197388
4563,172.78457024621753,0.10407474214497309,18.500962171823296,12.827277660369873
4564,173.90672454375533,0.103841012267383,18.55595255010506,26.597461938858032
4565,172.83765729831777,0.10354887080142558,18.430393024604008,7.1423046588897705
4566,171.4392807253346,0.10433156391159314,18.316089094357967,3.6623659133911133
4567,171.57488791808126,0.10447743746166639,18.362928203414388,17.659967184066772
4568,171.72913903890046,0.10423480212448288,18.339298921380244,16.26307439804077
4569,172.77184764851145,0.10417071497280328,18.435905932166442,28.48230218887329
4570,172.35412917202635,0.10419771011315158,18.401546872844776,13.038887977600098
4571,172.6805878803061,0.10437524520714202,18.47753140411633,22.027671575546265
4572,173.44378200150305,0.10421502689161678,18.522756090075166,26.70339584350586
4573,173.639344181488,0.10420914605275243,18.547528529174414,18.51557445526123
4574,173.75295073967314,0.10419408161925194,18.56205324388267,17.711329221725464
4575,173.9454212322764,0.1042920371761164,18.606432711443844,18.75326371192932
4576,174.93596701995364,0.10427475782999626,18.710368384329406,27.246639251708984
4577,175.5666073497541,0.10415637999959546,18.753264700486113,25.626549005508423
4578,175.15094127625656,0.10445809978168906,18.755732053481253,14.3666353225708
4579,176.149431863494,0.10435897332932671,18.83817473294644,29.675127744674683
4580,175.72793754485906,0.10480792090946628,18.859792985616977,14.374190330505371
4581,176.54065816941045,0.10484933586379573,18.961195055760808,25.692610502243042
4582,176.86525158771636,0.10494916786400944,19.0215831052032,20.431755781173706
4583,177.8365990718392,0.10488507764522335,19.111367274151167,27.240681409835815
4584,176.45823308112082,0.10508622686877112,18.980253601409654,3.825315237045288
4585,175.6736507503096,0.10525985439600177,18.920451065395557,8.788487195968628
4586,175.8969142428065,0.10526786191264781,18.9512465547416,15.96472430229187
4587,175.76794510037843,0.10538082746530048,18.961734089194184,13.333778381347656
4588,174.51026564937465,0.10512701919064746,18.822116748302243,5.3775575160980225
4589,175.7951629928809,0.10503284470831195,18.93389558081922,32.444058656692505
4590,176.2572113629521,0.10497350725221982,18.97455662501103,18.045297861099243
4591,175.12463924932257,0.1051936134495389,18.87481105876092,6.78195333480835
4592,176.67339285682937,0.10502046519383139,18.98606294817331,33.23138999938965
4593,175.66665892826106,0.10515447106820887,18.89620231869158,8.142099618911743
4594,176.02999233897845,0.10499915277262112,18.90724029550466,22.82744073867798
4595,175.81969241558866,0.10498141930941103,18.888167892549614,16.699238300323486
4596,177.70149549143275,0.10467336335807517,18.979286213624118,36.72634148597717
4597,176.64448053651842,0.10473774083560553,18.879493351487877,7.692219018936157
4598,177.51803573115322,0.10463733312421916,18.950698417973,28.357436418533325
4599,176.74285537384168,0.10469095979297698,18.881191433793273,8.632673263549805
4600,175.49542682010326,0.10479789634889336,18.76237951945534,4.047269821166992
4601,175.10047255190224,0.10485285856187501,18.734755724260786,14.503379583358765
4602,175.37946782638323,0.10493733490236463,18.787408167018178,16.805590391159058
4603,176.3856731481194,0.10490245430696417,18.889534085347996,26.78739047050476
4604,177.14181641663822,0.10480581071627548,18.950638744494515,25.468018293380737
4605,176.45039825247184,0.10514664149800161,18.92113235704957,11.994787454605103
4606,176.3558942699471,0.10505325891535691,18.901921033479073,18.506990671157837
4607,176.67233532724765,0.10501234171081873,18.93290182314428,22.90561842918396
4608,175.48561197397518,0.10516911484543469,18.823572804912835,6.237490177154541
4609,175.94075585423545,0.10511289881010251,18.865337076863707,21.426927089691162
4610,175.3313482956931,0.10501829156113192,18.79668370609507,12.326939344406128
4611,174.78803481273616,0.10529042269510737,18.77871686903412,13.063493967056274
4612,174.37015446460882,0.10521496207717886,18.73092970034378,14.344678163528442
4613,175.57645291996272,0.1051458633038647,18.843620403340342,31.644592761993408
4614,175.3106883907631,0.10516823017418175,18.82518419930694,13.940094232559204
4615,175.22758150685544,0.1053141526628591,18.84693235731387,16.818873405456543
4616,173.5953056917869,0.1042610111362305,18.668463033740736,0.5914514064788818
4617,172.73935263486902,0.10458203738850455,18.611778403403328,8.616149187088013
4618,171.90195910852032,0.10465981252023748,18.535660619369295,8.211161613464355
4619,171.2729395174351,0.10480587494549383,18.490304013175603,8.903346538543701
4620,170.88021012226073,0.10474266468088739,18.445400973043846,14.132032871246338
4621,170.90140802103812,0.10485130739824036,18.47094696331341,18.515283823013306
4622,172.24239394082775,0.10472082711114321,18.576237493680274,30.598957538604736
4623,172.16997000141947,0.10482513399154693,18.59047511874347,17.71795392036438
4624,173.75827030140528,0.10459259262141998,18.684570367556034,33.37476062774658
4625,172.5306875983912,0.10472313728344107,18.567724663880472,5.45636773109436
4626,172.3153807224073,0.1048679588907391,18.57204741724167,16.318023920059204
4627,172.34222691518323,0.10507642215897457,18.616326943069254,15.344579935073853
4628,172.38880464603142,0.10509910426506845,18.63016367363856,17.845450401306152
4629,172.06491659957112,0.10511954179384633,18.603862036902175,13.125121831893921
4630,172.0842674335754,0.10510282913452855,18.607823416533154,16.644601106643677
4631,172.86342475923965,0.10505180084318326,18.681745182367823,22.608690977096558
4632,172.41479051164725,0.10509503283475143,18.644927730544143,13.674793243408203
4633,173.29064260653078,0.10508254404486546,18.738478453238702,27.845412492752075
4634,173.67773618046547,0.10502228464215266,18.771093668706314,22.58158016204834
4635,173.2609588186608,0.10503266785633719,18.733382732019248,12.03409457206726
4636,173.72834923047418,0.10520961390504655,18.826048904699057,21.728171586990356
4637,172.08106573816943,0.10415751776599608,18.64778841565207,0.9549961090087891
4638,172.73025508078774,0.10408640672335721,18.701310531495547,20.913859605789185
4639,171.75295252997986,0.1041122093227903,18.60429742618059,8.049187660217285
4640,172.72542300468007,0.10403762998049176,18.688254451918784,27.289074182510376
4641,172.27816877463326,0.10409100368068686,18.651371907399593,13.347727298736572
4642,173.13538708688694,0.10398032620201952,18.714858188325596,25.590516567230225
4643,172.89403321601807,0.10394723434939529,18.68770960644234,15.966933965682983
4644,172.75509288385788,0.10410273055936045,18.700832510377914,16.28159189224243
4645,173.1875419550193,0.10417281436487795,18.763824185274135,22.183278799057007
4646,174.00566653546912,0.10407226269181741,18.826185943421393,25.385441064834595
4647,174.20560987011442,0.10395937511644562,18.82792408398718,20.76537799835205
4648,172.80355377141328,0.10409625195351646,18.68964484314731,3.6573805809020996
4649,173.87551823369915,0.10398386086255272,18.772748394715837,30.028851747512817
4650,172.92676305136214,0.10420984503873733,18.69502091076868,6.217529773712158
4651,173.3374954208485,0.10424251294349014,18.748070701660993,22.965282917022705
4652,173.22412046664002,0.10437292732022807,18.76058999464438,17.534934043884277
4653,173.34187926197362,0.10451838723621497,18.802984094697937,19.751007795333862
4654,173.53846046935388,0.10461309973690981,18.84495425375096,17.506558895111084
4655,173.66307586466036,0.10464223755674501,18.86650471121345,14.897359132766724
4656,173.64644510601374,0.10440976866954965,18.827839664101315,16.886366844177246
4657,173.95998065495363,0.10434128073895171,18.849561267460302,20.01686453819275
4658,174.0003808484041,0.10430910388661838,18.8510656547857,19.04239010810852
4659,173.66037703992006,0.10440886999060933,18.832554998237843,14.975474119186401
4660,174.14377326952086,0.10435577228169424,18.874229448255466,21.85936665534973
4661,174.95233553682567,0.10441025377456356,18.97548715377291,23.15594506263733
4662,174.1828121814574,0.10448860021640977,18.90573228223518,10.52816367149353
4663,173.74098405964284,0.10444371421424567,18.856674959412832,12.148394346237183
4664,174.87357421904642,0.10427035721147604,18.928108209818706,23.609914302825928
4665,174.72483847685595,0.10422765363936128,18.90882712772052,16.385364770889282
4666,174.3375900920874,0.10428831827943824,18.879738856443314,12.283514976501465
4667,174.86421419116652,0.10421459809223857,18.92094146787888,24.351168155670166
4668,174.84557204925486,0.10421291453906184,18.921732053200092,18.519256830215454
4669,175.2871163287623,0.10417535160371688,18.96251473266809,19.162762880325317
4670,174.40424516547466,0.10451290843250731,18.90288958534141,9.23426365852356
4671,174.15020271381994,0.10501140350925606,18.953860689487993,14.19094181060791
4672,173.42870068668174,0.10513776006239879,18.89432208259311,10.621768712997437
4673,173.6044136798149,0.10513350288062297,18.91537886176718,18.457470655441284
4674,172.48836954301677,0.1053724904324619,18.816225073149507,4.846515655517578
4675,172.9234858475866,0.10542987663924838,18.878062822418013,21.12191677093506
4676,171.7342509891107,0.105486688983967,18.759282194193833,4.853416919708252
4677,171.19690847921962,0.10570300853480528,18.731689372251896,9.32136082649231
4678,171.28493939442743,0.1058126451161239,18.764372478529378,17.191821575164795
4679,169.63209000048315,0.10475451866496266,18.586728753744087,0.6349570751190186
4680,170.8857691004783,0.10469002432577067,18.700861466206646,27.812769412994385
4681,171.8469114094735,0.10450454730348674,18.75385285154458,24.531505823135376
4682,173.87844229537876,0.1041528351637852,18.836314323029132,34.68318223953247
4683,173.92965787242497,0.10417275932611383,18.84795117979884,14.557687759399414
4684,173.5303612937007,0.10432506158359896,18.829471668000853,13.855995178222656
4685,174.5450576807637,0.10415453824049024,18.891176951320844,25.54656720161438
4686,174.20960710395607,0.10424774463113498,18.872265181807638,15.152874946594238
4687,174.26751103291653,0.10431637829593474,18.893542529989563,17.327672958374023
4688,174.00483592258735,0.1044894307291916,18.89460710468967,13.78653883934021
4689,174.09478756336148,0.10464672221424941,18.935661033642774,17.73321771621704
4690,174.40383968772787,0.10467342572381423,18.976304423306345,21.996751308441162
4691,174.82980129085058,0.10459443340205996,19.00654137907328,23.236742734909058
4692,175.21150327794206,0.10453440456099711,19.036475965282545,22.863827228546143
4693,173.54938824516265,0.10348906051538713,18.85611120562972,0.9522311687469482
4694,174.74389436271102,0.10344393100238343,18.967550093573422,31.40107274055481
4695,174.85645541908391,0.10359228739128433,19.007874592637688,17.638035774230957
4696,175.10789086489308,0.10360636451737149,19.037795846711308,21.511224269866943
4697,176.41681195624415,0.10348533355193634,19.137417888244194,27.558139085769653
4698,176.7126438366817,0.10337281031350436,19.146043709361752,17.263635635375977
4699,177.76551739831487,0.10333199001178775,19.244583272268134,23.661187648773193
4700,177.8978622243317,0.10318872246769081,19.23213743954545,14.295666694641113
4701,178.01888360208838,0.10326209840090864,19.259816065149995,20.181539297103882
4702,176.93869476606747,0.10380090598832813,19.187217904498496,7.479125022888184
4703,175.70930781840678,0.10368882285437077,19.05534572545351,4.83280873298645
4704,176.59221474022272,0.10356102553491797,19.114792268198975,25.118226766586304
4705,176.6562925928205,0.10356366664568901,19.123644345516986,17.88977551460266
4706,176.89972966689228,0.1036225573424162,19.162407902061815,17.03957986831665
4707,175.50073237022337,0.10366741285007312,19.0207838230412,2.7644453048706055
4708,175.26572504652114,0.1038807387215724,19.03057598481079,13.494837760925293
4709,176.83306779605593,0.10362506386447716,19.11027022496268,33.295177698135376
4710,175.16473711809536,0.10258881322583238,18.929167522713055,1.0676918029785156
4711,174.3030897469144,0.10257416104863025,18.839875847485924,9.533847093582153
4712,175.48005884944524,0.10243883039704806,18.921477089011063,31.24538803100586
4713,176.0852582609508,0.10238901836426402,18.97226231812095,24.18062424659729
4714,176.7344056783413,0.10215350992335996,18.98253969493974,25.080167531967163
4715,176.53706162155788,0.1023421659069289,18.99271429799034,16.817836046218872
4716,176.8516910053423,0.10242451347862884,19.042787155010434,22.206831693649292
4717,177.81317409528887,0.10231601925959347,19.112359283460332,27.138284921646118
4718,176.375042354336,0.10246932965523282,18.97123569062573,2.8875925540924072
4719,176.05129193079262,0.10248630302534716,18.941523333719473,14.137021541595459
4720,175.93077901148467,0.10268095219021564,18.96210810038228,17.520665645599365
4721,175.66147122136982,0.10259373998374972,18.92248701937846,15.950078248977661
4722,176.47485650915613,0.10254056522982662,18.993262149184677,25.508385181427002
4723,175.43010794406456,0.10290404846641724,18.91332952769283,5.6665143966674805
4724,174.45580686462392,0.10302885413559922,18.824196232415904,8.321393251419067
4725,174.6712487959777,0.10312101457383506,18.865954270091745,19.031050443649292
4726,173.02453630801793,0.1030898044280967,18.697294727390826,1.0689654350280762
4727,172.97429094493776,0.10289223971714907,18.660321780116917,18.133219480514526
4728,172.05454803548838,0.10309788522121215,18.583718562315745,6.88880467414856
4729,171.5540025551335,0.10313248013949183,18.53788137669259,11.04754638671875
4730,171.27846252958216,0.10321226644920801,18.522502562925663,15.366103887557983
4731,170.25567790428633,0.10333956407457101,18.427277537296405,7.367744445800781
4732,170.83312112524348,0.10327108071452705,18.47300476192344,22.19794511795044
4733,170.94478991399103,0.1035570512260631,18.538274714304208,19.494723796844482
4734,171.5553420148511,0.10364217036897487,18.622891967161166,22.812111139297485
4735,171.7097885947026,0.10378221925352041,18.666663047489553,20.022156476974487
4736,172.57269070875557,0.10367462961912474,18.729996417014657,21.380815744400024
4737,173.786963801668,0.10348822345898792,18.80269645284451,29.61071014404297
4738,173.07909416365132,0.10342421501080581,18.724669488316067,11.013684749603271
4739,173.61830322201482,0.10344724158316472,18.787422793432906,20.108302354812622
4740,174.1821201897947,0.10336929090646352,18.829548565498577,24.659945249557495
4741,173.93029898789675,0.10347653759471433,18.82125307984359,10.528659582138062
4742,173.32099599801776,0.10394619699752825,18.813040549045155,12.110893487930298
4743,172.6777860380376,0.10409939557801168,18.764910143554705,11.739285469055176
4744,171.02100817765722,0.10305840162223157,18.58726104211916,0.7566506862640381
4745,171.52079809588065,0.10302329271913142,18.631388431697967,21.388269901275635
4746,171.15559011492184,0.1031782449771253,18.61507454738099,14.354171991348267
4747,170.95403421377262,0.10327229034192358,18.608923801907178,11.54222583770752
4748,170.8244938716349,0.10312564338787142,18.572834563888104,15.16892409324646
4749,169.53624893291854,0.10352295838256413,18.457106218249223,4.495833873748779
4750,169.89088644358935,0.10351211904264093,18.49253515606673,20.39325761795044
4751,168.24197757915346,0.10247699785221452,18.317609804506063,0.23123502731323242
4752,167.3195578033619,0.10276801734737659,18.244433706461002,7.731404781341553
4753,167.59636222532828,0.10276597819954385,18.271989369396394,20.79535460472107
4754,167.950398603075,0.10262501792493757,18.27926947570243,19.57800531387329
4755,168.68089461704426,0.10263611214402844,18.356476780945407,23.635732412338257
4756,169.29408567087384,0.10252279450084902,18.392912013135952,23.518413543701172
4757,170.62114481416512,0.10242471887372132,18.49898289300459,27.266034841537476
4758,171.23493336602345,0.10230564409877721,18.533993064074544,22.610395669937134
4759,170.31258403236322,0.10229524588563754,18.4386531334338,8.461942195892334
4760,170.2894581920396,0.10234372199820974,18.444266602099464,18.01464343070984
4761,171.57656361011922,0.10215640517956542,18.51982393607847,30.027851581573486
4762,170.49079797401802,0.10272214271507135,18.444625696717686,6.752631425857544
4763,169.74588999427786,0.10284075462125397,18.38017943975051,10.246987342834473
4764,168.89843109433508,0.10310646472210025,18.316377645353004,7.496452331542969
4765,169.49944678339173,0.10303609876483559,18.363213868899475,22.053879976272583
4766,168.36445231555783,0.10325573777718723,18.259581730210478,5.985311985015869
4767,168.31080779240224,0.10326612518469143,18.256985912908373,15.287115573883057
4768,169.3776997144782,0.10317891847829906,18.344416053779288,29.34385919570923
4769,169.8839227173334,0.1032834929298797,18.420971893241497,21.425370693206787
4770,171.2050834901601,0.1031778103184617,18.52676217430908,32.18923568725586
4771,169.5830326552585,0.10214603221527707,18.351494552565992,0.9566230773925781
4772,168.4172023287059,0.1022566473648224,18.237979607040334,4.012586355209351
4773,170.03303030541886,0.102052262709356,18.33559981096993,32.91109561920166
4774,169.48270000236468,0.10207521834313199,18.28224381286023,12.260107040405273
4775,169.38787300234102,0.10217946615970067,18.289421374731628,15.057474851608276
4776,170.3239942723176,0.10207021902662076,18.35652716098431,26.2877254486084
4777,170.32075432959442,0.10216716389517809,18.372961889374466,18.15024447441101
4778,169.9775467862985,0.10239549225622631,18.36923227048072,12.573983907699585
4779,170.91777131843548,0.10220487066699738,18.415539947775912,26.40386939048767
4780,170.61859360525114,0.10245941770500826,18.421384548298153,15.180726051330566
4781,171.3824076691986,0.10244696927694602,18.497170702815172,26.489789247512817
4782,170.79858359250662,0.10248444648683142,18.44219899578702,10.11059045791626
4783,171.08059775658157,0.10241437589130983,18.45777700582915,21.276235580444336
4784,170.99979177901574,0.10261722599742741,18.48319923577086,17.457078456878662
4785,169.57979386122557,0.10228070890986693,18.328367243413155,3.074963331222534
4786,171.21399592261332,0.10218883275169918,18.465083570979022,31.484223127365112
4787,171.63185596338718,0.10215285991713993,18.500432735269232,22.847087621688843
4788,172.18553740375333,0.10218860004043549,18.56542840791654,22.40961194038391
4789,171.5136820297158,0.10240480927812637,18.519774123837372,11.219282865524292
4790,172.25854520941866,0.10243767175445079,18.604576382599,21.947000980377197
4791,171.38595975732446,0.10258976562514158,18.528530618773008,9.062841653823853
4792,172.22210015975122,0.1024658287532039,18.583245312585277,24.314866304397583
4793,172.2598791581537,0.10257753410203549,18.607412859459423,18.02435827255249
4794,172.46728036657217,0.10258802819106695,18.63133873086483,20.645238399505615
4795,171.19260756290643,0.10289548124248962,18.515025343556182,4.753260135650635
4796,170.22068148727737,0.10321787778141607,18.43987509012062,5.873838901519775
4797,168.87847467240462,0.10301903233693525,18.295476339219412,3.8495373725891113
4798,168.56968992568056,0.1033656536077688,18.31252157582722,12.789727687835693
4799,169.04399302642375,0.10344310818280221,18.379396360068945,22.821057081222534
4800,168.81355309615952,0.10357306066261802,18.375602396468256,15.74706745147705
4801,169.0154175651979,0.10375426127292306,18.43184637250357,18.10775136947632
4802,167.47526338954594,0.10338338532686049,18.267527908778536,1.6204891204833984
4803,167.4205107556505,0.10327547739951781,18.24485262969075,17.28981876373291
4804,168.836305648094,0.1030841465737427,18.33240410339384,30.925928115844727
4805,168.97794259161307,0.10320084609161183,18.369080062359902,19.491732358932495
4806,169.15816316569695,0.103345308218931,18.415389261736305,15.874709606170654
4807,168.71658153404,0.10343185513674168,18.38123536911894,11.507002115249634
4808,168.22941571869958,0.1034808699187076,18.337423015427753,12.59490180015564
4809,169.7771215615126,0.10334389403685798,18.454048785273475,30.922332763671875
4810,169.42935034589746,0.10349564028167459,18.43950829742074,12.42813491821289
4811,169.7750568424385,0.10353911525140687,18.48511321444653,21.82000231742859
4812,171.1673062740141,0.10353932280439442,18.630262082302064,33.184866189956665
4813,171.96563321127394,0.10338042360025486,18.673959461479043,26.9522762298584
4814,172.2059768791612,0.10326498671119108,18.677219866864252,18.771548986434937
4815,171.49391711036958,0.10312342595299007,18.590447668195612,10.813698768615723
4816,171.52897793926587,0.10306362026488873,18.584543191513657,18.892617225646973
4817,171.61368815987322,0.10325520628446207,18.62869775959852,17.31437373161316
4818,170.17755127827448,0.10293693993590315,18.472410782002537,3.0079774856567383
4819,171.01577576549172,0.10293119258378822,18.557686674182513,23.5948748588562
4820,171.6856180078368,0.10282625040584949,18.602109807440687,25.185492038726807
4821,171.78876182775844,0.10289688900069209,18.626088709366282,17.366414785385132
4822,172.71087420948083,0.10281488980765487,18.69982782227262,24.948172330856323
4823,172.06376546738605,0.10308303720587461,18.66282954404989,10.98976182937622
4824,172.26312781271218,0.1030417901671492,18.67620124860939,20.438523769378662
4825,173.41049653458506,0.1030566684327251,18.799439236123295,26.478432655334473
4826,174.1563915692392,0.10307448884517204,18.88144484376206,22.588427543640137
4827,174.4848276535468,0.1032031642465754,18.94263039532444,18.348021268844604
4828,175.27997937701133,0.10303727433639312,18.983204091371196,27.210309743881226
4829,176.3171795832412,0.10286711664679263,19.043372050457485,25.52475643157959
4830,175.18400778740877,0.10310828675016596,18.94293832995291,6.702756404876709
4831,176.3921677095347,0.10315828496374539,19.083508946653378,29.810875415802002
4832,175.64824603243937,0.10349925113371578,19.04267385718684,10.961579084396362
4833,174.18176357211496,0.1031539137947924,18.882247118614973,3.118415117263794
4834,175.9499459363938,0.10292009545456526,18.983424647428823,37.685949087142944
4835,175.79044647702983,0.1032033945000196,19.013590400954534,15.234199047088623
4836,175.16254201225954,0.10314481188245303,18.94345449694499,11.89528775215149
4837,175.61091659213693,0.10315881830908304,18.994019951975538,19.44452214241028
4838,174.87480742621557,0.10340173992991378,18.94407975245578,11.006062269210815
4839,174.70605935195343,0.10325379847998173,18.904638954931222,13.163440704345703
4840,175.1189987584339,0.10323977901370042,18.94559256538191,21.48197317123413
4841,175.18780877084953,0.10336122737740958,18.97613663972809,17.065387964248657
4842,176.56593068314103,0.10315828603015306,19.056375273330808,33.499282360076904
4843,176.45027137630962,0.10346003650318487,19.0958115205975,17.576229333877563
4844,176.7857686625465,0.10337781709053398,19.114853405391525,19.1140079498291
4845,177.82791097592104,0.10334048020076743,19.213704871337608,29.42292046546936
4846,177.75963186616184,0.10324274791337965,19.191567822624233,18.32561445236206
4847,176.16203554750024,0.10332143154535696,19.029652144397993,1.95485258102417
4848,175.51041519202525,0.10345938840107456,18.979355622954014,9.81838846206665
4849,175.255311040105,0.10355812785039716,18.969562066724475,16.163860321044922
4850,174.77275792970397,0.10362490877661759,18.92986644605723,12.452089786529541
4851,174.64503035040693,0.10369977079996252,18.930567781596658,14.268612146377563
4852,175.20858004690285,0.10370173413092393,18.99126210378069,24.83768129348755
4853,174.97649424643384,0.10378313784224626,18.981349482742885,16.402411460876465
4854,175.80672930396952,0.10367553902196333,19.041535987915456,25.477859020233154
4855,176.72866201092984,0.10375818661681832,19.1611206280363,28.746017456054688
4856,175.79137539082055,0.10440735173860194,19.119509421755936,8.923346042633057
4857,176.75346163691233,0.10417210175062769,19.158314327538378,26.965879201889038
4858,175.4259270205432,0.10449401709675776,19.036731184262994,2.448665142059326
4859,173.84166775033776,0.10462554751402547,18.876363872420367,1.675903081893921
4860,174.60325107283438,0.10461929203888522,18.957600233696162,26.844720125198364
4861,173.10721856210603,0.10437309911849636,18.7980242313592,2.68621563911438
4862,172.81614637648497,0.10464881257175584,18.810043989045607,11.260160684585571
4863,172.67798491272012,0.1046715068359754,18.80194354915515,14.94857931137085
4864,172.8012050635929,0.10465181879464268,18.8139241136636,15.565531969070435
4865,172.373193012957,0.10491299291438855,18.805784872526964,13.502274751663208
4866,174.40946108282742,0.10468833107035105,18.937727023801695,36.665287733078
4867,174.32536647199913,0.10496674896446681,18.97834975356368,17.758240699768066
4868,175.19211280727916,0.10491325005719762,19.058566256028044,21.694705963134766
4869,175.53019167920638,0.1048210553556687,19.077980593467764,22.385059118270874
4870,176.63488976241433,0.10489172592099312,19.217200787533084,30.600403785705566
4871,176.18854086479018,0.10513068744966197,19.205028779657752,14.109549522399902
4872,176.39665545614227,0.10524689326552068,19.252978491861175,21.16355586051941
4873,176.89268890158084,0.1051678756602991,19.290448706942563,24.370788097381592
4874,177.58376201256505,0.10492920503377741,19.307544219873137,26.297797918319702
4875,179.7779243924394,0.10453482482223057,19.384468777674403,38.65727877616882
4876,178.070145148515,0.10348947657400827,19.200624089897662,0.966228723526001
4877,179.11944369702985,0.10344398110155441,19.298617848998685,28.2659113407135
4878,179.36824926005954,0.10363503148661729,19.365631670508698,19.953768014907837
4879,180.44456676745895,0.10350460451669885,19.44197535380361,26.78652787208557
4880,180.81012109978434,0.10352946630563324,19.487555600265573,21.50240135192871
4881,179.5920198887865,0.10385010384596674,19.382680044262916,6.361561298370361
4882,178.29609968989863,0.10381160280750708,19.248853243820285,5.408400535583496
4883,178.07313869299963,0.10373502524097046,19.21636471138208,14.673190355300903
4884,178.59240730606965,0.10361071846682161,19.24420106426826,20.024208545684814
4885,178.76648323300896,0.10354399903725543,19.251759053625577,21.02933931350708
4886,178.78881840067888,0.10361353142257348,19.269241463089323,15.06323790550232
4887,178.45093021667208,0.10381877541869258,19.26654904845843,13.344160556793213
4888,178.99642091450536,0.10381063058296058,19.323883557973843,23.011902809143066
4889,179.7164567053603,0.10376854021338595,19.390644722394107,20.9603374004364
4890,178.63929213830667,0.10398085481125209,19.296738275170167,5.706597089767456
4891,177.69289921692362,0.10448866531075862,19.243770892418464,8.970439434051514
4892,176.56597022475438,0.10467454788842026,19.14133318349428,6.384372711181641
4893,177.55031052250683,0.10460962059135424,19.229919851659336,24.16951584815979
4894,177.25480741728177,0.10498244330435962,19.25762065314274,13.617594003677368
4895,177.82225934310895,0.10500099493969209,19.325044446611315,24.987651586532593
4896,178.09403674967788,0.10492659474639272,19.341794002145203,21.986484050750732
4897,179.0830963821811,0.10496036128990352,19.45837606212375,25.52384853363037
4898,177.3822654183593,0.10391075767700449,19.273792301502514,0.9687402248382568
4899,178.73844276417572,0.10379816767211943,19.38105437848749,31.46388077735901
4900,180.28105833653396,0.10354096677617901,19.457243834702616,26.79782199859619
4901,179.46824775316864,0.10351565811851823,19.37267139635559,8.484247922897339
4902,179.29356527563695,0.10371506943856762,19.388944682392033,14.52113151550293
4903,177.59062962288058,0.10267791874418195,19.205055235568114,0.4394409656524658
4904,177.72472332665177,0.10254119191276106,19.193004683212433,19.98976230621338
4905,176.06747609338527,0.10234911332696679,19.02107463638031,1.2991671562194824
4906,175.10680133245143,0.10257562219369712,18.940863890016505,8.623605012893677
4907,173.4157333191269,0.10154986597176015,18.76145525111634,0.6773622035980225
4908,174.36157598593564,0.10146720313293807,18.83384069860518,28.84680199623108
4909,174.09796022607628,0.10139847704755464,18.795502291619126,12.512637853622437
4910,173.93698062381554,0.10139715050492719,18.777547268702936,17.180403232574463
4911,173.7176108175774,0.1014358105788253,18.759771796015908,16.34251093864441
4912,174.25043470940162,0.10143466833206786,18.812174078055747,22.44376564025879
4913,174.6079303623076,0.10146794069636624,18.85405233727519,20.3891122341156
4914,175.36185105868452,0.10145326128940257,18.92551181390244,24.559967756271362
4915,176.7182325480977,0.1013068958790809,19.016256695763417,31.738481044769287
4916,176.75105022261673,0.10140493803140119,19.036094128805782,13.316009759902954
4917,176.72353972039056,0.10171272773154694,19.08573318751772,16.49039912223816
4918,177.73630432318666,0.10173876592185736,19.194875855642547,27.9754741191864
4919,178.61894127995478,0.10173641585662375,19.282927097086123,26.498498916625977
4920,179.0027518671552,0.10182504248146766,19.34009782611526,23.337349891662598
4921,179.49272434848365,0.10185942363560035,19.39669684785411,24.532313108444214
4922,179.3977971049988,0.10189965292865612,19.39272987937557,16.093958139419556
4923,179.8038191339488,0.10197156549027864,19.448802580581813,21.666621208190918
4924,179.55578094260932,0.10204862402892423,19.434314554775995,14.719774723052979
4925,179.6102231331832,0.1019470567075539,19.419971409228236,19.13491678237915
4926,178.65412090185137,0.1023561575690498,19.355771695135953,7.608994722366333
4927,178.48757969283287,0.10262889228965559,19.38221397818459,17.32397198677063
4928,177.48270389590454,0.10288465464881032,19.298391838402743,8.347519636154175
4929,178.5778768569455,0.10272688824169504,19.36540792001872,30.789496183395386
4930,176.89209808837603,0.10269961935927809,19.19175384081853,1.078383445739746
4931,176.84317710749227,0.10283541386335972,19.20983630241035,18.45481300354004
4932,177.61474533641734,0.1027519416144899,19.267737939386244,23.195892095565796
4933,178.17859788305316,0.10279279826672107,19.33506055999238,23.000911951065063
4934,179.28681190422262,0.10273372841554175,19.431709954392456,28.199315309524536
4935,179.53394378518038,0.10283384211177848,19.47739285484853,20.161905765533447
4936,179.8286043473286,0.10290598215956022,19.522618926300044,20.221139669418335
4937,180.9303183038553,0.10277347406210253,19.597392737037044,26.87581515312195
4938,180.26101512081672,0.10288609019867449,19.541418809666673,9.215049028396606
4939,180.33840496960855,0.1029210590839218,19.556004621570008,17.316176891326904
4940,182.03502091991245,0.10289184849308258,19.720444575354307,35.73360753059387
4941,182.01467071071335,0.10308515223037398,19.753240129600766,18.624961376190186
4942,182.1845240036062,0.10305932583369838,19.765707728304758,18.662177085876465
4943,181.32267876357017,0.10317456590869473,19.68805065102171,10.337648868560791
4944,181.39945197593445,0.10325393136071888,19.71117014451149,17.958783388137817
4945,181.7254574561751,0.10343634531813972,19.784058443066375,22.97238302230835
4946,182.28820288161333,0.10324231799941211,19.79621785863571,23.358668088912964
4947,182.38532085279718,0.10335572815275132,19.828255680049352,18.3512601852417
4948,182.5314676442692,0.10343892214025933,19.85997312324886,17.166444301605225
4949,182.7161529678265,0.10369806525716521,19.931373392016372,21.107848405838013
4950,182.09899143814823,0.1040660432822795,19.912059658096208,10.129243850708008
4951,181.53800152376675,0.10397776380183767,19.842939061515246,13.240592002868652
4952,181.72262150852907,0.10408798616381928,19.88450967090009,19.899625301361084
4953,182.60539529344376,0.10389895815403294,19.92566457419109,29.12975311279297
4954,182.89934134050932,0.10385053461022846,19.946407928449176,20.727795839309692
4955,183.82034792710422,0.1037211201732171,20.006943849164685,26.99602460861206
4956,182.99214444783317,0.10407004758534631,19.956874410673038,9.330394744873047
4957,181.46222300335484,0.10369601377615952,19.787305666566308,3.212723731994629
4958,181.85760077332128,0.10374502648907664,19.839432609900644,23.7056245803833
4959,181.51902476558806,0.10378865730526696,19.81103828380164,13.808889865875244
4960,180.54383451793217,0.10382219930364285,19.712927900963624,9.00829291343689
4961,178.81839617275287,0.10278397731060643,19.52579862195399,0.854813814163208
4962,179.75021221102534,0.1028223140080886,19.630540635734448,27.09985065460205
4963,180.9227100889151,0.10253483160874845,19.664235229377105,29.811559200286865
4964,180.88348298802595,0.10263942679548582,19.677592877083335,19.10379934310913
4965,181.7646481581457,0.10243087639370198,19.7108169483125,28.9670307636261
4966,180.83700167656423,0.10275488223650653,19.643708778829374,9.566586017608643
4967,182.0486316597986,0.10255514798367789,19.707271691041083,27.865171432495117
4968,182.8481453432006,0.10252196291605485,19.78019897413067,25.97547149658203
4969,183.96966388976858,0.10237809921909768,19.85239698438936,29.516178607940674
4970,182.6899672508709,0.10278288965547813,19.743873014545468,5.956138849258423
4971,182.14306757836218,0.10284881075892335,19.696434284400013,13.796642541885376
4972,182.23163690257854,0.10286744307018228,19.709469941556012,18.57997965812683
4973,182.88932053355273,0.10288715573625465,19.78237524214045,26.53154730796814
4974,183.2404273282172,0.10286745849081871,19.814551489719047,23.393895626068115
4975,182.43802305493503,0.10310091982824063,19.756405974821856,11.068253517150879
4976,182.39364282438567,0.10313732636029531,19.758841915073635,19.174099683761597
4977,182.2397063961418,0.10354307884519535,19.811253495922898,17.94361162185669
4978,183.13730933218037,0.10361058923321398,19.923140960963668,24.87914276123047
4979,182.56593623885854,0.10360622937262788,19.86390955135403,13.458127498626709
4980,183.53027687646994,0.10346622442657184,19.92527045584049,26.135984659194946
4981,183.70497410770523,0.10357584078927129,19.966017751282084,21.549871921539307
4982,183.48792436662816,0.10377465028261314,19.976357573769263,15.930598020553589
4983,182.1430451229619,0.1043695568410115,19.866593998031572,4.793324708938599
4984,182.08161467173227,0.10463267945441956,19.907928058051255,18.879172801971436
4985,181.13079852501494,0.10473577794723168,19.81884877747074,9.294561624526978
4986,179.60949053976478,0.10437807534017315,19.650660289696035,3.1352453231811523
4987,179.36339563436715,0.10456010103838433,19.654153686799074,16.558168172836304
4988,180.27976167802348,0.10451080999110011,19.737612149931085,26.862515211105347
4989,180.69696406124325,0.1045467829722702,19.790236028431774,21.622206449508667
4990,180.8399944206308,0.10468080232203468,19.832333668147456,17.82631015777588
4991,179.76159447642448,0.10500385731251295,19.74401033146598,6.792093515396118
4992,179.92397853166023,0.10492320649448986,19.74657022815132,21.046300411224365
4993,179.74473874634361,0.10492335714559435,19.729104525869808,15.386176109313965
4994,178.15729135888017,0.10530269500270983,19.57181348061111,1.99576735496521
4995,180.21571844529137,0.10500487638601606,19.676095345805,35.67275142669678
4996,179.82356126083846,0.10516050138102115,19.65933439234695,15.023084878921509
4997,180.39532564823008,0.10495277822375101,19.67274104842348,21.061288118362427
4998,181.55137239174778,0.10484919638745946,19.766013637939242,29.658790349960327
4999,179.98585866783029,0.10500070442358488,19.608353501559847,2.693068742752075
5000,179.28600008115197,0.10513251556116722,19.552269966544248,11.794099569320679
5001,180.39314008034046,0.10504670764693486,19.646747266878805,24.724615573883057
5002,179.74920867953705,0.1053755509152931,19.620279794210017,12.44908332824707
5003,180.2817165927417,0.10539475677953072,19.68407699626792,24.977619171142578
5004,179.78889942681428,0.10548584737967434,19.64723622630524,14.06851840019226
5005,179.63101043254613,0.10565050110099955,19.66076386404219,14.895573139190674
5006,180.06470032822065,0.10584960147115548,19.754156225401765,22.62817144393921
5007,181.95405332493843,0.10568541439953336,19.896614663147748,37.40395212173462
5008,181.81451279168905,0.10587856025553802,19.91764851651627,15.988194942474365
5009,181.33636766377217,0.10608843136940053,19.898472031351105,12.210923433303833
5010,182.09300398713444,0.10611704121913065,19.989487311037593,24.111953258514404
5011,181.6820739472631,0.10619062257998899,19.959592437927217,10.227059602737427
5012,181.53525320779045,0.10620656066556634,19.949996513547944,17.909239768981934
5013,181.72990067571254,0.10613951993453256,19.960496548412465,17.825710773468018
5014,182.6526016689554,0.10599053349431133,20.020891582928343,28.67948341369629
5015,183.27607565226586,0.10623675060834781,20.15068266709906,22.237470149993896
5016,183.9933148957432,0.1062332066316761,20.22917584042807,21.13639497756958
5017,183.70338174678577,0.10646119714600451,20.23688408202379,16.638375282287598
5018,183.9163479293179,0.1064209754184469,20.25451524120355,21.972132682800293
5019,184.72718445002474,0.10618695434350771,20.281970088791514,27.40313410758972
5020,184.37991260552448,0.10612508480007263,20.2391503879036,14.385308742523193
5021,182.74611347946924,0.10554002442826238,20.056758884024564,1.3224012851715088
5022,183.72865234467454,0.10540989108789435,20.126191295184316,29.90657615661621
5023,184.06136582122778,0.10546178296042555,20.174929382232474,20.483961582183838
5024,184.58075216301552,0.10542411428336367,20.22318008841015,20.095715761184692
5025,185.80494464138536,0.10521677867798931,20.290948287526046,30.750510931015015
5026,185.69689519497152,0.10542175374835228,20.318038804650786,18.959089517593384
5027,185.1899262430218,0.10570086954420209,20.30485841660428,12.17283296585083
5028,187.1080269805916,0.1055191924137468,20.441809832438235,35.32853651046753
5029,188.36694671078567,0.1052946714161269,20.507391734113853,32.48983931541443
5030,187.5832772436778,0.10533263379287472,20.432317816772713,11.749585628509521
5031,187.807444471241,0.10518406935970788,20.427994638604986,22.59573268890381
5032,188.1593700265286,0.10516361880063994,20.463714692218936,21.63800597190857
5033,186.5977763262633,0.10504948261263354,20.299077545296747,3.444955348968506
5034,186.46179856300066,0.10503945021425287,20.28608676984378,18.52495312690735
5035,184.68718057737064,0.10398905571211034,20.093225902145345,0.9617106914520264
5036,184.46030877159694,0.10412200466116207,20.09229364312389,15.040580749511719
5037,182.76570568388098,0.10441411794788379,19.921370706692652,1.6098694801330566
5038,183.00804862704217,0.10428785116454022,19.922156999625724,20.038232803344727
5039,182.08796814077175,0.10478343419135636,19.872935429629464,7.723479509353638
5040,182.58708845936403,0.1048562895046152,19.94420607533317,24.980437994003296
5041,183.13121757477037,0.10494696711589817,20.02476401457984,21.33147168159485
5042,184.42990539902266,0.10479206613483502,20.114516374434043,27.80663824081421
5043,184.18560634503243,0.10486914547348668,20.103371210689705,17.184958934783936
5044,184.04375028158208,0.10493810107757534,20.102337498582806,14.314687728881836
5045,182.29331277876625,0.10388872006679958,19.91131412359698,0.97052001953125
5046,182.21037965097858,0.1039992581534879,19.922200982361012,16.507647037506104
5047,182.3582758544688,0.10387297115570937,19.912978972537402,21.033271312713623
5048,183.3746930959241,0.10374973440189876,19.983849182812026,29.0280544757843
5049,182.39094616496484,0.10377106058729153,19.884010690983906,8.391377210617065
5050,181.32703670331517,0.10431229734983967,19.815170584074068,8.105478525161743
5051,180.87376633628205,0.10451917437634127,19.797018878233327,12.918638467788696
5052,181.05502867291924,0.10452925901448741,19.819048689450995,21.31446933746338
5053,181.71447838619005,0.10457708383324942,19.900858202556485,26.415886640548706
5054,180.79733360232817,0.10486464632825027,19.831849620530917,9.662920475006104
5055,179.92936026630488,0.1048798296522018,19.743531124325607,10.07576608657837
5056,178.91006666364183,0.10536949289414133,19.67609581308235,7.880944728851318
5057,178.5709659970054,0.10541924624106197,19.649334854951526,13.923150777816772
5058,179.03525633703535,0.1051206093342069,19.63284150640201,24.035531044006348
5059,179.304903773665,0.10499173333795221,19.63651309133799,22.13629984855652
5060,179.47185473592833,0.10486018335151145,19.63014796042461,20.952198266983032
5061,178.62713618856904,0.10518000257062791,19.57384648082036,10.199937343597412
5062,179.43086482668335,0.10524789366461276,19.678108016012157,27.69127917289734
5063,180.2865561784165,0.10521428265249494,19.761326935852036,24.26621127128601
5064,180.47369061663235,0.10511691369531673,19.763713666493516,21.398932933807373
5065,180.48895371046603,0.10527453576715477,19.796076529828582,17.547505617141724
5066,181.08406417336138,0.10522179040948322,19.848115764530295,25.290872812271118
5067,182.55322353162776,0.10508420665172985,19.95963460688499,28.93859028816223
5068,182.5676912963115,0.10517466893303863,19.980038260816137,18.244351625442505
5069,183.25201438334838,0.10495957563016242,20.000237878207976,22.08381485939026
5070,182.9594942395149,0.10494894091282184,19.970235499425897,14.251171350479126
5071,181.18989929711975,0.10389945150369362,19.78053314443164,0.6419773101806641
5072,179.47800030414854,0.10386045698865669,19.60272781298732,1.0925812721252441
5073,179.48322030110705,0.10376629686321456,19.58670053485745,17.337968349456787
5074,181.02838809809597,0.10368671772691775,19.720833529508873,35.87178897857666
5075,182.628104217115,0.10355894145873948,19.843625194213786,35.44605088233948
5076,182.25182317494384,0.1038336968717383,19.845188942271648,12.170339584350586
5077,183.28930494319442,0.10370445081211183,19.91673705284893,30.7480149269104
5078,182.52641189376246,0.10369544368716828,19.837569682320442,9.549724340438843
5079,181.95114777482482,0.10377848925029659,19.789193985497235,13.364245414733887
5080,182.14163629707656,0.10368597798963443,19.79130204564226,17.624284267425537
5081,183.21021993410577,0.1035833742651014,19.87338902518584,27.082294940948486
5082,182.1981177347647,0.10376705271757235,19.78465513493398,6.837019920349121
5083,183.30613655741706,0.1035143651255502,19.82680858358464,29.43322253227234
5084,182.5530751918429,0.1038681103631836,19.788540497748794,11.504650592803955
5085,184.1575444399245,0.10370406482806488,19.900655092771306,35.59020471572876
5086,183.39596899552527,0.10396332047608052,19.85164854184359,10.762384414672852
5087,183.35200930557,0.10387340794171078,19.833132056425153,17.270485401153564
5088,183.32848921251428,0.10399489485676881,19.854800735860902,19.379637479782104
5089,183.08520432038915,0.10408702137989922,19.846252728502293,17.033690214157104
5090,184.70435227718525,0.10388673087624516,19.94779020121727,35.26636052131653
5091,184.27730875441338,0.10397462413086297,19.9183122992051,13.10776400566101
5092,183.44453566686923,0.10422200660242563,19.85912917621305,10.888777494430542
5093,183.97009031020056,0.10436622721436747,19.950537884450917,25.312906503677368
5094,184.08038940709855,0.10445077007042894,19.981032505606407,18.80131220817566
5095,184.96958551302757,0.10439527335873564,20.061222180550345,25.08530855178833
5096,184.37988965789728,0.10438306665689431,20.000609958744842,13.543980360031128
5097,183.1260907613183,0.10452567666829146,19.880603859157393,6.303307294845581
5098,181.83482985370512,0.1051470865682752,19.78179782056582,5.754507780075073
5099,181.10648155516807,0.10538001937231722,19.73397984236016,11.734532833099365
5100,182.2154167396164,0.10525087671284063,19.81664004393656,25.130733251571655
5101,183.2132625722202,0.10487212681096045,19.818473643497192,30.1261088848114
5102,183.091129946498,0.10481755758963447,19.80028890706222,18.363401889801025
5103,183.38021864703302,0.10475994805147398,19.822286017991598,18.739956617355347
5104,184.55641646056267,0.10464258112909879,19.91406315781168,30.034419298171997
5105,184.03085229595703,0.10465676137841387,19.86492252623356,14.086633205413818
5106,184.04054377299747,0.10463722079165677,19.866273300971223,17.808106660842896
5107,184.37013833526748,0.10465075641784159,19.90761056796151,21.201472282409668
5108,184.3064369519148,0.10461548480871936,19.898534462281894,17.03280782699585
5109,184.66337258239565,0.10475114814245036,19.969549117659074,19.919233322143555
5110,185.4867388565717,0.10460251306552024,20.019853626482483,26.284558296203613
5111,184.73187146800598,0.1050110333894105,19.98965509021766,11.685866355895996
5112,186.44455275332592,0.10485979946001077,20.11975853931548,33.2480366230011
5113,186.06010722579265,0.10502741768162688,20.108560953922325,13.653256893157959
5114,185.3395061535347,0.1052052136802492,20.0574753443831,11.210253477096558
5115,185.17611109199936,0.10539576509374256,20.076900590939267,15.613765478134155
5116,184.93434998107938,0.10545981986516538,20.066131585029876,15.277005672454834
5117,185.96500648126857,0.10544688833318039,20.175470269179577,30.96792960166931
5118,186.89535641645588,0.10546768826705288,20.28371556648778,25.87358570098877
5119,187.1264028522913,0.10541301138438236,20.3008784108229,20.101649045944214
5120,186.8151388237684,0.10544862486028213,20.277869626714672,14.681128025054932
5121,185.5769874355307,0.10566397988152057,20.165090930447526,6.786424398422241
5122,186.1612175611754,0.10559094664008241,20.21344002114305,23.987138509750366
5123,184.51960538556364,0.1054441280827725,20.04130562093162,2.3542256355285645
5124,183.714409331708,0.10573584064809861,19.9908925647223,9.24697756767273
5125,183.6372652383909,0.10581484587798126,20.00098363907508,18.79570174217224
5126,184.97089258600698,0.10570306965894909,20.110973802684327,29.93602991104126
5127,184.2111836601469,0.10574695639355225,20.039864064657483,10.366812229156494
5128,183.41907182354544,0.10583234397247386,19.969465424010906,9.853179454803467
5129,183.09488110530998,0.10603229867844448,19.969770769770797,14.350332736968994
5130,183.55393229425687,0.10588900625934562,19.990073062073087,19.04429030418396
5131,183.6983929713143,0.10584021720685319,20.000172331452358,21.231800317764282
5132,184.12140904160114,0.10579951414982891,20.04017060813783,21.964766263961792
5133,184.74019495118515,0.10575777917093225,20.099768902056454,26.284188985824585
5134,184.7927930016733,0.10585809611606503,20.12877121303589,16.610048294067383
5135,184.19486507165655,0.10591951515490437,20.07748350090553,12.70360541343689
5136,184.80291642093997,0.10575827918702879,20.106708665896473,22.502468824386597
5137,185.25488725673057,0.1055702616125498,20.115641579237508,20.71612858772278
5138,185.25233838416327,0.10548753196939727,20.104485163445133,16.072906970977783
5139,184.65981500032163,0.10546440268144933,20.04344031181068,13.480219841003418
5140,184.5732168503184,0.10571657683645302,20.083005908692574,14.62958574295044
5141,184.9874846818152,0.10580985354596459,20.152175849605648,22.050623178482056
5142,185.35760983499705,0.10583283609158603,20.20065409110959,21.755762338638306
5143,186.50403373664707,0.10567450773067016,20.278647550198496,30.173714876174927
5144,186.36899339928058,0.10577383201752531,20.285861074696513,16.408072471618652
5145,185.14530346528775,0.10549734369735006,20.143002463949546,6.848992347717285
5146,186.05385043063487,0.10545686301399974,20.23157243931005,27.60661482810974
5147,187.0033119263285,0.10536314847638643,20.30925671491695,25.155755519866943
5148,186.4232788070652,0.10531726892960706,20.24616414776778,12.018517255783081
5149,185.26904601899454,0.10539085680369127,20.1337025062901,7.550957202911377
5150,185.8263555588046,0.1053742926339946,20.1923654812272,19.522399425506592
5151,184.60809200321654,0.10541429970765466,20.070441826414925,4.905066728591919
5152,185.86201108318437,0.10526338251702971,20.159737408150775,28.78764033317566
5153,185.6433909723525,0.10536928527722526,20.158140034069266,17.661648273468018
5154,185.45695706262896,0.10539343673583026,20.146558633728574,15.789154052734375
5155,184.28238749200267,0.10581009060376607,20.05509304739129,5.958664655685425
5156,184.04956361708267,0.10580789031884642,20.034542116917375,14.447452306747437
5157,183.73906798091184,0.10599164148101745,20.0341966957482,16.485846996307373
5158,182.12167730110272,0.10629536142984362,19.873854728790718,2.3549344539642334
5159,181.1404605280917,0.10642288400602137,19.78511618150281,8.319118738174438
5160,182.11905592281076,0.10614718563191097,19.817265019687785,26.477489233016968
5161,180.48786536358264,0.1071909769334866,19.669092369490908,2.0279006958007812
5162,180.11298670994682,0.10716801821310278,19.632401445796,15.212884187698364
5163,178.40185684284737,0.10720744914208286,19.456077431338038,0.9708254337310791
5164,178.65783827441888,0.1071647864153679,19.481516657024656,17.661502838134766
5165,179.0512598916747,0.10714818442277387,19.526701490454407,21.328441858291626
5166,180.05074729275796,0.1070802868079368,19.62143447554986,25.657552480697632
5167,180.46023981983038,0.10705020792175789,19.66522013079436,23.66942548751831
5168,180.92563742163208,0.1069048159746989,19.688567929486414,22.19818091392517
5169,182.04638104741576,0.10675726952143655,19.77168225019155,29.328075170516968
5170,180.7659172369416,0.10717117830770367,19.663965427689632,4.713547468185425
5171,181.24825806457216,0.10714750145912445,19.717325773412735,23.389755725860596
5172,182.0757754839264,0.1070229961415029,19.78015251567861,28.32591414451599
5173,182.22501772908714,0.107171040291763,19.83235099052182,19.01593542098999
5174,180.90276755179627,0.10789932988884536,19.734027480616604,5.386353492736816
5175,181.17373987627832,0.10792610582072613,19.776687205810436,22.245304107666016
5176,180.13200247751556,0.10801567593135004,19.678920333752334,8.196081161499023
5177,180.8406824527404,0.10797137574574173,19.75213113041481,22.865722179412842
5178,180.172275628213,0.10855832865495098,19.754609819110662,12.180413722991943
5179,181.10055287193086,0.1084983863940425,19.847063720919554,29.159822463989258
5180,182.45954734321154,0.10832822902852478,19.94859308371036,32.230732917785645
5181,182.40495186977944,0.10814890154049941,19.91910715287326,19.027557611465454
5182,183.85090235108166,0.10786251955873356,19.989916081344525,34.64471244812012
5183,182.93239332757082,0.10830563349358101,19.94001692053108,9.818564414978027
5184,184.28306939429513,0.10813452684417979,20.040616751325768,33.99615025520325
5185,184.1502387003522,0.10845669034766782,20.09021058381251,18.209790468215942
5186,185.36873631334868,0.10822179664680552,20.159308477974385,30.694266319274902
5187,184.9150489502152,0.10849672153748033,20.15771539319464,12.959860563278198
5188,185.51589846071303,0.10851379513843205,20.236138239262694,26.268393993377686
5189,184.5707394761059,0.10852755828594883,20.143776856870065,9.755157470703125
5190,185.77503208134485,0.10829474171948278,20.212339088301363,30.52930188179016
5191,186.43728176053142,0.10804512763562128,20.23021569741835,23.260218620300293
5192,187.1929089429261,0.10795704277147881,20.297913540444164,26.049724817276
5193,186.91097985349683,0.10813533397898416,20.304934405039724,17.005595445632935
5194,187.38187005496187,0.10795141653663021,20.321885060989324,20.847169876098633
5195,187.03805135441223,0.107983013482375,20.29866621037943,14.284112453460693
5196,186.7976708408681,0.10794612813282732,20.275679548275637,17.434160470962524
5197,187.5596941324594,0.10785526000739258,20.34292275279288,26.075416326522827
5198,187.7840971911348,0.10791956455017579,20.38949352526495,22.399210214614868
5199,188.76625621922346,0.10781938988369501,20.4755985900123,30.495165586471558
5200,188.62859365703122,0.10771262455628662,20.450842604112175,16.773223400115967
5201,187.1423077204609,0.10738549831072375,20.28633417807105,4.301085948944092
5202,187.3908846432563,0.10734937917667312,20.313470836290342,20.724876403808594
5203,188.72697579682375,0.10721046482415872,20.42033612792744,30.214231252670288
5204,187.12970603885552,0.10751767052074472,20.266132766648166,3.1279284954071045
5205,186.87840897846695,0.10755360492664838,20.253471438981684,17.341274738311768
5206,186.04962488868227,0.10782422272353574,20.200936724591866,10.85158634185791
5207,186.59912863979545,0.10774183111870701,20.24892735734595,23.89525055885315
5208,188.3231373533975,0.10747221225041688,20.34643808377249,36.44399428367615
5209,187.33990597986352,0.10761971235013493,20.262973702934765,9.663435220718384
5210,186.34650692006488,0.10756624249936085,20.16034396590542,9.376240730285645
5211,187.25304185086424,0.1074653093162445,20.238740526246367,27.4438157081604
5212,187.3105114323556,0.10737511218163127,20.236353120983903,20.690079927444458
5213,187.63740631803205,0.10748317924163314,20.303989589774062,19.05035161972046
5214,188.73103225485173,0.10745211849298784,20.42094969387632,27.40793514251709
5215,188.1937219323032,0.10748870841916906,20.376740196937558,12.446581602096558
5216,187.45178471298016,0.10764189151041596,20.32297279496818,12.18941593170166
5217,189.71726686585035,0.10724180109772727,20.409743067018496,44.36491513252258
5218,189.88009419719185,0.10728588794111892,20.44564563634831,22.03775143623352
5219,190.4012932552199,0.10708079765674905,20.461189179984824,23.562412977218628
5220,190.10728032266772,0.10712800210254181,20.446577288184976,17.244940042495728
5221,188.42620751944105,0.1078749038996982,20.292111515303127,2.3569629192352295
5222,189.25194544424664,0.10779246482380085,20.369190400150096,26.743253469467163
5223,190.47942598980418,0.10770812991915259,20.485498496148594,31.047481536865234
5224,189.25463172990615,0.10780751920819635,20.370643511187108,5.665259122848511
5225,187.62208541260708,0.10749867478534517,20.196937076075237,2.762906789779663
5226,188.785864558481,0.10741053014275488,20.304967705314482,28.81049919128418
5227,188.34800591289618,0.10743987311718939,20.27191802826134,13.393926620483398
5228,187.7845258537672,0.10750183802238113,20.229198847978726,14.190566778182983
5229,187.70668059522956,0.10748237519771288,20.22690685949894,17.126104831695557
5230,188.94961378927727,0.1073690899072742,20.334637790903948,27.545042991638184
5231,189.3701176513845,0.10742094013374258,20.401291412994908,24.820913553237915
5232,188.11641647487065,0.10728423073240514,20.267278498864957,6.853369474411011
5233,187.98525231012195,0.10735424556793824,20.27460571387631,16.506024599075317
5234,187.30539978702072,0.1073640364455922,20.211859656737545,10.860361814498901
5235,187.1423457891505,0.1072845481279199,20.189741060170167,16.171635150909424
5236,186.840922331259,0.1072945051944114,20.167843649568464,16.85945463180542
5237,185.2625131079464,0.10760087048729487,20.01616521307278,3.1384880542755127
5238,183.68988797686694,0.10795343321099335,19.866003560942055,2.980543375015259
5239,183.87298909709827,0.10796300778977451,19.897343525332634,21.598545789718628
5240,183.84425920612728,0.10798835008756738,19.90837009007931,18.45688223838806
5241,183.815816614066,0.10801343896238232,19.919286389178517,18.0965735912323
5242,184.59765844792534,0.10792567098497223,19.99009352528673,28.01236844062805
5243,186.1316818634461,0.10764523084316985,20.070192590033866,32.0656213760376
5244,185.24036504481163,0.10801207750381031,20.019490664133524,10.372952699661255
5245,185.34796139436352,0.10800338530020077,20.039295757492187,18.996631860733032
5246,185.61448178041988,0.10796108729625536,20.068902799917264,20.489755868911743
5247,185.6583369626157,0.10809200273908227,20.10821377191809,18.22894525527954
5248,184.78175359298953,0.10823557250760982,20.03713163419891,10.517019271850586
5249,187.02393605705964,0.10800896250380511,20.19676031785692,37.32548975944519
5250,186.42369669648906,0.10795249492601115,20.13479271467835,13.62010931968689
5251,186.5494597295242,0.1080790001275048,20.183444787531567,21.34442687034607
5252,186.36396513222894,0.10801011488813451,20.16161033965625,17.97930145263672
5253,186.52032548090665,0.10792011274915415,20.169994236259686,20.95136570930481
5254,186.85512222609756,0.10784091162166261,20.19829429389709,22.402570486068726
5255,186.8165710038366,0.10785539868030937,20.206311350958117,19.59419298171997
5256,186.60840529379823,0.10792142300675929,20.204248237448535,16.000609874725342
5257,185.97232124086023,0.10781781853278925,20.13220575507405,11.659975051879883
5258,186.08259802845163,0.1079579144591365,20.18088369752331,20.72676944732666
5259,188.08177204816712,0.10752600370832752,20.23907486054808,35.36172795295715
5260,189.36095432768545,0.10743175632947209,20.3566841119426,31.365108489990234
5261,187.9873447844086,0.10770359261233121,20.233117270823172,5.654540300369263
5262,186.9574713365645,0.10803832139209026,20.16078609811494,9.15422534942627
5263,186.62789662319886,0.10812676934700052,20.149178237133793,16.613999128341675
5264,187.16161765696688,0.10808716832019719,20.207686454762456,25.79937195777893
5265,186.1800014803972,0.10812989214261319,20.11560959021483,9.551414728164673
5266,185.15820146559324,0.10823906941166324,20.02445349431268,6.728691816329956
5267,184.0166194509373,0.10800174914008182,19.894208959369553,5.596238136291504
5268,185.66645325642793,0.10778133050254919,20.005266869775856,33.392059087753296
5269,186.08978872386365,0.10775614877647108,20.055214201078098,24.431482791900635
5270,187.268890836625,0.10766542939396953,20.164662059067314,28.51513671875
5271,187.73620192825874,0.10752894604020077,20.193015438476642,25.16404104232788
5272,187.52883990897612,0.10771114160973888,20.211085284091876,18.099984884262085
5273,187.72355150988636,0.1075035954110328,20.19897443125096,22.16718602180481
5274,187.8363159947875,0.1073833333262692,20.19698468693845,21.34144401550293
5275,187.37795283483962,0.10736583802117552,20.155014840069065,13.208367109298706
5276,186.6441733064912,0.1077834077111392,20.133464691668372,10.145802736282349
5277,187.1977315734263,0.10777995379931707,20.202130044751687,23.792269229888916
5278,187.54575425769204,0.10778323534240498,20.25010874430417,19.58747172355652
5279,186.97029671511513,0.10793617221975016,20.21760765686113,13.891879796981812
5280,186.54059374796398,0.10810681049755266,20.20543158029252,13.308441638946533
5281,185.96518781048434,0.10811101371040659,20.153377264489592,13.784069061279297
5282,185.9055359323795,0.10808545912885809,20.151843491844694,17.11565923690796
5283,185.7364805730557,0.10789217850206655,20.110325056926246,16.05569291114807
5284,185.20911576732516,0.10809145220576769,20.089221806356985,14.29768419265747
5285,184.28702460965192,0.10830086026435518,20.018329588293415,10.061186075210571
5286,184.02415436355543,0.10829380102880022,19.998146292410482,12.851613521575928
5287,184.15391281991987,0.10837837570886755,20.038164829486377,18.678555965423584
5288,183.30237369172067,0.10860772326491018,19.977783181191512,10.653943300247192
5289,183.17934995480348,0.10880819573986342,20.008005349379598,16.042765617370605
5290,184.48755645525543,0.10854813926017179,20.0779252958858,33.69724082946777
5291,184.1626808907029,0.10871265786757008,20.07714604292694,16.171112298965454
5292,184.15105408179588,0.1088277170812441,20.106374582497672,17.435238361358643
5293,184.01954354097793,0.10885055102154276,20.105310836672693,16.13731026649475
5294,183.72934810556816,0.10898785196294024,20.104257728305964,16.59312868118286
5295,182.98205462451247,0.1091823771130356,20.0532151510229,11.650106191635132
5296,183.37223407826735,0.10908154433289624,20.08268299951267,23.72562837600708
5297,183.99851173748468,0.1090069890521689,20.141856169517546,25.098528385162354
5298,185.22852662010982,0.1087638246991065,20.21043760782237,29.050514698028564
5299,185.49624135390872,0.10838373362192676,20.168333231744146,22.775540828704834
5300,185.31127894036962,0.10837774059708474,20.156649899426707,15.685973882675171
5301,187.24816615096591,0.1081646755921693,20.29508340043244,36.566564083099365
5302,186.60568448945625,0.10830254103136956,20.252132566428116,13.184222221374512
5303,186.6796276445617,0.1082504434561074,20.259611240763835,18.76559042930603
5304,186.23283136811605,0.10815385451450407,20.207015128356193,15.301357507705688
5305,186.4905030544349,0.10796854238445336,20.204944977072632,18.563884973526
5306,185.29559802389053,0.10823214054269838,20.102895527301907,7.1579508781433105
5307,184.92264204365162,0.10823090021835248,20.07186657202889,13.692813873291016
5308,185.59341562321512,0.108180337247915,20.1411479063086,27.093355178833008
5309,183.81748146698297,0.10709853387543584,19.949736427245515,0.8555018901824951
5310,183.70930665231313,0.10729922483725952,19.98023906297306,18.550913333892822
5311,184.93221358579,0.1071412652686255,20.070436672343327,28.777740955352783
5312,184.7528914499321,0.10732733764587936,20.089732305619894,17.965151071548462
5313,185.02536253543278,0.10729180011847717,20.118834982563694,20.707262992858887
5314,186.11510891007845,0.10713724946423117,20.197646632738056,29.17866063117981
5315,186.93395782097767,0.10707333965615602,20.275670166410677,24.745611429214478
5316,185.3946182427679,0.10721472747171566,20.12291346474657,3.548429250717163
5317,187.01067206034023,0.1069783150673155,20.221684330099105,37.153717279434204
5318,187.91056533973682,0.10684716007548711,20.289467486798113,29.645130157470703
5319,187.98145968633943,0.10690689360293737,20.316572811930133,20.855010509490967
5320,186.47164508947606,0.10691890574798908,20.16340708381083,3.9673869609832764
5321,185.86692863858127,0.10711955796035046,20.131773012972726,13.523714303970337
5322,186.03825935219547,0.10723062839059917,20.180455282843,21.743170976638794
5323,185.5678767586735,0.10745328613547016,20.16865073001457,12.802583456039429
5324,184.58219799108676,0.10764312109020742,20.086964222714425,9.413673400878906
5325,184.51637601117588,0.10769028538492333,20.096094580487282,19.090142488479614
5326,184.9012122510641,0.10773445876425795,20.15513363468241,21.8635470867157
5327,185.71220012855346,0.10759696380067552,20.213582298335588,26.44495701789856
5328,186.13507812726792,0.10748590644337051,20.241446475352234,22.880079746246338
5329,186.02372734599524,0.1074967616646511,20.23903201059871,18.345027923583984
5330,186.7634900725353,0.10742179404800459,20.30664169049272,26.810767889022827
5331,187.45585517180993,0.10732413860752454,20.363575273587795,22.173487424850464
5332,187.32129662009183,0.1073428512444378,20.359939520851917,16.66790461540222
5333,188.5380836538909,0.10714320913976041,20.436340125643397,28.733044147491455
5334,188.542702817352,0.10712997810656387,20.441976724386965,19.12861943244934
5335,187.59727578917847,0.10744165704890249,20.377556957143096,9.21469783782959
5336,187.53130303128668,0.10752746147288861,20.393781387571664,17.329521656036377
5337,188.61599000097382,0.10736434902032188,20.46984357369595,29.911821603775024
5338,189.5598301009641,0.107209433445313,20.53514513795899,28.35127019882202
5339,188.04423179995445,0.10745312858454409,20.3897936865794,4.128312110900879
5340,187.2837894819549,0.10780716872727007,20.355895749713607,11.985587120056152
5341,188.62095158713535,0.10766367647924971,20.46233679221647,34.50578045845032
5342,187.63474207126401,0.10769815082556831,20.367713424294305,8.04667067527771
5343,187.98839465055136,0.10751803030385972,20.37403629005136,20.893001079559326
5344,188.60851070404584,0.10740285000082112,20.420295927150846,22.50727939605713
5345,187.1224255970054,0.10732882150081291,20.266092967879338,4.273601531982422
5346,187.76120134103533,0.10725154922205976,20.323432038200547,24.782922506332397
5347,186.27358932762496,0.10746108501189044,20.18019771781854,4.206037759780884
5348,185.78085343434873,0.10777333547564015,20.178395740640354,12.465265989303589
5349,184.73304490000524,0.10817708360236523,20.10661178323395,7.21557354927063
5350,184.3757144510052,0.10837048055157648,20.10554566540161,15.383326768875122
5351,184.15195730649515,0.10845961525223355,20.104490208747592,17.369476079940796
5352,182.3804377334302,0.10880359052828265,19.923445306660117,0.7508265972137451
5353,182.8066333560959,0.10864888795633315,19.944210853593514,21.993589162826538
5354,182.43856702253493,0.10852130318635886,19.894768745057576,11.457239151000977
5355,183.21418135230957,0.10843609015449528,19.965821057607,23.895140409469604
5356,183.24203953878649,0.10842699807015461,19.976162847030928,19.691144227981567
5357,181.84961914339863,0.10825181899854398,19.82640121856062,3.5516631603240967
5358,180.43112295196465,0.10866930080855855,19.698137206375012,3.491224765777588
5359,180.506811722445,0.1087528205664304,19.731155834311263,18.119417667388916
5360,179.58174360522054,0.10902892872440245,19.66384427596815,9.356794357299805
5361,179.54592616916833,0.10913182125534024,19.687205833208466,18.823986768722534
5362,178.86046690747665,0.10921167421395801,19.630333774876384,9.720991373062134
5363,177.57186223840188,0.10911955747181844,19.49403043712762,5.34220027923584
5364,177.80614361601783,0.10907313801650324,19.519090132756343,21.52411413192749
5365,178.19808217985764,0.1091344803690571,19.58389923142878,21.13599181175232
5366,177.93610135805906,0.1090957671443139,19.558060239114493,15.773254156112671
5367,177.62674034447846,0.10916127205790478,19.542479636723346,9.432606220245361
5368,176.41047294103367,0.10931965933732574,19.42705484035611,6.00739049911499
5369,177.41636821162334,0.10920119198582974,19.51278429195255,26.05619239807129
5370,177.28220452950708,0.10920674104158119,19.507656449033025,14.329622507095337
5371,178.789382484212,0.1088768687531166,19.572579884542694,34.158886194229126
5372,178.2214886593699,0.108935641049192,19.526854085697266,13.051196098327637
5373,178.8992737727762,0.10874059358178952,19.561585544840295,26.38744854927063
5374,179.29028103504845,0.10847887571936611,19.555969689391894,19.27927565574646
5375,182.49737822469797,0.10749408696217246,19.420409992497973,53.413347244262695
5376,181.87240444245097,0.10791914609255072,19.416205892572993,12.80530858039856
5377,181.37368039802647,0.10805207584374642,19.392043833647264,14.117808818817139
5378,181.1199435940462,0.10806129867505254,19.37812339531079,14.536830425262451
5379,180.09874415810572,0.10849967303007417,19.314342161357683,8.42647123336792
5380,178.95775671652464,0.10892982781492494,19.231198739744105,7.0857460498809814
5381,179.11817914935938,0.10902001671626287,19.27888675234666,16.764100551605225
5382,180.6369973578658,0.10889658392070145,19.41609788482319,33.708115577697754
5383,180.74062738428714,0.10906416258411224,19.47193690597496,20.472676038742065
5384,181.29322111044428,0.10890572434810163,19.50721753691521,25.45331335067749
5385,181.69028889933983,0.10890263995529934,19.562145361546058,23.824766159057617
5386,182.73338601034644,0.10872270446483726,19.6365239079306,26.6061372756958
5387,182.06605215024297,0.10884237397191301,19.59015866885129,12.206643104553223
5388,182.67539162874056,0.10882390907993052,19.664257082162777,24.269248247146606
5389,183.55863771245316,0.10869507958322716,19.73761451134115,27.35628604888916
5390,184.58305133532863,0.10848225466152076,19.800238366227738,30.741605520248413
5391,186.29722082197534,0.10821203885647858,19.90223598256546,34.081855058670044
5392,186.69424861375558,0.1082803609457899,19.973213622739806,20.12331247329712
5393,187.60730612761802,0.10798892424280682,20.00348148651241,25.38603901863098
5394,188.57123306634185,0.10782452795812524,20.073446671647286,28.01785898208618
5395,189.34552073567843,0.10764853831764172,20.122712204930814,26.703930854797363
5396,189.93206552832163,0.10766076261188465,20.201485082881508,24.52685856819153
5397,192.30274487303842,0.10728673109817798,20.309470232052693,43.478113412857056
5398,194.28971742430804,0.10703227810944684,20.436375529732164,40.40897011756897
5399,195.44682025006495,0.1067684069412556,20.492011774434843,32.92869567871094
5400,195.13235204756427,0.10692023506696499,20.497091656690497,12.010973453521729
5401,194.9410285270886,0.10704421453447716,20.512120740123592,18.920461416244507
5402,193.86161824181772,0.10735308273395998,20.436999532722353,9.353014707565308
5403,194.53300205939956,0.10723740631275064,20.492629537395132,26.59787154197693
5404,193.28767203880557,0.10759360367819457,20.39770324202118,7.015074014663696
5405,192.6447953184175,0.10768045833908703,20.353726209600968,12.188860416412354
5406,192.5683473652333,0.10768473483677724,20.36018894750496,15.578969717025757
5407,194.23266389158098,0.10738783177810306,20.44658705802991,38.47864866256714
5408,195.5303372526652,0.10717815099118622,20.532121187449608,32.61128616333008
5409,194.71503388013852,0.10724672035846734,20.46679997557511,12.138101577758789
5410,195.06788354133715,0.10730468793749137,20.532131975819357,23.158151626586914
5411,193.22720470592378,0.10714073196720737,20.346810656061162,1.2004432678222656
5412,191.75493265886456,0.10672149856057878,20.18334254950055,4.870410680770874
5413,194.1273833322759,0.10651675443744385,20.361509124005543,43.84654712677002
5414,194.79610949895317,0.1065243838279353,20.447894032765486,21.552138090133667
5415,195.89814840396366,0.10634438589129529,20.523415092437833,30.668299198150635
5416,196.45916691992403,0.10639205314349344,20.608180941513453,24.89095187187195
5417,194.72457525072477,0.10576291522075416,20.422099132098317,2.3076276779174805
5418,195.60732949821752,0.10565934967278691,20.497878140777335,26.460151433944702
5419,196.92125620323534,0.10542844424945352,20.57289935936956,30.73574948310852
5420,198.11204364120297,0.10516529904746533,20.627170365775868,31.478331327438354
5421,197.35092320479094,0.10542512146682673,20.59089866211811,13.058805227279663
5422,196.90741397274303,0.10561270031751795,20.584989675496928,16.522879600524902
5423,196.5283398330156,0.10568864878604087,20.56913977874196,17.005582809448242
5424,195.2630564346854,0.1057746194410376,20.45344838095454,7.4971091747283936
5425,195.54042587033854,0.10565857728250166,20.468913897144994,23.834680795669556
5426,194.02502161163514,0.10551108241876757,20.314224758173545,3.2751312255859375
5427,193.4347713955188,0.10564115677976509,20.281082510591812,13.753515720367432
5428,193.9504236815636,0.10568678602829397,20.358271685485896,22.09922981262207
5429,193.50091944474795,0.10577085776532646,20.334688968631035,14.96305227279663
5430,194.79591025030047,0.1055490625003667,20.411342078944724,29.324944972991943
5431,194.51795114779745,0.1056911766657822,20.417228658155278,15.693360567092896
5432,195.66277163631946,0.10554041376643829,20.503056371573724,33.200289487838745
5433,195.9761439199563,0.10554227835124086,20.548025807857986,21.943130016326904
5434,194.55638248075672,0.10541278149365438,20.402545549779404,5.80650520324707
5435,194.80081865594914,0.10554586829058997,20.468520094281608,19.007062911987305
5436,194.66281046938965,0.10559538198337469,20.473834893338793,19.456279277801514
5437,193.56618236469575,0.10606883992824682,20.409096544405404,6.883708477020264
5438,194.92052054104877,0.10585921535875159,20.49500557896135,32.99423170089722
5439,194.79131533563827,0.10589952430406517,20.50005552317174,19.50899314880371
5440,194.8134021822819,0.10595728033006005,20.525054967940022,18.825432062149048
5441,194.96526816045906,0.10580246943152136,20.51980441826062,22.457206964492798
5442,196.10561547885447,0.1055858686854262,20.584606374078014,33.24698495864868
5443,196.96455932406593,0.10552291779999037,20.668760310337234,30.26416778564453
5444,196.62491373082526,0.1056333327937696,20.66207270723386,17.407374620437622
5445,197.348664593517,0.10539484333200291,20.685451980161524,26.631130695343018
5446,196.14517794758183,0.10550972606751405,20.57859746035991,6.733742952346802
5447,195.70372616810602,0.10570462880683891,20.572811485756308,13.582338571548462
5448,196.03668890642496,0.10560828120872685,20.597083370898744,24.491018056869507
5449,194.9163220173607,0.10609981744425863,20.531112537189756,8.922715902328491
5450,194.0371587971871,0.10616031459691884,20.45580141181786,11.504694700241089
5451,194.22678720921522,0.1061315753007149,20.481243397699682,22.820222854614258
5452,194.16451933712307,0.1062404723136652,20.506430963722686,20.085885286331177
5453,193.47287414375182,0.10629806759052854,20.451366654085458,10.801138162612915
5454,191.80814540231432,0.105975827655364,20.276852987544604,1.3449361324310303
5455,190.7500639482912,0.10631141821601967,20.204084457669158,9.237412929534912
5456,190.8325633088083,0.10620307790320621,20.202043613092464,19.44841980934143
5457,191.8042376757202,0.1061479915686186,20.30002317696154,26.42931890487671
5458,193.016195298963,0.10607692698839567,20.417022945191924,27.313823223114014
5459,191.84603334597335,0.1060687892974591,20.302852715740006,6.085965156555176
5460,192.23757301251362,0.10613364253002563,20.369824188582605,22.316338777542114
5461,193.29519728238847,0.10597834637318175,20.446125946696778,30.264667749404907
5462,193.37224530956456,0.10596333902885292,20.46166468722981,19.488317489624023
5463,192.46852285646892,0.10636001631817604,20.41704804035751,9.0032217502594
5464,191.35383762790423,0.10628407047598194,20.302877559953934,8.436793088912964
5465,190.9302992516252,0.10629505527457783,20.269848784354398,13.833988666534424
5466,192.03099625910895,0.1061623372799716,20.357150296510852,32.23934578895569
5467,192.48068629651786,0.10611337213501998,20.403578793545744,25.3913996219635
5468,193.09587943355268,0.10607586046091387,20.469543005610287,27.229614973068237
5469,192.70492063921714,0.10624886809007097,20.464847575554185,16.56039547920227
5470,191.99787143282495,0.10633392039277682,20.410199099798643,13.100754976272583
5471,191.7678927184967,0.10621732675097922,20.376097108800657,18.20371174812317
5472,191.52021379131173,0.10641263851340955,20.39233613771265,14.586317777633667
5473,191.9750116533986,0.10636117035612357,20.438412776335525,23.078944206237793
5474,191.41526153686465,0.1063269704172682,20.38402864857217,11.854175090789795
5475,193.141108921496,0.10597798642738122,20.450188362086447,34.04394292831421
5476,192.30969783228102,0.10591820656310741,20.365686478465584,10.370085954666138
5477,193.87660085395822,0.10571862335134453,20.472029613680927,37.4168496131897
5478,193.75783484541864,0.10576033821673218,20.47730931754412,17.47338843345642
5479,193.83025649696444,0.10564800846640567,20.472536224368678,21.538113594055176
5480,195.4819539319948,0.10545503813104523,20.587810862124993,36.18399000167847
5481,195.08713439267487,0.1054261287753758,20.551932753503745,16.775959491729736
5482,197.1662630487481,0.10516591215263446,20.676413425968708,39.19618248939514
5483,197.63460041826062,0.10526179401471468,20.75964929170902,20.64247417449951
5484,197.358254414078,0.1052679996039793,20.74205279879193,16.273627996444702
5485,196.70467186993721,0.10527592566854557,20.68463227080401,12.09879183769226
5486,196.42762515123783,0.10528825516925656,20.667785948095972,13.878575086593628
5487,196.74334889972545,0.10533186384563417,20.721108088615015,24.373285055160522
5488,196.0059154107282,0.10549805740229978,20.673897007728865,11.028157711029053
5489,196.53585625662092,0.1054872535351041,20.737158037651575,24.83796238899231
5490,197.0304976940547,0.10540799075585063,20.77978645727506,26.38994598388672
5491,197.15019271711415,0.10540654242723949,20.80198859270231,20.225772857666016
5492,196.218690789943,0.10550632315681324,20.723968706775285,9.19460940361023
5493,196.75650388204357,0.10541125992524511,20.766729019707533,23.695992708206177
5494,197.44893884322315,0.10522180898012799,20.799061729510456,20.90951442718506
5495,195.5444494547909,0.10416959089032671,20.60107111221535,0.7557563781738281
5496,195.12900496024298,0.1042967261502546,20.585060401093198,16.578052520751953
5497,195.24771491064055,0.1044614883573511,20.639209797082266,22.084624528884888
5498,194.44523776153414,0.10454730825638629,20.572817699111443,12.281120777130127
5499,193.15078538391882,0.10488645055843782,20.46708952212033,6.935046195983887
5500,192.64927753007964,0.10502639724166463,20.442418626899126,15.2682466506958
5501,191.63278475477884,0.10540470469781942,20.377994440630136,9.831899404525757
5502,191.02645690723105,0.10557203169664274,20.344214496223834,14.112456798553467
5503,192.13619233815874,0.10547657628033857,20.440772351261597,28.256727695465088
5504,190.48483041477715,0.10627366236938704,20.29636462774898,2.8998172283172607
5505,191.66998211062938,0.10627888691074172,20.43340098147149,28.9078106880188
5506,192.76328228952306,0.10607988541704959,20.499066971656774,30.190202713012695
5507,192.10564946662785,0.10627892908256413,20.464076301940207,11.571388483047485
5508,192.36459297196157,0.10613357098439904,20.469435538920806,21.321034908294678
5509,192.35094704224196,0.10622406773528804,20.4947411835316,18.493995189666748
5510,191.28743757181954,0.10655717589514446,20.41979377169628,9.209241151809692
5511,191.35456319610134,0.10650170514629403,20.42559583397932,14.494144916534424
5512,191.30101756414032,0.1065657203528956,20.441339875639525,16.697999477386475
5513,192.75800738849892,0.10633092368349129,20.52692647688313,36.051878213882446
5514,191.71042731461392,0.10640397808302,20.4316572121143,9.42272162437439
5515,190.81332304146778,0.1065164088904251,20.357340639993154,10.933038711547852
5516,192.2451898110531,0.10643926875361666,20.49376723359322,31.675261974334717
5517,193.51273791294258,0.10628396697517141,20.58882956125729,31.938570261001587
5518,193.89761053381315,0.10621250661576453,20.622941265644712,22.815873861312866
5519,193.07863442847503,0.10622181012103546,20.546711852988263,11.991727352142334
5520,194.0478480841903,0.10609062650258373,20.621244734458383,28.702142000198364
5521,193.4373696033484,0.10608235181650527,20.565032287113798,14.244073867797852
5522,192.20299590731491,0.1063072425840545,20.45938196424266,7.52672004699707
5523,190.35096594824176,0.10524417015821395,20.264788144600235,0.7525718212127686
5524,190.23745628875935,0.105309046892386,20.272140263154235,19.095983743667603
5525,191.10508172587177,0.1051945845823069,20.33941886052269,27.540353536605835
5526,190.68403090861307,0.10541780652171873,20.336024671917464,15.97984766960144
5527,191.27719059952693,0.10536362845650155,20.39266442519829,22.683777809143066
5528,189.46441869353166,0.10430999217193652,20.19873778094631,0.4902667999267578
5529,189.63977450659632,0.10428138500384035,20.216750403136846,21.074637413024902
5530,190.06337676153035,0.10427305391242263,20.264582899105477,24.921706438064575
5531,190.88274299391503,0.10422297043212193,20.341937070114422,27.105430364608765
5532,191.22391556397588,0.10438074072780072,20.41851769941328,21.752294540405273
5533,190.49167640833613,0.10452337399848881,20.364332522419144,8.604448080062866
5534,190.91675964425278,0.10442234626708762,20.390689197194952,25.010236740112305
5535,190.54759204781024,0.10435214877844272,20.346782305223,16.501808643341064
5536,191.84211612733213,0.10399612729065828,20.373314482170773,34.37889361381531
5537,191.2136949660588,0.10404143733558116,20.319581337349064,13.791047096252441
5538,190.9315580163982,0.10422801682725603,20.326385523975574,15.362010955810547
5539,190.89224243623423,0.10436220724721877,20.35312166873582,18.01478338241577
5540,190.95332001187188,0.10438457502246232,20.36959045204846,18.908496618270874
5541,189.27378681175315,0.10464507709832466,20.205894547527976,2.4699580669403076
5542,189.4210489436356,0.10462803809204728,20.223835602052695,21.882054328918457
5543,190.60683845419928,0.10458825121762032,20.34159724603217,29.268895149230957
5544,188.9807700696573,0.10497094013401555,20.188181273571846,1.711686134338379
5545,189.75096236896073,0.10493626832666036,20.26629946083613,25.738487482070923
5546,189.8334527452711,0.10509902685551496,20.31363646622777,21.18052315711975
5547,190.4851182178184,0.10487156599872452,20.33050010156549,22.898518562316895
5548,190.64026703564022,0.10484226781446543,20.347195100549836,19.901493072509766
5549,190.7038643652838,0.1048598349840365,20.363723149544338,21.07437777519226
5550,190.83682572163096,0.1049386876145883,20.400085918048894,21.948734760284424
5551,189.96845746441463,0.10533160843075011,20.356085058868405,11.176787853240967
5552,189.3487728897705,0.10545016734644261,20.312524208279722,13.780606508255005
5553,189.24528516087278,0.10540125226515695,20.299398966196925,16.996798276901245
5554,189.30283230926403,0.10537288076814641,20.306404976534957,19.009509563446045
5555,189.1998039861714,0.10543647039621913,20.31334092676961,19.213409423828125
5556,189.3678059463097,0.10545006685730549,20.340207517501913,19.908320665359497
5557,188.6641278868466,0.10531993593663158,20.256805442326893,12.834034442901611
5558,188.45748660797813,0.10521911752964622,20.224237387903624,16.837135791778564
5559,190.02291174189833,0.1049785205572483,20.311995014024586,25.545907020568848
5560,190.53268262447935,0.10500757352594967,20.37887506388434,25.88652777671814
5561,191.05735579823457,0.10494515211167782,20.425086313245497,26.050548315048218
5562,191.44678224025222,0.10498265711230016,20.480835450113045,24.607318878173828
5563,191.0223144178497,0.10500665604453287,20.446027095611914,15.998467445373535
5564,192.4220912736712,0.10483272241460113,20.541566824655796,33.731780767440796
5565,192.14787036093452,0.10487530428136421,20.526151156409238,16.496885299682617
5566,191.61639165732515,0.10519345771337071,20.520889644845145,10.234886884689331
5567,191.4802277407519,0.10520893886657409,20.515680748396694,19.027560710906982
5568,191.66542546334438,0.10515684947790835,20.530523940912726,20.48099374771118
5569,190.65877120871093,0.10520418208203036,20.435218701503597,9.74870753288269
5570,190.52218349662382,0.1053950781143174,20.46086651448856,18.912771463394165
5571,190.50696166165758,0.10529350828555518,20.446257849343677,17.993942737579346
5572,190.28189204504102,0.10537152558365202,20.44179527085024,15.92975115776062
5573,191.4690731245906,0.10538577149286406,20.577377318141735,28.97655725479126
5574,190.8043823933447,0.10537191377793542,20.51160354496032,13.325941801071167
5575,190.37633856941125,0.10553441085637229,20.496487509510718,12.72516655921936
5576,189.99257518371715,0.10586064569517697,20.51152263441561,15.831459760665894
5577,190.73264943187996,0.10571113014731612,20.556407408071454,26.24619746208191
5578,189.93532293756118,0.10582519001701413,20.49084333399074,9.961650133132935
5579,189.42596970818556,0.10591801725353463,20.455934900650835,12.737273454666138
5580,188.5017100111037,0.10609595048306113,20.381375551644325,8.209344625473022
5581,187.06669291099266,0.1059238798671194,20.227561796127883,4.802495002746582
5582,185.24602598188275,0.10486464106844821,20.035286178166604,0.5271728038787842
5583,186.70356572206393,0.10472233906863986,20.144933316384936,33.346651792526245
5584,186.99653006484328,0.10478622678906456,20.193483983221086,23.185698986053467
5585,186.63656476419484,0.10499664266686927,20.191549143388873,14.204012870788574
5586,187.5201991165529,0.10496485805838239,20.27963365195498,27.44705057144165
5587,187.82499712538737,0.10510787002825728,20.34683731543543,23.23450255393982
5588,189.0367471541335,0.10480112789755398,20.383368942281074,31.086464166641235
5589,189.10637968259218,0.10462046355735395,20.35953525285826,17.044771671295166
5590,189.48531588576625,0.10454342191737512,20.385939900329678,24.244135856628418
5591,189.56046272690858,0.1045639775459171,20.40208050132638,20.158039331436157
5592,189.0648580996395,0.10451833777045794,20.348059696313115,14.129753589630127
5593,188.49420951864312,0.10445800287760185,20.284579099349983,12.104620695114136
5594,188.4492674234567,0.10439168371839105,20.271733308356485,19.674888372421265
5595,189.03477474922212,0.10435991263019499,20.32901597527292,26.401336193084717
5596,188.87442700172988,0.1044723828680549,20.335725815520192,16.75460720062256
5597,189.6056827317126,0.10442002545158809,20.40236855736499,23.950164794921875
5598,188.57962590439547,0.10452525048442854,20.30834487179134,9.266710996627808
5599,187.5138296453515,0.10445560773568181,20.19526142307343,8.771771430969238
5600,187.80869134889798,0.10451704244173514,20.243308808842695,23.150144815444946
5601,188.050604435409,0.1046039474890159,20.29087572075427,22.664248943328857
5602,187.6800983910549,0.10474996099425819,20.277966963546728,16.109296798706055
5603,189.04329740714437,0.104751844100365,20.42518729391126,34.75502920150757
5604,189.09286443307292,0.10478679988616547,20.440935420972146,20.81949496269226
5605,188.27193578874218,0.10486042721440662,20.36652606676242,9.476487874984741
5606,188.45921643085475,0.10492293405337366,20.402860806094797,22.150984287261963
5607,188.9446242665462,0.104675392476553,20.398832198033848,23.245527029037476
5608,188.66517802388077,0.10468453917290549,20.374843876053507,16.947038888931274
5609,189.15852624364194,0.1049402147895798,20.491095437292973,21.743759870529175
5610,189.39694098120552,0.10482977977783423,20.496184482920043,22.703368663787842
5611,190.12297157139346,0.10477384839226962,20.561222638090843,26.048838138580322
5612,189.48174185567953,0.10515468133691835,20.545610411709937,11.126112699508667
5613,189.82692443712276,0.10526384880926345,20.610154307592836,19.678346633911133
5614,190.82865519275154,0.10521121032117083,20.70405276451691,27.2094669342041
5615,190.78036864082404,0.10528813047602363,20.71701223687174,15.871135234832764
5616,191.8025649544158,0.10512262118491528,20.77984211450302,31.435205936431885
5617,192.45453930487164,0.10496633660730736,20.812043693357985,25.469201803207397
5618,193.04999391182292,0.10486905419361524,20.853923256424405,25.049078464508057
5619,192.9094939727047,0.10516114577458412,20.89538402386016,17.002241611480713
5620,192.36039903297765,0.10548634591104118,20.886430183621556,14.705172300338745
5621,190.67679504264788,0.10609814911859743,20.727565881785342,2.593548059463501
5622,190.5400270922214,0.10611061395509508,20.72029022296749,18.925086736679077
5623,191.73462682129917,0.106017249751028,20.823087320737812,31.652445793151855
5624,190.7872805530862,0.10588491230506411,20.714856447530437,9.32237982749939
5625,189.9794077475553,0.10609879045474074,20.65770788305513,10.727967500686646
5626,190.57961367007977,0.10591780255019334,20.68113080422458,22.49846625328064
5627,191.18381753337897,0.1059343217358468,20.754319496182337,27.00522232055664
5628,190.78197935804516,0.10593458116749495,20.716776301220516,16.134382486343384
5629,190.71415956446472,0.10590784405147217,20.70960853820831,19.73003339767456
5630,190.8270179688201,0.10583886462085844,20.71251245282623,19.922149896621704
5631,191.13874778913188,0.10577146696564085,20.735387328297968,23.520203590393066
5632,191.37736031124058,0.10573700810993793,20.75803345501499,21.261940479278564
5633,189.71358670812816,0.10667963802883855,20.610453120464836,2.6980016231536865
5634,188.29645084104686,0.10665450831521682,20.464348589260187,5.1313841342926025
5635,189.57348633263638,0.10634745690295073,20.509705103367583,31.850171327590942
5636,189.91775146931002,0.10635541090534979,20.554608052333908,22.070290088653564
5637,189.50857395461693,0.10649991048757146,20.53906197181057,13.953931331634521
5638,188.09348821507075,0.10626824471602908,20.383671352092463,5.156443119049072
5639,188.44255333292003,0.10619210935407059,20.40983463857154,23.78654956817627
5640,187.50812779959082,0.10628808299737198,20.325736292185823,10.215623140335083
5641,188.2830465215949,0.10631954179003977,20.422478929263967,24.49913263320923
5642,189.64021605637896,0.10621313649559616,20.53825413997133,34.73049259185791
5643,189.16381389581517,0.10655945583486555,20.542871598571615,13.151700019836426
5644,189.58217575685703,0.10644624222889784,20.5674428825859,22.469003915786743
5645,188.14635399928846,0.10668612763269582,20.431768453760043,3.785449743270874
5646,189.85489045929558,0.10645492095246914,20.537450769222442,33.320945501327515
5647,187.9963415547026,0.10539037174294445,20.34207626153022,0.43310976028442383
5648,187.81637813915557,0.10545411508433854,20.338655498914918,14.350439071655273
5649,187.358214357764,0.10559675703208671,20.31526894392577,13.37448763847351
5650,187.21463221418637,0.10558125188951151,20.302116254486513,16.479695558547974
5651,188.1124858920445,0.10546406752946116,20.36909509194165,29.513970851898193
5652,187.64136103312404,0.10561510061303181,20.345404141022232,12.047049760818481
5653,186.1949474227928,0.1057217403045759,20.20195009961201,3.3800361156463623
5654,187.60299794856488,0.10549021097492463,20.27993059861589,32.784353256225586
5655,187.96696796907923,0.1055513802937468,20.337131292629735,21.876800298690796
5656,186.28729828938842,0.10549586649080933,20.16375997970344,2.1171631813049316
5657,187.19442530649454,0.10548783923384347,20.262122379906405,23.380313396453857
5658,187.7224810534296,0.10543296084150504,20.30950115610734,25.635141372680664
5659,187.73525624289528,0.10543683229129105,20.316406144546267,20.18630838394165
5660,187.0179036804663,0.10558936052010229,20.263242083100803,10.373507261276245
5661,185.85772464366164,0.10566022747828153,20.150609662269794,6.073280096054077
5662,184.729147397225,0.1058365019158275,20.049103565647098,5.120020627975464
5663,183.05185592325273,0.10536637219078687,19.868612529990624,1.8021819591522217
5664,184.7113373640202,0.10508634743736038,19.949926404690718,34.38855743408203
5665,185.53422399037999,0.10500926673452235,20.02042714064381,25.520658493041992
5666,184.4488817504762,0.10512800523600829,19.920222869237374,7.497298717498779
5667,185.24439293297144,0.10513733124425427,20.011020640545,27.05043864250183
5668,184.6719490036417,0.10533595793181173,19.98091043413955,13.344672441482544
5669,185.4252295136053,0.10524413681403207,20.041101329798156,23.03164005279541
5670,186.56097721846925,0.10496092621512251,20.080690316500174,31.6660213470459
5671,186.58536744628455,0.10496951801117235,20.089883413335173,18.10823893547058
5672,187.1995137718217,0.1048875647665445,20.13898457920182,26.529244422912598
5673,186.3175186341035,0.10494980022999016,20.057594733409804,10.61194372177124
5674,185.66434344776246,0.10513997164917786,20.017018786075706,13.054001569747925
5675,184.33770001328483,0.10559800589495023,19.90684859821495,3.9896998405456543
5676,184.114323013152,0.10552968015698838,19.877780112232802,17.360432863235474
5677,183.08317978302048,0.1055854944665296,19.779002311110474,8.206979990005493
5678,183.3323479851903,0.10544310106032584,19.78121228799937,20.755942344665527
5679,184.6490245053384,0.1053093049703575,19.883400165119376,29.47724676132202
5680,185.412534260285,0.10517575215053897,19.934566163468183,25.863826990127563
5681,186.45840891768216,0.1050205463531715,20.005220501833502,29.20059823989868
5682,187.50382482850534,0.1048294474188494,20.06516829681517,31.13748550415039
5683,187.4887865802203,0.10496394864358564,20.09451661384702,17.849274158477783
5684,186.9438987144181,0.10496694073609716,20.043571447708548,14.23918867111206
5685,188.18445972727395,0.10488190155381658,20.153135733231462,31.287612676620483
5686,189.01261513000122,0.10486629287038174,20.241604375899147,26.260411500930786
5687,188.7224889787012,0.10494262994167793,20.229188332140158,13.721966028213501
5688,188.7352640889142,0.10473530890541904,20.19689644881876,19.741593837738037
5689,188.57791144802505,0.10461281130769433,20.164927484330573,16.989305019378662
5690,188.8921323335448,0.10465759228552647,20.213278209487267,21.37324810028076
5691,190.14321101020934,0.10450273610789412,20.301145427392395,29.501468420028687
5692,190.16177890010724,0.10444729208014851,20.29813397311847,20.49747061729431
5693,189.31016111110617,0.10492662868315655,20.265152633387288,10.920058727264404
5694,189.0670594999951,0.1050894836084462,20.272501107053415,16.08730387687683
5695,188.91638890499516,0.1053604278528215,20.30977609598288,18.577076196670532
5696,188.4172250159452,0.10560178760307026,20.296678335023053,14.845015525817871
5697,187.34305276578576,0.10578033762827413,20.20371155167282,8.65928030014038
5698,186.7996222381279,0.10592554177078839,20.171674436156096,14.249151945114136
5699,188.0316260157466,0.10580177022404824,20.269957691794534,30.837221145629883
5700,189.59130975558915,0.10549956647529612,20.337258114876587,33.03781270980835
5701,188.54539665803324,0.10526810022230787,20.21388553372782,9.000881671905518
5702,186.7599426914529,0.10421541922008479,20.021746678390542,1.074666976928711
5703,186.41234326453838,0.104752212396305,20.071529211606638,16.2543785572052
5704,184.758219831893,0.1046570712247229,19.900813919490574,1.0856428146362305
5705,183.9006376335741,0.10472161162358677,19.82180578029567,9.938085317611694
5706,184.03163125723836,0.10494343104034583,19.883587722492713,17.01119828224182
5707,184.741314944666,0.10495282025935414,19.964751845267788,25.47003722190857
5708,185.60390179521934,0.10482580128185284,20.02510432681511,26.91937565803528
5709,185.78786277726715,0.10475793542589705,20.034853283546962,21.8699734210968
5710,186.93998414949448,0.10464058862977761,20.12450475071149,32.23340344429016
5711,188.83058430799952,0.10436545933922452,20.223259703204377,36.8756046295166
5712,187.84227846491953,0.10376624919027672,20.071027106172334,9.653754711151123
5713,189.52385568027034,0.10351510355230653,20.16031683511061,38.212287187576294
5714,188.54861712346764,0.10378430034287042,20.088713666759503,9.819199800491333
5715,188.07313095223296,0.10388120911249137,20.05782653009191,15.135087728500366
5716,187.84239964271063,0.10411512429409372,20.07724826479099,15.737683057785034
5717,186.59397564628352,0.10434381432099406,19.96647578214308,5.925292491912842
5718,185.9980358898207,0.10448147853998885,19.926811024321648,12.41625714302063
5719,185.92805553092248,0.10449811626855544,19.92754291407843,19.19584584236145
5720,185.00877497561325,0.10451696489310393,19.838267484937646,10.07814908027649
5721,184.1286872258571,0.10491509421324505,19.789884810088267,8.621795654296875
5722,183.24740035359855,0.10501177660444592,19.711985961987384,9.934407949447632
5723,181.47492635006256,0.10396165883840147,19.52486610236751,0.6324093341827393
5724,181.68017708656194,0.10411016106189865,19.579617441343835,21.70986270904541
5725,181.7533753156963,0.10418017056239076,19.603821266930396,19.687300205230713
5726,181.49584156253934,0.10416400988240787,19.577783054261094,15.16680908203125
5727,182.76088314691395,0.1041288632900773,19.702005223718484,31.1134774684906
5728,181.6832743154448,0.10415424132384318,19.594985171481298,7.5436952114105225
5729,183.48644157229037,0.10391380388298044,19.699035319766484,34.9512665271759
5730,183.77157715656747,0.10391240169320723,19.732044966568818,22.79741859436035
5731,182.7738613850018,0.10442089672389421,19.67472451690313,8.639279842376709
5732,182.0561227711518,0.10445776883773635,19.607977271734097,10.275737524032593
5733,180.59556154344028,0.10396874670491454,19.441897499016758,3.051335096359253
5734,178.87960592800587,0.1029290592378654,19.25747852402659,0.43411946296691895
5735,179.95080986872583,0.10305361479933291,19.404903738786327,28.412431240081787
5736,179.91130177003856,0.10310262410588504,19.410854701398463,18.755938291549683
5737,180.40218875233816,0.10316330092159474,19.47674615438448,24.51732873916626
5738,179.69816686481477,0.10340439518510607,19.431978692840634,10.024045944213867
5739,179.6811851961666,0.1034377669635921,19.437658905912226,17.792723894119263
5740,178.06437334420494,0.10351450040506728,19.273282316853106,1.146188735961914
5741,178.5037296107629,0.10360548152714273,19.340549493684577,23.7570059299469
5742,179.57869231465529,0.10347851762096222,19.41714399874773,28.26128578186035
5743,179.98290539150872,0.10344373244475259,19.45297255876025,23.51388192176819
5744,179.29307633759365,0.10349037620138615,19.388442833172647,11.823017358779907
5745,179.2801455742177,0.10324198929330487,19.344558404840917,15.008110284805298
5746,180.47734411847554,0.10314602424987014,19.441112820792508,29.859956741333008
5747,180.5525706772908,0.10328477677332888,19.476701692584584,20.130487203598022
5748,181.0270449705179,0.10330456058454297,19.53193467565874,24.607349157333374
5749,181.52677452081272,0.10331047601765858,19.586615328902152,20.450985431671143
5750,181.9515067756046,0.10330415697176772,19.63074917561313,21.85037326812744
5751,183.01199170784855,0.10317389317982782,19.704441683857,28.742537021636963
5752,183.50187179077005,0.10330594735147781,19.78739726701843,24.780734539031982
5753,183.03685307286236,0.10358675649110172,19.779523294348248,12.830617189407349
5754,184.02648454213372,0.10347287474179354,19.851728061404764,30.13062286376953
5755,184.37621969671238,0.10348837430487788,19.893210780790714,19.28545641899109
5756,184.61245749974526,0.10346310594644449,19.914278672982807,22.29666233062744
5757,183.1863329247478,0.10314276060126576,19.755135886252976,4.477872610092163
5758,183.8944695955003,0.10301684480627672,19.797584527390445,27.26596999168396
5759,184.5255248995453,0.10312027959708035,19.88960868211654,23.198868989944458
5760,185.64026965054987,0.10306880653083929,19.990712595295374,26.939466953277588
5761,186.89386695404437,0.10297059434977526,20.09080546934242,30.300698280334473
5762,187.2149282845039,0.10285413041540993,20.099897414648996,20.77033305168152
5763,187.48277900165886,0.10280689752247078,20.118898440502505,16.322660446166992
5764,186.99795121164226,0.10285796523789355,20.07770945609748,12.691619157791138
5765,185.86797169952584,0.10304560180173084,19.976932361536505,8.124774932861328
5766,184.75929198253058,0.1034818124503802,19.897163037921143,8.141484022140503
5767,183.50169906270528,0.10380292652926623,19.78819140754193,6.328171491622925
5768,183.03668207207824,0.10393278047565241,19.76030949346651,13.49188494682312
5769,184.02631525135743,0.10385089947940651,19.84270639853185,28.11808729171753
5770,182.89605209884385,0.1042208411888378,19.75427933454653,7.6367878913879395
5771,182.6070915778554,0.10421759381591046,19.726736541201067,14.323905229568481
5772,182.91102066207685,0.10430217844113163,19.779469175789057,20.71824860572815
5773,182.67191045545607,0.10439123212841842,19.771674484031166,14.924773931503296
5774,182.4651913509015,0.10458188770836879,19.783957739190857,17.35584044456482
5775,184.26053943739248,0.10447529535062212,19.936118161798948,37.05324721336365
5776,184.81793404301857,0.10459720906378256,20.02675698018096,25.700624465942383
5777,183.80975470258838,0.10474171316362092,19.93648941037915,7.012999773025513
5778,183.0016571555625,0.10505351933295559,19.887124516275357,11.050521612167358
5779,183.69164058400688,0.10483631747295938,19.908253271112603,22.93061876296997
5780,184.4947241781668,0.10481068157095706,19.989170738401477,26.56797957420349
5781,184.66977693638512,0.10495069356712868,20.03927903101746,19.231786489486694
5782,186.31307916702127,0.10464617230480983,20.108886240707285,35.55689215660095
5783,184.77994837535107,0.10511486209691323,19.96779737830021,3.6233434677124023
5784,184.57214889159755,0.10528322567106604,19.97811940451721,16.269108533859253
5785,184.47642740268157,0.1054303934143554,19.998338210472035,18.930958032608032
5786,184.24166312865475,0.10574254910754102,20.028354828367316,15.162075519561768
5787,185.6492464973682,0.10560820053954253,20.13807128008364,32.841760873794556
5788,186.10275403239453,0.1056343696163982,20.196690567282804,22.82391095161438
5789,186.67172649207058,0.10560683250459635,20.254723661609976,24.112243175506592
5790,185.55500922714987,0.10601743084621705,20.17217642499388,8.035518646240234
5791,185.93945913487838,0.10593939939489774,20.20045466074394,24.088059902191162
5792,186.8500645435296,0.10578253247676103,20.2584501141365,29.732473850250244
5793,186.95156389809432,0.10589221984234874,20.295865612995133,20.677494525909424
5794,186.00204825911337,0.10592025416566438,20.20290695686518,8.329505920410156
5795,185.83202777652224,0.10586696878377104,20.18087788729653,15.829084873199463
5796,185.74370749875703,0.10605123694904067,20.209069108423563,16.81408715248108
5797,186.25627042376948,0.10604557690022537,20.266978417339327,25.431613445281982
5798,186.6737077195318,0.10590617376280206,20.28430863316593,22.522912979125977
5799,185.86697064233647,0.10579050825158913,20.191465546834273,11.394926071166992
5800,186.5283009359131,0.10564530158177164,20.22955089136593,24.83224105834961
5801,186.38301792655398,0.10575163926362834,20.23725538245227,18.421656370162964
5802,186.28918774728845,0.10576756919867568,20.234882828627743,14.702091932296753
5803,187.47629586981557,0.10552956563783647,20.292534000341465,32.99297738075256
5804,187.2215329111174,0.10564710948763094,20.28960866033805,15.163353204727173
5805,186.2993175820062,0.10585379628749148,20.216712573734668,8.130260467529297
5806,185.52632440618615,0.10589617575580922,20.14454544799732,11.711443424224854
5807,184.84106116212428,0.10620473536577249,20.11309999351735,8.176600217819214
5808,183.38265055050303,0.10565550852493528,19.941968993582176,4.188261985778809
5809,183.11882404499798,0.1058728387900044,19.952549303646354,16.78081727027893
5810,182.657635804548,0.10590900091305328,19.91302381060989,13.730057716369629
5811,183.5010594465025,0.10589860004249953,20.003893572503788,25.431614875793457
5812,181.75604885203748,0.10706183626429676,19.83385463677875,0.961029052734375
5813,181.83848836351711,0.10704384948060117,19.845516090410964,20.54550528526306
5814,181.77010347988195,0.10723055384293802,19.877060929506854,18.71723771095276
5815,181.56240244508314,0.10727626072686888,19.868290320211788,16.37155771255493
5816,181.3367784206323,0.1072097874277763,19.83960741700967,12.75983214378357
5817,182.31341063642597,0.10696206231335516,19.88121134283957,25.70063352584839
5818,183.96027653006172,0.10672817656053861,19.982399229411175,35.10793089866638
5819,182.9706737647611,0.10671971832434499,19.882575237117067,9.102672815322876
5820,183.26096702711348,0.1067374268014789,19.923749484745894,22.78411054611206
5821,182.83835735684235,0.10666296033488254,19.874511989898433,15.02330231666565
5822,181.78997378327392,0.1064937666289696,19.755766869999448,6.1899094581604
5823,182.42207404544118,0.10640842079941461,19.808209201299455,26.330851078033447
5824,181.46785330498676,0.10672364693624806,19.74012710928646,9.296219110488892
5825,182.1131747719369,0.10675397144249534,19.822725838193595,24.172933340072632
5826,183.18204302421753,0.10665528985955827,19.914498579811656,27.412144422531128
5827,182.98022259397536,0.1068770805192449,19.935353594013538,17.432690858840942
5828,183.73042036803562,0.1068935810318819,20.0260000580734,25.7913236618042
5829,185.62311616435525,0.10660212511432447,20.125740057492667,39.972893953323364
5830,183.9168850027117,0.10686943719651457,19.95448265691774,1.6055798530578613
5831,184.8877161526846,0.1066904225398519,20.014937830348565,28.25437092781067
5832,185.51883899115774,0.10667190541122758,20.08478845204508,22.116871118545532
5833,184.70365060124615,0.1068551863571153,20.02394056752463,11.085904359817505
5834,184.0666140952337,0.10702630391503175,19.983701161849382,13.122965574264526
5835,183.33594795428135,0.10703712195696251,19.913864150230886,11.974496603012085
5836,182.20258847473852,0.10710960788025002,19.804725508728577,7.558923006057739
5837,182.64056258999113,0.10710045870410238,19.85667825364129,22.348025798797607
5838,182.86415696409122,0.1070538443609638,19.878111471104877,22.963502407073975
5839,182.7955153944503,0.10717648773553597,19.899330356393826,16.658910036087036
5840,183.0475602405058,0.10730664593510368,19.96033705282989,22.36370539665222
5841,183.3770846381007,0.10715950540167857,19.970733682301592,21.648296117782593
5842,181.6033137917197,0.10608791034766178,19.781026345478576,0.6191141605377197
5843,181.1272806538025,0.10607180736358815,19.733216082023787,14.396987199783325
5844,180.49600784726448,0.10645176725605397,19.71588392120355,10.446000814437866
5845,178.80104776879185,0.10629634049258435,19.53872508199151,1.161851167678833
5846,177.12303729110394,0.10523337708765851,19.353337831171597,1.1866576671600342
5847,177.6218069181929,0.105282364902685,19.419804452859882,24.313090562820435
5848,178.14558884901098,0.10522954125365815,19.465606408331283,22.80505347251892
5849,178.97413296052088,0.10513510024725183,19.530950344247973,24.27159333229065
5850,178.57439163091564,0.10537871327355629,19.525640840805494,14.265084028244019
5851,178.7186477146065,0.10536119557087255,19.54038443239744,19.40006113052368
5852,179.98146123746045,0.10516004263155726,19.614980588073465,29.546465635299683
5853,181.24164662508585,0.10515419383922861,19.748830782192726,30.75007724761963
5854,181.159230158835,0.10525872126499818,19.7613424743708,16.420270681381226
5855,181.73763785724663,0.1052103181527666,19.813729049627092,25.599880695343018
5856,180.88026147867416,0.1051998816379056,19.725591759130822,8.267078876495361
5857,180.8014588638874,0.1051883452492722,19.718335841539513,18.52217435836792
5858,182.10344427524853,0.10506893768102385,19.82115248312412,29.27350115776062
5859,183.37240983249606,0.10498912209062138,19.93294095829288,30.92008900642395
5860,182.9286857341711,0.1050903100064058,19.90361154870995,10.745414972305298
5861,184.0893988768294,0.10500930657189358,20.00457543322285,29.862669706344604
5862,183.9085048880611,0.10522427374713851,20.02452967889062,17.722788095474243
5863,183.5294198391805,0.10526792142062603,19.994284382101714,13.458792924880981
5864,183.4941256407887,0.10549301998419755,20.034341538280696,19.265491008758545
5865,182.67918438438082,0.1055165211569046,19.95399812289789,8.893338441848755
5866,182.162392540537,0.10568272999113708,19.92445814166891,13.985554933547974
5867,182.58076861513166,0.10574197411979713,19.985213560252223,21.13009238243103
5868,182.96496092898036,0.10577052722927789,20.0353614246497,20.267871618270874
5869,185.33531131969053,0.10554615529031845,20.1950078104032,42.67497944831848
5870,185.62195820649362,0.10575237598040592,20.27305773229917,20.8411545753479
5871,184.45573862442868,0.10628905511915258,20.190327154976178,7.364850759506226
5872,185.5211812381844,0.10615399961950746,20.268423883426415,26.572686195373535
5873,184.61596942580255,0.10646088067594396,20.20573964459215,9.199256181716919
5874,185.25980973154452,0.10640028793344154,20.263682248146228,23.755563020706177
5875,185.16721163422906,0.10630219414501621,20.241045425664765,17.051392078399658
5876,185.6155395178868,0.10628265046443561,20.28863497140812,24.584742307662964
5877,186.47938412270793,0.10632276513626183,20.395748621694036,26.956526041030884
5878,186.54459028148085,0.10624399344344844,20.391791135477096,20.62672519683838
5879,185.30914437866605,0.10645139477885522,20.277873224122324,6.709881067276001
5880,183.76605293487938,0.10635462276655053,20.1150944918811,3.33504056930542
5881,184.46839240553058,0.10619658834990864,20.153943546962285,25.285212516784668
5882,183.95370848147527,0.10648800592505617,20.142404111492663,10.378681182861328
5883,186.6741713966605,0.10616873990089332,20.29098007037774,46.96832585334778
5884,189.0674296826939,0.10588170038920833,20.42807026967396,42.303539752960205
5885,188.88675538586696,0.10593399449642735,20.42378956697722,17.927051067352295
5886,190.1178878320083,0.1057079878847964,20.489551671307446,33.37269639968872
5887,189.15670895368822,0.10592750375062929,20.41465615459437,10.118317127227783
5888,190.31514186415134,0.10578626150000825,20.500509593048424,32.77830672264099
5889,190.24199044550983,0.10576665025112839,20.49550449711794,17.504460096359253
5890,189.54957054105475,0.10603129779820387,20.46054945214676,12.985605001449585
5891,188.8940748356442,0.10634195256215732,20.435943957625295,13.31156301498413
5892,190.08513408728777,0.10615515641315913,20.51158451804904,32.85257339477539
5893,190.59428274641488,0.10613094924736778,20.566468672868552,23.943460702896118
5894,191.59833991895073,0.10606620332877725,20.660803986139868,27.39454412460327
5895,191.9123565197612,0.10630598972598275,20.754195946278468,21.323596000671387
5896,191.38323295456357,0.10639400896541357,20.716653986815686,13.292207717895508
5897,189.93940062501792,0.10660666462044029,20.579487446947528,4.480290174484253
5898,190.07000661876774,0.1067228639840881,20.623692572478053,21.557095527648926
5899,188.80930655258004,0.10674938534424723,20.49745564675327,3.770324230194092
5900,188.47121348705426,0.10703673020048218,20.512481090285736,15.635545253753662
5901,188.82650135218373,0.10699314861276307,20.547356279382875,23.97950291633606
5902,188.68823633866188,0.10712321712663544,20.561882716589043,16.440455198287964
5903,188.76135397527526,0.10717443393496093,20.586263889423154,21.037896394729614
5904,189.6637404355225,0.10703458923718838,20.650401250528923,26.060199975967407
5905,189.25710303116728,0.10717229703609166,20.633897238023636,15.382073640823364
5906,188.3245320008556,0.10724640739906408,20.5475582656434,10.272281885147095
5907,188.30128668084706,0.10724921214227773,20.552082682986967,20.04334282875061
5908,189.10827381403857,0.10706891332940513,20.5965618561571,27.789352655410767
5909,188.17719107589818,0.1071440575294444,20.51059623759553,8.64866590499878
5910,187.2954191651392,0.10707261695414996,20.41549027521957,9.128210067749023
5911,186.55246497348782,0.10750631556336952,20.391335372467374,10.416337728500366
5912,185.80694032375294,0.10768125240773582,20.3374220187427,12.013846635818481
5913,187.25887092051542,0.10748057281417206,20.434047798555273,33.46208190917969
5914,186.84628221131027,0.10770713694904403,20.42970732056972,13.653058290481567
5915,185.36781938919714,0.10739929634878437,20.26541024736402,2.859250783920288
5916,184.14414119530517,0.10743641449640763,20.142756144890377,6.173468828201294
5917,182.93269978335212,0.10747316146255466,20.021328583441473,4.684966325759888
5918,182.08337278551858,0.10762291964384747,19.951115297607057,10.501128196716309
5919,183.2325390576634,0.10745578135649991,20.031604144630986,30.7303626537323
5920,184.47021366708674,0.10729327566019876,20.121288103184675,32.127408504486084
5921,185.55551153041588,0.10710771491724866,20.190075222152828,29.580419778823853
5922,186.01995641511172,0.10711422397497272,20.2481744699313,20.767123222351074
5923,186.6697568509606,0.10699925703402777,20.295692725231987,24.750882863998413
5924,187.053059282451,0.1069514866859097,20.332735797979666,22.55795192718506
5925,186.71252868962648,0.10692772345303754,20.29940843999987,12.992178916931152
5926,187.61540340273024,0.10683317546038443,20.37641435559987,28.32858180999756
5927,187.84924936870294,0.1068074977342166,20.40265021204387,22.743786573410034
5928,186.38075687501592,0.10744673983004517,20.27862370992343,4.4103171825408936
5929,187.31694930626577,0.10747941528888758,20.395837472824194,30.06043815612793
5930,186.84377981320313,0.10761890685028441,20.371879098095953,15.277154922485352
5931,187.2853420150711,0.10753838877745256,20.40816030711499,22.614920616149902
5932,186.3624885949204,0.10762089962652015,20.324078704043842,10.173432350158691
5933,187.62886370897118,0.10756705484750734,20.4508379170034,29.45162320137024
5934,187.18257507188147,0.10768019548784345,20.426329537833368,15.264827489852905
5935,186.31074932116266,0.10760339353296502,20.332066242455035,10.721256971359253
5936,187.68764182795104,0.10736069293096871,20.408745580030484,28.63635230064392
5937,187.81076540967152,0.10748708600165903,20.45465812423018,19.45046329498291
5938,188.98265775557482,0.10726467415803588,20.520111542987877,31.455446243286133
5939,189.73283117801907,0.10710111832554643,20.564910427557997,21.434593439102173
5940,189.76550286623888,0.10701456310084019,20.559261323282417,20.870709896087646
5941,188.07784783757648,0.10689679842221274,20.383668710049594,2.238568067550659
5942,188.31706935920073,0.10677122666440571,20.3898320229491,18.625295162200928
5943,186.87389866560872,0.10661260530685257,20.23593370271961,4.344346761703491
5944,186.94515967895262,0.10652586069708302,20.233574365692412,17.02137017250061
5945,185.99570808216308,0.1065475586118513,20.141238622035488,9.693207502365112
5946,186.89575100134144,0.10646034389529802,20.219826235815134,29.596702575683594
5947,186.39679349132803,0.10649063096729394,20.177627973456982,14.623185157775879
5948,187.44282555641473,0.10652538101500932,20.30585169372241,29.265494346618652
5949,186.01839730085058,0.10679346053819257,20.172793176785184,4.838140249252319
5950,184.8982133278421,0.10707687728416199,20.08106524501733,7.949986457824707
5951,184.32923119456368,0.10725610851132036,20.05025459256716,11.735419750213623
5952,184.80593888261802,0.10730423708137957,20.119752046641487,22.417509078979492
5953,184.96787949379183,0.10727597082996876,20.13855452617507,18.747931480407715
5954,183.6482006988539,0.10733528659336718,20.00716898091332,4.323846340179443
5955,183.92171869186538,0.10749416121558517,20.077097291104188,18.287125825881958
5956,183.49250150494672,0.10748304939066336,20.036326318193147,15.193043947219849
5957,184.42757648989726,0.10734684705560149,20.105963055011216,27.739261150360107
5958,183.8833007249983,0.10742722473889163,20.064903424461104,13.926960468292236
5959,184.41446771774832,0.10736561071935082,20.11425439021649,23.47901678085327
5960,183.56032304057084,0.10740306572326841,20.033111846314327,10.534746408462524
5961,183.4847198101651,0.10752221688421754,20.052780727851182,16.788049459457397
5962,181.69987261206347,0.10644699471537536,19.862252920572672,0.5430591106414795
5963,182.39287388594283,0.10633870006702638,19.913630391366944,26.82897973060608
5964,182.11894514708342,0.10650111951796902,19.914494087453274,16.487178802490234
5965,181.02775569561257,0.10653199873374823,19.80534914657874,7.821245193481445
5966,181.62747813865644,0.10642103559288378,19.84729565511295,19.819278240203857
5967,181.54120335726986,0.10651289460111679,19.858822698561823,17.967468738555908
5968,180.93579132369717,0.10668743507659323,19.820234471576207,12.993860006332397
5969,181.4064334104602,0.10649775370828343,19.832032126860444,22.250484704971313
5970,181.6323690763556,0.10656022715159276,19.87371180559184,19.586070775985718
5971,180.24604538559203,0.10688997371728613,19.74497468753592,4.663671970367432
5972,180.8435849317361,0.10686274064677993,19.80752494066056,22.452521324157715
5973,181.01514908241873,0.10695572940192828,19.84944969125395,20.902878999710083
5974,180.43499759159454,0.10702438349002283,19.800955194341412,10.780194759368896
5975,179.77064761567857,0.10718220983056119,19.752945642397997,10.150348424911499
5976,180.01294113952179,0.10713979949696145,19.775416185974017,16.64017939567566
5977,180.59281172812655,0.10711882167005905,19.837662024114277,25.0190269947052
5978,180.88688361084527,0.10695239535812037,19.839285403873134,20.327372074127197
5979,181.64801477473682,0.10677781303878041,19.8808925498344,24.866090297698975
5980,181.67153462698946,0.10690568708230565,19.912083624336056,18.568555116653442
5981,182.32481928071957,0.10688926179042997,19.982962788092696,22.508615255355835
5982,182.50157108791237,0.10682036917252567,19.99313316021177,21.486324787139893
5983,182.19655537703326,0.10687058653343198,19.97320182860965,16.220492124557495
5984,182.99458982326294,0.1066797432635175,20.013469810323553,24.0696702003479
5985,181.3146439250303,0.10561294583088233,19.82333511222032,1.613757610321045
5986,181.68149748578,0.1057036053633992,19.88510176109812,19.727405071258545
5987,181.2046825109222,0.10598985289185477,19.87625074348714,12.100577116012573
5988,182.42263568581296,0.1059200533728372,19.98748823605227,28.145680904388428
5989,181.96840932895483,0.10617472145224752,19.977613353691748,12.732152462005615
5990,181.6187252356653,0.10640549124452776,19.97783722015483,15.70940637588501
5991,181.97253798330863,0.10635526121687511,20.00805884795328,20.318946599960327
5992,183.02281260347553,0.106232475155229,20.087978259473747,27.1810564994812
5993,182.21258447744077,0.10615054256053945,19.99709847687901,10.033966779708862
5994,182.38045863266638,0.10624481602940643,20.03712749211022,16.021241664886475
5995,181.8466540463397,0.10626763918694182,19.986756217189114,11.624276399612427
5996,182.4281875058763,0.10624662946173906,20.046888655017224,25.598773956298828
5997,180.85390563081754,0.10678416316712167,19.89641976846705,2.6763288974761963
5998,182.31536657450937,0.106633752728111,20.00745557078238,29.37624502182007
5999,183.6422129087643,0.10645630408971878,20.097381015074554,33.293176889419556
6000,183.18579077967664,0.1066236251067926,20.076407204923807,14.700803756713867
6001,183.97393287187987,0.10651158732900712,20.13564313287457,28.044671535491943
6002,183.34419354316108,0.1065208516210063,20.074286701545823,12.982288837432861
6003,182.82075160772948,0.10660068127273517,20.033543834530366,12.063441753387451
6004,184.69254409165217,0.10629143121676457,20.123208396185063,35.322380781173706
6005,184.21561865073565,0.10661537821846553,20.12197631222321,13.595237970352173
6006,184.7134624642283,0.10674580563286208,20.210756549100978,20.268041372299194
6007,184.376327839586,0.10687040055666591,20.19864898360997,16.12400984764099
6008,183.57256456119012,0.10685938885879155,20.116662493773873,11.118847608566284
6009,183.7368389155782,0.10684079497020363,20.135495868836134,21.52893877029419
6010,183.7894705264224,0.10683058807870266,20.144140910147772,16.118720769882202
6011,183.65157582115816,0.10676228219791563,20.122699501046295,15.928664684295654
6012,183.72506006294657,0.10674177979478464,20.131472506035834,18.888070583343506
6013,184.0578094623171,0.10659602098301191,20.140157780975475,21.236137628555298
6014,183.37723136769392,0.10673695732490593,20.08875620316572,11.994645118713379
6015,182.02345905401697,0.10650292108499021,19.937868641134063,3.563716411590576
6016,182.9532244634768,0.10631061914686758,19.988489954722723,27.34531879425049
6017,182.62369221884202,0.10658084628873224,19.998605055175496,14.090186595916748
6018,183.2874552966536,0.10655921453267223,20.06861900462374,24.69072413444519
6019,183.01458074368708,0.10677567366939678,20.077932814577505,15.431740045547485
6020,183.8144349362502,0.10669651008859633,20.14715348643173,25.98206615447998
6021,183.4362905868877,0.1065884490972994,20.09568195156741,15.657525539398193
6022,184.5819276810188,0.10646216192176265,20.184725132051735,27.589010000228882
6023,184.28610840420862,0.10662334675415794,20.182877880731215,14.73555588722229
6024,184.35324732016653,0.10660423370546453,20.191049101923905,20.52063536643982
6025,182.97971484696487,0.10702755307053753,20.069138610904666,4.387375116348267
6026,181.2799176984952,0.10672650830906293,19.88844722479562,0.7685697078704834
6027,182.36711852151026,0.1066247604673516,19.97956275254766,26.654516458511353
6028,182.95344733629517,0.10676183236475278,20.079767125022187,19.227742671966553
6029,183.18391286293223,0.10685926258479457,20.128969453771965,17.638319730758667
6030,183.8620737343029,0.1067866858952016,20.187679759234246,25.14502787590027
6031,184.80345299695986,0.10669004205783231,20.265802961641906,29.71048092842102
6032,184.31541846699028,0.10679961222548928,20.23314493202549,14.658804178237915
6033,184.38226428232036,0.10677873652208256,20.240813482705235,18.428105354309082
6034,185.16844163949716,0.10673756512644347,20.318405347878183,26.35227680206299
6035,185.3867572231022,0.10678130058629014,20.3552212943994,22.361603260040283
6036,184.61288965087118,0.10691719128413094,20.291669081455407,11.581947803497314
6037,184.3767607543625,0.10696603179364987,20.278752390640854,12.143835067749023
6038,183.63299314681885,0.10716909874844065,20.225964866734444,10.64765453338623
6039,184.56666321535067,0.107036035919801,20.2937052180671,27.628122329711914
6040,185.43099658319719,0.10696198552370262,20.370768165886428,25.752166271209717
6041,183.9266866173652,0.10703522281132273,20.217060484227563,3.1613106727600098
6042,182.72741975119152,0.1072148705832095,20.104889879385286,6.899428367614746
6043,183.9401455536796,0.10703087977211424,20.183840980591434,30.436485528945923
6044,183.8007440981428,0.10701939450380486,20.17200257078552,18.222824573516846
6045,183.62273665716134,0.10709377887201983,20.17028254507766,17.859829664230347
6046,184.9565092905897,0.10690612184039743,20.258579719626884,29.948359727859497
6047,186.84694419768383,0.10661246169151217,20.355993922430613,40.20974850654602
6048,186.408474755707,0.10666521819347817,20.32243398320631,15.384031534194946
6049,186.13439000814995,0.10673064148324149,20.30920964337425,14.77366590499878
6050,186.56304610806845,0.10675503812517763,20.366117546940508,22.9000244140625
6051,185.83741564698775,0.10691555791936444,20.3124563714711,12.310688495635986
6052,185.37904149051786,0.10727497376874223,20.31933180775639,15.047982931137085
6053,184.91525107561267,0.10728136072170229,20.27613848967883,14.807127952575684
6054,184.66609856485653,0.10733354711448527,20.26337710478204,17.171923875808716
6055,183.65943757920797,0.10733164021476899,20.16074333373422,9.04047441482544
6056,182.4428432034159,0.10754864639326646,20.049135900396877,6.662457704544067
6057,183.10841477138175,0.10739685470845026,20.088644541392906,26.711637496948242
6058,183.73733062366793,0.10733914632396739,20.14775809597898,26.44819974899292
6059,184.37995731743123,0.10719317421556643,20.186280515019188,24.271461963653564
6060,184.0961577442569,0.10714688349905178,20.154417709868998,14.499907970428467
6061,182.59519616681433,0.10784012054641422,20.02287353277031,3.6142477989196777
6062,183.2892442051462,0.10783314791237865,20.102644797442608,22.494115829467773
6063,181.81635176309473,0.10786592754436597,19.95161834946818,2.124717950820923
6064,182.1781882454638,0.10770469946158286,19.962102165973498,20.754695415496826
6065,182.96640636300916,0.10777707775432335,20.072481144313763,23.63440752029419
6066,182.41674229937905,0.10787118197678013,20.031756332870625,13.706114768981934
6067,182.29257487638526,0.10779247015701232,20.01143876954192,16.155070781707764
6068,181.6096491276214,0.10794261563088078,19.9613243818465,10.122448444366455
6069,181.29355263634517,0.10799652280790531,19.941711138028033,16.10515809059143
6070,180.9306171099817,0.10795104033844694,19.902294026647752,15.590189218521118
6071,181.22131093888189,0.10782391088744342,19.913271086381275,22.535204648971558
6072,181.58909782949308,0.10784658920976165,19.96413837551746,23.37351894378662
6073,180.46320685119815,0.1079275436075191,19.854496991762286,7.373189926147461
6074,179.7685747826862,0.10819961952279526,19.815952021844662,11.977166652679443
6075,181.7208890348593,0.10791762332756731,19.927792501626215,34.426042795181274
6076,181.40368014451073,0.10823844709429163,19.948514576609952,16.0522038936615
6077,180.32964334306564,0.10837227883956493,19.849029430843853,7.954159259796143
6078,178.61634690963498,0.10728855605116928,19.660539136535416,0.9799973964691162
6079,179.01018344053864,0.10736245948148329,19.72393374517006,21.531543254852295
6080,179.67008160613324,0.10718679407034193,19.75669440771836,24.046857833862305
6081,180.5033807900719,0.10702747365815561,19.809127463641175,26.0428364276886
6082,180.6883469821712,0.10706272655976501,19.841036189004765,15.779848575592041
6083,179.0914635123495,0.10789686119892927,19.692625827114718,1.4387636184692383
6084,181.010548877226,0.10768042627966236,19.825699568843568,38.809905767440796
6085,179.79044338845375,0.10795955422025558,19.717442573155132,3.793184757232666
6086,179.57253895456924,0.10795590804514162,19.700268147423582,14.502453088760376
6087,180.66681356502355,0.10791441124842722,19.813265465949346,30.92897915840149
6088,179.4301454293733,0.10788789871489032,19.685132811289854,6.0982346534729
6089,178.7158439750796,0.10792013083885252,19.618281483176954,11.531877279281616
6090,179.4486855353288,0.10779331048284495,19.672098668345186,27.173222541809082
6091,181.1341986799755,0.10766365324008546,19.815377681661733,34.99022698402405
6092,181.27285669317573,0.10756137568204359,19.817223904845115,20.98982048034668
6093,180.54012812624399,0.10759687303633425,19.749051665796664,11.648725271224976
6094,181.73472684498154,0.1075209043059709,19.861561149138694,31.389128923416138
6095,181.1473795765317,0.10774650827104126,19.83294553764731,12.087522506713867
6096,181.7959057807664,0.10772595375743654,19.904616082270834,26.30423665046692
6097,181.63794672295873,0.1078535134969706,19.915569921448128,15.61754298210144
6098,181.45156725572915,0.10781792314727696,19.896414222233645,15.33664608001709
6099,180.43705158317186,0.1083647439158042,19.83745008001131,7.413456678390503
6100,180.07268106734014,0.10839220758775726,19.809075579211196,14.18621826171875
6101,181.60195425666674,0.10814912635272053,19.900984823419083,31.937337636947632
6102,181.82593471410007,0.1080970468538992,19.92197497518489,21.97658681869507
6103,182.02767536695907,0.10820419519724139,19.972755225433044,18.563862085342407
6104,180.59739861328947,0.10866061478373053,19.843027673178714,3.2834198474884033
6105,180.76142462715657,0.10863999848360896,19.864597396446925,19.117873668670654
6106,181.053810380885,0.10864883659401096,19.905951422482453,22.58416485786438
6107,182.55327227707616,0.10843848115858445,20.00689190825763,32.250226974487305
6108,183.6177395543054,0.10825375032623737,20.076822989175053,28.259633779525757
6109,184.23156215876233,0.1081916209862403,20.136054759283304,24.62575602531433
6110,184.8892465371747,0.1080297047763779,20.17469421169047,23.3053297996521
6111,186.00035407180295,0.10782778610699251,20.242947269573563,31.567912101745605
6112,185.19035053108493,0.10789236538877972,20.170517796877824,9.286997079849243
6113,186.4284470257741,0.10775195306175277,20.268812618909045,33.23053812980652
6114,186.75416255551636,0.10763333764072427,20.286124492719953,23.510162115097046
6115,186.2366209299612,0.10759404130135407,20.233263247792753,12.290189981460571
6116,185.54425472066157,0.10780015217039181,20.190930615314826,12.476191759109497
6117,184.87881217345495,0.10815072207725931,20.16902130916168,12.754834651947021
6118,183.9600240517204,0.10814448367369102,20.07733109607006,9.921862363815308
6119,182.89042381120322,0.10810199987591514,19.96655778510936,6.560783624649048
6120,183.1115195730912,0.10814293109666819,20.006892207258264,19.888025045394897
6121,183.05040437736028,0.10813494811338513,20.006823285185682,17.510380506515503
6122,182.24990033358668,0.1082186471759406,19.936755052333822,7.4201819896698
6123,181.8774013302508,0.10810197794556049,19.887387501810483,14.882235527038574
6124,181.54862731694828,0.10802766957550086,19.84851362679238,16.022032260894775
6125,180.3631410437788,0.10821723414958712,19.740028490524455,5.524240016937256
6126,181.009509633341,0.10811465364482595,19.79262820561921,25.50395131111145
6127,180.7194145370076,0.10828350710837768,19.794701923563018,16.259766340255737
6128,181.77222039163752,0.10807479791141977,19.85675490432739,26.27138328552246
6129,182.76449818772113,0.10791931683622016,19.928187355284113,28.185601949691772
6130,183.96685320584393,0.10773121277676885,20.008905481731272,30.880234956741333
6131,185.41718467378547,0.10759614988912274,20.12881642691396,32.860607624053955
6132,184.2430128270476,0.10754960015493738,20.00752826264482,5.508287668228149
6133,184.38058269877712,0.1075852152644991,20.037452980018372,19.017791032791138
6134,184.59677687178936,0.10762586796622303,20.07707845021819,20.42555570602417
6135,186.18080910307148,0.10730762677927218,20.146307665716005,32.75652503967285
6136,186.29900101204075,0.10734566162259056,20.174844589058846,19.333125591278076
6137,185.92601100192036,0.10761448688555929,20.18309614316826,15.351078033447266
6138,185.02675089190117,0.10758000868337035,20.091265181736578,6.51784086227417
6139,184.62648338298214,0.10781455342412286,20.090352529919212,15.549409627914429
6140,183.66021854915232,0.10821368061715436,20.02944900462002,9.394711256027222
6141,184.77361636366078,0.10818239126860994,20.14915451457382,29.638976573944092
6142,184.7258802000242,0.1082672340225905,20.16766296942808,17.291637659072876
6143,185.13862139802393,0.10815801300979822,20.1959863397338,23.297412633895874
6144,185.5872351840437,0.10803295461883067,20.224026476336462,19.844343900680542
6145,184.86136283220324,0.1081915631257397,20.171786211573096,12.141776084899902
6146,185.41274920388122,0.10819298082781564,20.240068349457363,23.601722240447998
6147,186.34862171184238,0.10815047754283497,20.33766766596279,27.761879205703735
6148,185.82513549472395,0.10826300261815287,20.304290989303166,13.257560968399048
6149,186.0868841397767,0.10831244806366945,20.351248079410134,21.700923442840576
6150,185.58601529837895,0.10855285299479746,20.33773559861603,12.104350090026855
6151,184.11015514539517,0.10904627183327054,20.204358242629873,2.375828981399536
6152,185.9290535939412,0.1089120932679433,20.362314660203573,35.47076368331909
6153,185.9197630580018,0.1088499993622909,20.358691513601535,17.791094064712524
6154,185.0205654274218,0.10901149936866798,20.28510459846552,9.245133399963379
6155,184.19035977314758,0.1090978549632166,20.212253552480863,9.866535186767578
6156,184.9684561754161,0.10888473900900428,20.250131016956054,26.802542209625244
6157,186.38877161366193,0.10865216073206407,20.337629706786494,32.32840061187744
6158,187.08488389752532,0.10850313912474342,20.384253409718628,22.86867380142212
6159,187.45403505855006,0.10848953630492456,20.43041087562144,23.975457906723022
6160,187.62949470796457,0.10847781167358263,20.456106766865226,17.880168914794922
6161,187.58319976088492,0.10854057454045336,20.47154569919657,17.746381998062134
6162,189.36736776327606,0.10827484092619637,20.576830242204604,32.989556074142456
6163,188.7436940856433,0.10805823424921787,20.491061939782558,13.66214108467102
6164,188.36625714478686,0.10810347972129522,20.466151320384732,16.156458616256714
6165,189.11259457333898,0.10785894682522294,20.491489807180884,26.355124711990356
6166,188.6614686276056,0.10809980180141515,20.486574909109073,15.527350425720215
6167,187.95485394132953,0.10854422751221456,20.471709160017983,12.635951042175293
6168,187.29530540191624,0.10868829343381371,20.426992068417803,13.035722494125366
6169,187.20235234789706,0.10872500600509356,20.432722147733624,17.05315637588501
6170,187.5603288244181,0.10871398912889912,20.47839492625629,23.939549446105957
6171,188.55472553617392,0.10863730219928261,20.573610976993727,28.81278657913208
6172,189.4391782808122,0.10848955733613455,20.63787486722379,29.596794605255127
6173,190.03478649800408,0.10844883846960052,20.70149611855155,26.70202088356018
6174,188.67443863302404,0.108845831566386,20.584481157366035,5.776760578155518
6175,188.2976942466938,0.1090156513964175,20.578636345792376,16.200328588485718
6176,187.90471730422686,0.10906643447976877,20.55284998233445,14.12717056274414
6177,187.7756701311846,0.10906148442068536,20.547321482511105,18.7825665473938
6178,188.19791342987276,0.1091013043590872,20.611848267685993,21.7772319316864
6179,187.71593429557404,0.1090817198869249,20.565729785009133,11.557664155960083
6180,187.13877495261832,0.10899090268805565,20.50007248715904,14.016911506652832
6181,185.93738720309213,0.10909502351192137,20.38507176228745,7.232204914093018
6182,186.7380133310612,0.1089439229008623,20.441221044664577,28.485301971435547
6183,187.89063319775062,0.10881474857251593,20.536808834217933,30.209662675857544
6184,187.56172686577312,0.10895240753840367,20.531440745875752,16.701314687728882
6185,189.4361095971154,0.1086895501296863,20.646126338416995,36.46114158630371
6186,188.85174850114424,0.10867135691846577,20.589665075032823,11.716300010681152
6187,189.3732310161328,0.10870497529948858,20.663768424282495,23.69913148880005
6188,189.18949870597146,0.10867055712544108,20.64713074003967,16.303359508514404
6189,190.59760371891176,0.10843233640267151,20.730659432639275,30.268983364105225
6190,191.49162768172266,0.1083480130386448,20.81335283831288,23.748360633850098
6191,191.34671140490545,0.10833797923594198,20.80521930992975,15.444607496261597
6192,191.46324429085638,0.10828908220220324,20.81716711683045,20.30886435508728
6193,190.73861184794782,0.10829862835497112,20.748995445662146,12.282109498977661
6194,190.55122572946834,0.10814587462956095,20.711505491205525,16.47158145904541
6195,191.01571347217367,0.10816146229676744,20.77439043629347,21.44822597503662
6196,191.72555633745193,0.10795771026921962,20.806646531930532,26.073989629745483
6197,193.4483007740774,0.10764736393575819,20.888580066611226,37.00325417518616
6198,192.82381776633665,0.10802127197578991,20.879694265945112,14.005226135253906
6199,193.21557958867328,0.10793243856637684,20.91089732328566,24.703664779663086
6200,192.96342379278656,0.10786501894261782,20.8817883500528,18.05132484436035
6201,193.28378955485869,0.10780859097541386,20.91297046655227,24.216809511184692
6202,193.76095165931008,0.10776784946399996,20.96384076188675,25.829948902130127
6203,195.00334214271697,0.10760212065489456,21.054202354267883,32.07325768470764
6204,195.2733087212898,0.10765222557447175,21.103660330725205,23.783879041671753
6205,194.5805756340769,0.10760744935047308,21.032623727417953,13.537328004837036
6206,193.7747698777361,0.10767172573416132,20.962297490143772,12.27764344215393
6207,192.84702217895872,0.1074860975857306,20.852674515242335,10.854180335998535
6208,193.18855195716915,0.10738039960546801,20.874147770089913,24.284120559692383
6209,193.02666643759747,0.10738004193709695,20.86540629238901,17.618064641952515
6210,191.66639977322149,0.10753431169316457,20.736752229465118,6.124374151229858
6211,193.57973577548927,0.10721614873289088,20.82938470717047,34.70227646827698
6212,194.17393841773438,0.10740880937994932,20.951090860098763,27.20364022254944
6213,194.75219903355705,0.10740614985757839,21.021579951497777,25.270293951034546
6214,194.8546770432215,0.1074540395785148,21.0513641519828,19.716482162475586
6215,195.84613027278928,0.10736589374055278,21.140850510462972,30.117780923843384
6216,196.66766897006138,0.10733540027077314,21.229442005358344,26.515326499938965
6217,195.81099228036078,0.10761339761941675,21.17714758530476,11.26718783378601
6218,195.22288235755718,0.10763215415417149,21.12537610945171,14.637776374816895
6219,195.5406535339816,0.1075690484716606,21.15412234835719,22.34519124031067
6220,195.9452469986418,0.10751030713948637,21.19258112487362,25.458115339279175
6221,197.61579452865539,0.10739939139591519,21.340655313624882,36.88705277442932
6222,198.00963658336883,0.10729586161697713,21.367248760488632,25.539918899536133
6223,198.71954021753513,0.10704074686697837,21.383576272883747,26.850805282592773
6224,199.63234481535977,0.10690137388106721,21.44974051015491,31.14450478553772
6225,200.0660213672062,0.10673770993649523,21.46524310505336,25.99756646156311
6226,199.01536115353412,0.10693349073186711,21.380590674002825,8.027420282363892
6227,199.0152075419988,0.10707018597530221,21.416784767262797,19.177783489227295
6228,198.35505546657882,0.10712730366442137,21.36261691959017,11.065975904464722
6229,197.97150491191303,0.10730603062777716,21.35899075039427,15.328794240951538
6230,198.5117898627939,0.10730439889292796,21.42540084289033,24.345784187316895
6231,197.35667196416597,0.10743617418110711,21.321146834461427,6.726501226425171
6232,197.6931052445243,0.107314193391677,21.337935366116813,22.746522665023804
6233,198.47617419207904,0.10718308044326746,21.394556012455645,27.348653554916382
6234,198.43141245015823,0.10714217747388634,21.39061045233109,18.214114665985107
6235,198.78709832565664,0.10735280698119876,21.486704347807777,23.46808958053589
6236,196.96922734240007,0.10745574949962206,21.3018373043297,1.8289594650268555
6237,197.55953506897606,0.10751400450462582,21.3888189312864,25.273112773895264
6238,198.4939397182863,0.1074697922946311,21.484930741973535,29.066402673721313
6239,197.52900032110344,0.10766960417560636,21.4100814345538,8.727275848388672
6240,197.3437103178924,0.1077102265696045,21.40598062020826,17.308627367019653
6241,196.78027321471347,0.1076969540911425,21.351920814006178,9.00106167793274
6242,196.87247048256634,0.10768794571527962,21.368401605866115,19.062175989151
6243,197.3937457777407,0.10757492167981357,21.404717589807454,25.994208574295044
6244,198.0098083199633,0.10750303346687644,21.46067041390938,26.36288809776306
6245,200.17971023676367,0.10719908746955707,21.576063709770285,44.59547805786133
6246,199.50791313439603,0.10755566802343293,21.560303072672582,14.271382808685303
6247,199.71283400305205,0.10738920225228951,21.554700041945857,19.660006761550903
6248,199.03570566302153,0.10752743144188782,21.5091530415264,14.219872236251831
6249,198.87534860639133,0.10749040849358917,21.494061511111134,17.555877685546875
6250,199.3365951203274,0.10739509624538797,21.529120896000023,24.108566522598267
6251,199.4232291691241,0.10737883759062639,21.543829687040024,20.413529634475708
6252,199.76899687743287,0.10733069024036114,21.578391390169624,23.05963945388794
6253,199.54130690865856,0.1073873268407824,21.57260747626793,16.763582944869995
6254,198.90589383957197,0.10748992416060986,21.526881401505253,12.832394123077393
6255,199.64683490117625,0.10747729598127483,21.6116125874902,25.232982635498047
6256,199.3903665521645,0.10737953451571496,21.575496461615298,18.70685315132141
6257,199.98646288664284,0.10738682025163888,21.649741496999145,26.078438758850098
6258,200.83659825777642,0.10722523275087689,21.70324408202915,28.752928733825684
6259,201.29823227519864,0.10716512617235598,21.746211641208863,24.51245665550232
6260,200.97524995244666,0.10709939207039572,21.708749524796772,16.413358211517334
6261,199.50549745292219,0.10695432407561768,21.551662029548805,5.816055059432983
6262,200.42044247839297,0.10695007293108144,21.656145409253316,25.077213764190674
6263,199.75623805360905,0.10722385578386018,21.629583955160783,12.201199054718018
6264,199.11867567307297,0.10762220546131569,21.623288115609174,14.323764085769653
6265,199.93748891634223,0.10754242468784132,21.69705523445308,26.27211856842041
6266,198.45811402717882,0.10742853890250137,21.54008468210855,5.588183164596558
6267,198.03353288690704,0.10776450992373277,21.554683835287463,16.72763752937317
6268,196.93319755803796,0.10782322846085907,21.449136996934588,5.395110845565796
6269,195.87386558245757,0.10817356760482191,21.374645626965243,9.59920048713684
6270,195.89512692663297,0.10810193293887471,21.37089917069559,19.60627579689026
6271,196.47617565736664,0.10800516557798989,21.417190178988637,26.831607818603516
6272,195.71141390079296,0.10817511392220999,21.36301827719875,11.050295114517212
6273,194.37429976178504,0.10838368536363306,21.239388094426765,6.630193710327148
6274,194.1205567641672,0.10830576566976004,21.206994213482496,15.852816343307495
6275,194.01935119652552,0.10803792540436678,21.15492427134767,19.637707948684692
6276,192.90915768456028,0.10828284735514239,21.063375028634194,8.865156888961792
6277,193.1000661077147,0.10823775473064756,21.082741278347854,19.275470972061157
6278,191.82906544663754,0.10821598324394716,20.95191386556437,7.087719440460205
6279,192.97077479217117,0.10808153582980833,21.04239472690873,31.19083333015442
6280,192.95106704424944,0.1079431288484736,21.02197077963964,18.108094692230225
6281,193.86155637380696,0.10781440178534096,21.091751071843245,30.53282117843628
6282,193.7129408100689,0.10790944212502944,21.100833561124812,16.931084156036377
6283,193.49581140196818,0.10793499886656983,21.089825225513565,18.57864499092102
6284,194.7008532879485,0.10768367435561114,21.14892697325843,27.463051557540894
6285,195.243844755069,0.10785181753173374,21.257437703525845,23.71010661125183
6286,194.78140630751832,0.1080484671416513,21.244863326490584,13.705122709274292
6287,195.81359224444313,0.10787402273869116,21.31241469322568,29.755080938339233
6288,196.9254563219987,0.1078702010780795,21.439290546293424,32.82916522026062
6289,196.29620175877872,0.10806015578371661,21.40489764083049,14.362083673477173
6290,196.47323974119092,0.10819450749690748,21.460848664422187,20.79039192199707
6291,197.918507343779,0.10813895538381524,21.606240177777963,34.61714506149292
6292,197.0993222703412,0.10835066927825295,21.550177776000183,8.60195541381836
6293,197.07832904763777,0.10839536771367556,21.56467599824018,20.83085346221924
6294,196.75754575716138,0.10840232312744788,21.53902923825778,17.805051565170288
6295,196.92997029958974,0.10825287933542574,21.5336389458752,20.888312816619873
6296,197.67067059659385,0.10798215866015266,21.54830255641645,29.11999535560608
6297,197.21396389062792,0.10808654759986693,21.522819530852285,11.861735105514526
6298,196.06182425172165,0.10810324309947801,21.407591335543763,8.759456396102905
6299,195.21120600920443,0.10810329174956432,21.323515422188326,9.626342535018921
6300,194.3490939491124,0.10830666250179344,21.26028026796644,10.495381832122803
6301,193.2356030096213,0.10866937900930562,21.177677465286774,5.885934591293335
6302,194.02324697952508,0.10857533227803609,21.245900690633906,29.25578546524048
6303,192.8730145097298,0.10850223718310383,21.123441683727567,8.425127267837524
6304,195.0842843646325,0.1081418524924322,21.22220726689029,40.49233031272888
6305,194.5634415209862,0.1083891052961792,21.209985194221385,15.375504493713379
6306,195.01780710577634,0.10834688090988408,21.257885342279174,25.622943878173828
6307,195.97762903471857,0.10839743271934194,21.385306488856383,31.304479122161865
6308,196.7878527443714,0.10828818763402577,21.45145342396782,27.54501461982727
6309,197.3199742169277,0.10808530575768552,21.46693888972814,21.75606870651245
6310,196.77677447475844,0.10819326388891985,21.43226950083086,14.203149795532227
6311,197.76900673001086,0.10812484476354417,21.52794680582255,29.92466926574707
6312,197.61131666271075,0.10814249741480982,21.522667337764325,17.78681206703186
6313,198.91520349608365,0.10806717000163733,21.647440664386682,26.995030164718628
6314,200.20605146112283,0.10793162025284048,21.750966257742814,27.98027515411377
6315,199.0639909465116,0.10813137381775392,21.653456595165387,6.451111316680908
6316,198.10335103704648,0.10850637075918804,21.596922029213733,11.045888185501099
6317,197.572317526676,0.10866268636194099,21.570952808921596,13.479507446289062
6318,197.88659435140923,0.1086240944328194,21.60524328083238,22.387344360351562
6319,197.65772840789515,0.10850928205991976,21.569190848024054,18.68772029876709
6320,197.57115112381618,0.10842948024461158,21.55349893954381,20.16419553756714
6321,198.00543961257802,0.10825804851270487,21.567963950148375,23.702991724014282
6322,197.27538521645224,0.10837546802757783,21.51228431064689,11.70270586013794
6323,197.55263136428772,0.10835838001396872,21.547161467540423,19.54593253135681
6324,197.62710505064484,0.10829918645773147,21.551689852865017,19.406407356262207
6325,198.1508340001384,0.10817619459315415,21.586172954336366,25.37632155418396
6326,197.389325660137,0.10816000641771442,21.510311224793004,13.06255292892456
6327,197.99543240353563,0.10812491798144425,21.575208112545074,25.646002054214478
6328,196.25547807950028,0.10871033546829646,21.409456031419623,2.6114954948425293
6329,196.43292329870525,0.10855781155286583,21.405361471105426,22.975183486938477
6330,197.1585940657182,0.10855030035183531,21.49130785639437,28.801014184951782
6331,196.48700812506104,0.1090032588867785,21.48639477783043,13.93890118598938
6332,196.74213804381043,0.10894926233394675,21.511530830052124,21.75921130180359
6333,197.33471666337232,0.10875820721060728,21.5364155217516,27.601468324661255
6334,198.3913694967386,0.10862772084807217,21.621051366534086,28.010174989700317
6335,197.53745580177122,0.10886887726791002,21.564840852868745,12.16644835472107
6336,199.0720812437535,0.10869186940691182,21.679192444340057,35.45056438446045
6337,199.06136043131596,0.10871606182395381,21.692400519896655,16.68606925010681
6338,197.1907468270028,0.10846223453904762,21.49547651469769,1.2853574752807617
6339,197.38883935873278,0.10843752002775853,21.52052174955071,23.314610481262207
6340,195.63495096514546,0.1087167811911173,21.3453165320552,2.343268394470215
6341,195.28860145549402,0.10887184940405084,21.34186336673465,15.324539184570312
6342,195.39571544093909,0.1087540046964181,21.338444733067305,22.142491340637207
6343,195.7017582865297,0.10890540270255127,21.415060285736633,22.256247758865356
6344,194.5347407036644,0.10908217146033589,21.310909682879267,7.3734705448150635
6345,194.61939329662775,0.10907509358809707,21.327800586050476,18.406957149505615
6346,195.48319936366147,0.10898078393335489,21.40452258018997,28.19188356399536
6347,195.75836737002484,0.10905689537653256,21.46047735438807,22.601037979125977
6348,195.1407836963246,0.10916035627351349,21.41587258084419,13.544159173965454
6349,197.12937585936135,0.10895707758387481,21.561713855035748,42.25652503967285
6350,196.08808210076774,0.10894277562524035,21.45609671648539,9.935029029846191
6351,196.17720127976006,0.10902407957630503,21.491535749320537,20.033233404159546
6352,195.15542926696244,0.10899766856777603,21.386620391827332,10.180093765258789
6353,195.37387497429282,0.10882935086827339,21.38275418790906,21.592233657836914
6354,193.9101362245499,0.10896554715550902,21.23892664602997,3.4608702659606934
6355,195.5810348623044,0.10870691661470185,21.33653737956967,36.43113160133362
6356,194.74522451368136,0.10860199030569768,21.243172005773975,11.963636636734009
6357,192.89777226854454,0.1095159704026407,21.060740285716236,1.0705349445343018
6358,193.5787945458591,0.10934035092849935,21.10013288285907,24.145562410354614
6359,193.7530066004005,0.10933699481257929,21.12913155403048,22.543536901474
6360,193.1554765343965,0.1095122815808714,21.097840238490175,14.40132999420166
6361,192.97392176905254,0.10950287305077697,21.08686183610527,14.522520065307617
6362,193.364182551362,0.10944232707888987,21.125993217744217,24.789790391921997
6363,194.50054072584837,0.10922738263546253,21.194733285566777,31.166750192642212
6364,193.42553531858988,0.10916959156772858,21.08278595271111,7.279296636581421
6365,192.63127996540396,0.10913052723099867,21.001958093183998,12.253286361694336
6366,194.97496716574994,0.10878863647859502,21.121938512252157,41.62006998062134
6367,196.39521749409244,0.1084722634669248,21.180719127129635,31.465089559555054
6368,197.46126531915152,0.10837763984215655,21.278911935858336,28.373557806015015
6369,197.24665266596,0.10843022708009861,21.276122816499754,18.809890508651733
6370,197.01418613930042,0.10843787883228613,21.263361588334757,14.421993732452393
6371,197.6740442779074,0.10822802475879216,21.290727972451407,23.493022918701172
6372,198.6973038351283,0.10814574451120423,21.38782069272689,26.547714710235596
6373,200.250330796777,0.10788349610564021,21.473942485799622,35.753201961517334
6374,201.09782748880923,0.1076467664077417,21.509203060941626,28.389941453933716
6375,201.31684921392113,0.10760168887819344,21.53411103033221,24.138784885406494
6376,200.2536807217819,0.10768356672625361,21.43876992002889,10.179163217544556
6377,199.8711439145641,0.10771784217010218,21.414382220828603,15.40048098564148
6378,198.83243247541847,0.10799483041506783,21.34023839862032,10.471335172653198
6379,198.31410815066428,0.10807134469595117,21.306836014634115,15.819382667541504
6380,198.36096706915765,0.1079758529238685,21.303767654487775,21.745030641555786
6381,199.54735739846606,0.10781092089305254,21.390729977942897,33.933847427368164
6382,200.5718838244814,0.10769307658478428,21.47682267816347,32.37365937232971
6383,200.7161649862366,0.10773242488870387,21.512054451381832,18.933218240737915
6384,198.76900333637425,0.10665510063981683,21.306933906868014,0.6300528049468994
6385,200.14131330301052,0.1064814067762758,21.40386456779933,33.85013699531555
6386,200.3999001699804,0.10647853961116789,21.439825922121337,24.235986471176147
6387,200.22590116828061,0.10645200558117643,21.425427662900123,19.54413604736328
6388,201.7136421565978,0.10644765744513543,21.59117338627112,35.39940094947815
6389,201.79650573503181,0.1066212761087793,21.645261652408408,22.556604146957397
6390,201.6485406776815,0.10667805800009793,21.648809035884323,17.642504692077637
6391,201.1520552709047,0.10672969847272852,21.61232094552548,12.296635627746582
6392,202.21053471819565,0.10663960018506964,21.706197736070223,32.932554483413696
6393,202.82842937101367,0.10648229509230986,21.73913575870952,24.49738883972168
6394,201.83014507730354,0.10658252068507608,21.65174440112242,11.024100065231323
6395,202.64184362653052,0.10636475201532779,21.685226957111198,30.337538719177246
6396,203.1454251902652,0.10644734955446304,21.768374687540085,25.008752584457397
6397,201.28397093836253,0.10597111135303607,21.570690940664683,1.8253695964813232
6398,202.2911312289789,0.10573921480904214,21.614984031258036,30.54926896095276
6399,200.94821991668914,0.10600535207271643,21.498834190945455,7.247652053833008
6400,199.91873771752225,0.10616978834790763,21.413845849036,10.503732204437256
6401,199.29955034034703,0.10626751075428363,21.369707390545642,14.73218822479248
6402,198.12655483694354,0.10642434784186275,21.266010316640184,8.804674625396729
6403,197.8852892885741,0.10650952965080043,21.26335021347378,16.579052925109863
6404,197.37643639568836,0.10660089693932645,21.230716711339042,13.817218780517578
6405,196.39267203173148,0.10684801928306449,21.158409544225652,9.326260566711426
6406,196.51874531141416,0.10678432377922906,21.166825448783396,21.615476608276367
6407,197.13355785830004,0.10653043402980887,21.17515719429556,23.723963737487793
6408,197.54222227971704,0.10651554985757801,21.223405622352608,25.570257425308228
6409,197.09680005691988,0.10682294337861008,21.23117156612908,16.31135129928589
6410,196.60583205635066,0.10710606529617532,21.228859850467792,15.83706521987915
6411,195.82977373578714,0.10729550884489424,21.176571251963114,10.657234191894531
6412,196.2314759984293,0.10736662155305546,21.244805539443483,23.35555148124695
6413,196.149161238445,0.10730359363539725,21.232357484049047,20.16345191001892
6414,195.31766962606054,0.10755799132736187,21.180033909208557,12.124633550643921
6415,194.17449292979992,0.10759352252519935,21.068233570116472,8.697145700454712
6416,194.26274800050192,0.10765059222605573,21.097551234415306,21.682065725326538
6417,194.46012052049687,0.10774231060286059,21.146575722071155,20.672613620758057
6418,195.3255193152919,0.10759015440074657,21.205109964850443,27.85226035118103
6419,194.22226412213897,0.10769072344497439,21.103058865201938,9.108838319778442
6420,194.9600414809176,0.10769590576276346,21.19202827654992,26.66772198677063
6421,195.28044106610844,0.10763216256416665,21.220107993784417,22.03177309036255
6422,195.44763665544735,0.10764074659890234,21.24790691384657,20.56290578842163
6423,193.69316028889287,0.10756433913291331,21.065427844708104,2.1383564472198486
6424,192.10622868600393,0.10706012431301275,20.884773566261025,3.824397325515747
6425,192.5651663991439,0.10687187601105909,20.89592583059841,23.539252042770386
6426,193.67951473515245,0.10675710461936955,20.986966572292427,32.47907519340515
6427,193.54271958780095,0.10668953357317586,20.967096906569505,19.308637380599976
6428,195.62729239192294,0.10646840938172271,21.107425937503812,38.71434259414673
6429,196.12101946800368,0.10646494977770139,21.166351678128773,26.207324743270874
6430,196.06980927332364,0.10639506467783014,21.154688161347483,18.290969133377075
6431,196.40911118059043,0.10646154881366053,21.213141279734007,22.533586978912354
6432,197.90502006878452,0.10623508361454127,21.301009866936667,34.95646953582764
6433,198.90596986809666,0.10621300123477169,21.4079997682673,27.550736665725708
6434,199.9369101694157,0.1062104738714306,21.523919770584623,32.4016752243042
6435,198.88754106772154,0.10651679018534786,21.44868057287878,10.200047254562378
6436,196.9686656570443,0.10545162228349439,21.24419376714999,0.7445864677429199
6437,196.76897900047388,0.10547055238834306,21.23175182947849,17.03129553794861
6438,196.69128921046914,0.1054740479226607,21.229434311183706,15.952613115310669
6439,195.75437631836445,0.10577853074440498,21.16713996807187,10.554906845092773
6440,195.5468325551808,0.10592074543696094,21.17546856839115,16.09146547317505
6441,195.241364229629,0.10619487131592467,21.19371388270724,16.61439347267151
6442,194.39895058733273,0.10648427395411678,21.14177674388017,11.870359420776367
6443,194.4549610814594,0.1064694312145756,21.150358976441364,19.349118947982788
6444,193.91041147064482,0.10647616547385841,21.09885538667695,14.979771137237549
6445,194.40130735593837,0.10639905814010749,21.13786683281018,24.039808988571167
6446,195.607294282379,0.10600173422537307,21.146488164482076,31.3851056098938
6447,195.3812213395552,0.10621339318369737,21.165023282837254,18.53997230529785
6448,193.57740912615964,0.10648459258519373,20.983373050008883,1.6023757457733154
6449,192.74163503489802,0.10660156484115998,20.913539319508793,11.839359283447266
6450,193.78421868454905,0.10651198016917936,21.004403926313707,28.91460943222046
6451,193.33637649770355,0.10672202815272246,20.994359887050567,14.564759254455566
6452,193.26301273272654,0.10683760357011997,21.014416288180062,18.70467257499695
6453,193.77038260539928,0.10675283409179581,21.05427212529826,21.61347007751465
6454,194.27267877934528,0.10683284673448441,21.13372940404528,23.994569778442383
6455,193.85995199155184,0.10687562937825067,21.102392110004825,16.159369945526123
6456,192.9813524716363,0.1072219674240908,21.051368188904778,9.68793773651123
6457,191.61153894691995,0.1073997477498499,20.92085450701573,3.946472406387329
6458,193.27542355745075,0.10713580613827317,21.01164596194557,38.25118446350098
6459,194.05266932187624,0.10709765840899377,21.091529502326114,25.08395218849182
6460,193.27214262865746,0.10731978527317969,21.040614207302852,10.295568227767944
6461,195.7994212023709,0.10698649773434923,21.170208065229822,45.69782471656799
6462,196.91142699034717,0.10695897803387872,21.288505984577522,33.098803758621216
6463,197.69231272044368,0.10690757007172175,21.365620924731747,27.299253225326538
6464,199.01538959323926,0.10668697921948937,21.441964715484428,35.59242796897888
6465,198.17523569730687,0.10666358768816404,21.357545068329582,12.329265356063843
6466,199.03348334033382,0.10651244476902888,21.413969617646284,26.389411449432373
6467,199.83314850693046,0.10652258913854289,21.50982992146982,27.926897764205933
6468,200.38481702186115,0.10651618677656922,21.574731622255122,21.82262659072876
6469,201.19096885164254,0.10641187900133023,21.638984306032572,30.08318066596985
6470,201.7790591631261,0.10634776021131692,21.692594462972245,27.84722089767456
6471,200.08126857149483,0.10590928260920375,21.505668518342524,3.4052443504333496
6472,199.74045588577988,0.1059345271325093,21.4806118331591,17.79654359817505
6473,200.5830513269221,0.10579067481893069,21.535805714827507,30.459460735321045
6474,202.51722081365287,0.10557033152251802,21.66044765767923,40.14779877662659
6475,201.42204860551635,0.10602000455137886,21.593843181102436,9.984059810638428
6476,199.94782811946118,0.105885730431791,21.43790474929141,5.098361492156982
6477,200.41834983826655,0.10591999053637997,21.503525701798495,23.00205087661743
6478,201.2441663398839,0.10577951854621052,21.55849044478051,24.17660641670227
6479,200.54172467648505,0.10601943328441255,21.522905540332705,13.75394892692566
6480,201.48630742972017,0.1059083914939413,21.597676484929377,27.518558502197266
6481,201.55144435542297,0.10590699988669418,21.611699720080082,19.425241947174072
6482,202.17592991186874,0.10571914200903935,21.63558272287928,26.57410168647766
6483,203.58417061275006,0.10568235875221427,21.77922689565049,33.05150556564331
6484,202.42832890662254,0.10587553516469213,21.681434626693985,9.516639232635498
6485,202.7540456175563,0.10600826917474733,21.754620280427044,22.811248779296875
6486,204.30650516138076,0.10575824234892164,21.837074077622773,36.15710210800171
6487,205.98344010976695,0.10558775669962597,21.958703336846547,37.70598816871643
6488,206.33360570866927,0.10552772975503634,21.98911630347808,19.461159706115723
6489,206.04026965158258,0.10582838466087581,22.0192251404433,19.04527235031128
6490,206.20986695506673,0.10589117704745091,22.059032889038868,24.028181791305542
6491,204.97776828551608,0.10591660262637398,21.93844256014848,7.089191436767578
6492,206.1179906026609,0.10576652750920115,22.019058134546995,31.695887088775635
6493,206.4568106966343,0.10566719556744247,22.038867553201523,21.14907455444336
6494,204.69224258966798,0.10561052361176805,21.85847887766951,3.223634958267212
6495,203.4653201637713,0.10553002813174793,21.729894088892813,8.795584678649902
6496,203.0406669621336,0.10546851667030623,21.682595148003887,17.236411571502686
6497,202.61026029251227,0.10553883150360316,21.65576919652385,17.215245246887207
6498,202.10415768958714,0.1055360747675145,21.609211504558612,14.882115602493286
6499,200.34311611269126,0.10524994478907013,21.423119389513026,2.8740248680114746
6500,199.30968495156435,0.10543455874324127,21.338888195617894,7.060074806213379
6501,200.7965881020487,0.10527101775351,21.445499313661717,36.17273283004761
6502,200.68862222102823,0.10532357073386964,21.4510443205251,20.606725454330444
6503,200.29173599881796,0.10526412384640671,21.40653387731985,17.352705001831055
6504,198.9688186388298,0.10553501201970734,21.29246853854665,7.407342910766602
6505,197.6991304524415,0.10572966189951027,21.179543853161185,7.775949239730835
6506,196.29213914791708,0.10572499685946254,21.037748414629572,6.119140148162842
6507,195.69921775643792,0.10583563010254675,20.997370930483278,14.765129089355469
6508,196.40222557887353,0.10567952944061902,21.037397221178445,23.103586673736572
6509,196.82820332308478,0.10558507724244715,21.06702324896666,22.302325963974
6510,196.03992128985394,0.10571566714798877,21.006353016476993,12.62819790840149
6511,195.1595220769554,0.10595480677280518,20.94628948631222,11.561957597732544
6512,194.28792685618586,0.10591377722359564,20.8568265914491,11.565898418426514
6513,194.015047587624,0.10593248376273694,20.83825832553461,15.905978202819824
6514,194.54489711174776,0.1058043330141784,20.869875742279262,25.944393157958984
6515,195.29944814063026,0.1056351785729255,20.91117698485647,27.273000955581665
6516,193.56645365922395,0.1059424631508326,20.742065215007905,2.3639028072357178
6517,191.90078912263172,0.10636452000080576,20.584644562857825,2.874858856201172
6518,191.6317812314054,0.10645238995231286,20.578798117229248,14.863715410232544
6519,190.93546341909135,0.10653540703639629,20.523010136056953,11.437327146530151
6520,189.56610878490042,0.10750709000306935,20.437780034696384,5.769843816757202
6521,190.81044769705142,0.1073874331157775,20.54340223434942,31.26626491546631
6522,191.0223432200809,0.10725695501103483,20.547968212005927,19.108211994171143
6523,190.3521197878801,0.10715212739640834,20.472488529885865,13.256381273269653
6524,189.7685985900013,0.10736848491032304,20.447763644587006,14.07450532913208
6525,189.78091260410127,0.10744663252195279,20.473286008141137,16.96147394180298
6526,191.26310347806026,0.10728932596004687,20.588553148059727,35.90707063674927
6527,190.20047244327964,0.10739290328868169,20.49266761657913,9.095553636550903
6528,190.93846771884682,0.10749321668003729,20.60774094041334,26.17594265937805
6529,189.66908304165835,0.10813703451323692,20.521663531009207,6.95022988319397
6530,190.54239221124178,0.10803039340998181,20.596446895699117,25.529983282089233
6531,190.35696828912936,0.10822915924332385,20.620482426742125,16.34468364715576
6532,190.57339860623807,0.10813743368862647,20.634277602474704,22.732805013656616
6533,191.54766462017568,0.10813244824062909,20.747934826449956,29.62782049179077
6534,192.4221879739739,0.10787549651807943,20.780455478185456,27.168668746948242
6535,191.49796609423416,0.10799674155289864,20.7026509234036,10.663719654083252
6536,192.9329864332918,0.10772274428662339,20.775624414169563,33.724151372909546
6537,191.4036565689589,0.10789551684375716,20.627868170027867,4.291186332702637
6538,190.6396200032693,0.10820786602314567,20.59158948832759,12.405878067016602
6539,189.5832238032366,0.10841990500997303,20.505673593444314,6.924889802932739
6540,187.77739156520423,0.1073357059598733,20.31061685750987,0.9689826965332031
6541,188.55961764955217,0.10720219852433471,20.36751068893477,28.579512357711792
6542,188.71402147305665,0.10715958830379724,20.38383558204542,22.07339644432068
6543,189.10688125832607,0.10722834329795225,20.449997226224966,24.328144311904907
6544,189.9958124457428,0.10712728288655546,20.525497253962715,23.445149660110474
6545,189.7058543212854,0.10711191067880792,20.500242281423088,17.24577522277832
6546,189.51879577807253,0.10721038221529469,20.505239858608856,18.29573678970337
6547,188.6336078202918,0.10732639720502293,20.43018746002277,10.763319253921509
6548,187.73727174208886,0.10726323424307371,20.335885585422538,10.6145498752594
6549,187.36989902466797,0.10744888004633833,20.33252672956831,16.17905330657959
6550,186.8962000344213,0.10737439124587494,20.279201462272628,15.0479736328125
6551,187.31723803407706,0.10730501414564327,20.3164094476499,24.491105318069458
6552,186.9640656537363,0.10748196400418683,20.3132453531734,16.294066190719604
6553,187.26442499719892,0.10737488629962882,20.330112899641666,21.386730194091797
6554,187.09178074722692,0.10741878449545607,20.326811770645246,18.29860234260559
6555,186.76086293975465,0.10751342781933268,20.313543652938794,14.223691701889038
6556,187.7632543103571,0.10741390329723692,20.400408216409406,30.898512840270996
6557,187.70562176725352,0.10721888514338543,20.366404134245315,19.383758544921875
6558,186.46856554958097,0.10692794629195157,20.22274009290286,6.842595815658569
6559,187.59387989408518,0.1068285664945839,20.320512691973832,29.89247465133667
6560,186.89794109514432,0.10694672150760416,20.267307565054093,11.759946584701538
6561,186.60896168419288,0.10720636821657875,20.28463448940355,15.827811241149902
6562,187.91287206735095,0.10701758529151074,20.371788144509516,32.108999490737915
6563,186.91374334667742,0.10697013671132291,20.268070263064423,9.54691767692566
6564,187.29460591321063,0.10696710201087634,20.31538956043378,22.114151000976562
6565,187.85165985407852,0.10684393304838073,20.35223566482944,24.057847023010254
6566,187.14314325553772,0.10714301508541829,20.318713308181145,12.502289295196533
6567,188.08171182298236,0.107103613404315,20.415526175099334,25.96795415878296
6568,189.37089470475252,0.10697894951001949,20.52137091334834,32.45653963088989
6569,189.787185757705,0.10686154096730024,20.546157204214854,22.507316827774048
6570,189.94931390012795,0.10700651779063695,20.600695632172705,18.815268516540527
6571,190.75982076112666,0.10696966294483391,20.68468867585098,27.209845066070557
6572,190.2822225535154,0.10701884743426669,20.64784178909247,15.373439311981201
6573,189.04940032798024,0.1071426888106703,20.531363371201547,7.2447850704193115
6574,188.85890632470043,0.10724773251079889,20.53604973748953,18.64046597480774
6575,189.00031726145343,0.10725899902805544,20.560689240114637,20.83892035484314
6576,188.9203140888389,0.10734663003225003,20.57508234771349,21.66713523864746
6577,189.6011109479505,0.10751829991869796,20.699331524236353,30.7390193939209
6578,189.295099838471,0.10744940622768709,20.66233820899399,19.153117895126343
6579,189.4921488400863,0.10728400307450113,20.65571482690405,25.083681106567383
6580,190.53722735168543,0.10709551678525273,20.719157678635007,34.054587841033936
6581,191.28185507816858,0.10689248614570208,20.751966101848655,30.855889081954956
6582,191.5890365273869,0.10685959732028111,20.784446440830166,25.59928870201111
6583,190.71314616211302,0.10675253980861675,20.686601976421862,11.982316493988037
6584,191.2060147004919,0.10664334774386391,20.71973595665764,27.002562046051025
6585,191.79395455348697,0.10657691426642528,20.772538597091064,23.34796142578125
6586,192.9460150079521,0.10639062395112259,20.844813211120155,28.03317403793335
6587,193.28655485787257,0.10633993357064218,20.876365079008952,20.769606351852417
6588,192.91368930929386,0.10636627782467935,20.847601428218862,15.843209266662598
6589,192.30455241620092,0.10666625141006891,20.829125413936676,12.286237716674805
6590,192.91150689203891,0.10658773118845834,20.88083415979731,23.13957715034485
6591,192.75239182311853,0.10682128890482234,20.912025818199336,18.938234090805054
6592,193.62486790488737,0.10657450458720269,20.94290556001734,26.650223970413208
6593,194.32861922583848,0.1066451231776943,21.043476504417164,28.337496519088745
6594,195.07533303358008,0.10647086525446754,21.08304173937299,28.876184225082397
6595,196.07457970324427,0.10635530914429574,21.16221132197926,31.587125062942505
6596,194.18383390621182,0.10529175605285278,20.96058920875947,0.7336483001708984
6597,194.8819955671497,0.10526156576505152,21.030983316671875,27.94052743911743
6598,195.5531756114782,0.10523948445854606,21.100673483505158,26.55351161956787
6599,195.8876438553634,0.10532246079299991,21.159666748670105,22.602152109146118
6600,196.80876741680976,0.10538034729618101,21.2780700811834,28.96543025970459
6601,196.85067974264166,0.10542107118640327,21.295289380371567,19.507582664489746
6602,197.67217294521524,0.1053346024100231,21.362336486567852,29.766164541244507
6603,198.8054512157631,0.10521373227016724,21.448713121702173,31.11690616607666
6604,199.10739670360545,0.10529696612650487,21.50422599048515,21.189444541931152
6605,198.9563227365694,0.10549399646523983,21.529183730580296,19.11042809486389
6606,200.8867595092037,0.1053574238475262,21.683891893274495,42.15622687339783
6607,201.45789191411168,0.10527284185711294,21.727052974341753,25.469242095947266
6608,201.22331299497057,0.1051751696183171,21.689782444598336,19.141841411590576
6609,201.34107986502084,0.10510933341509168,21.692884620152352,18.447895765304565
6610,199.75766906637065,0.10545358891815007,21.54595577395083,4.627352476119995
6611,202.08009237570693,0.1051860900660056,21.680496216211324,46.02610945701599
6612,203.08929145194986,0.10505832157458646,21.75369125404921,28.787160873413086
6613,204.65839853743034,0.10489662724772948,21.866154341508715,38.09595561027527
6614,203.98181455205605,0.10516152958839088,21.837492798093628,13.03171420097351
6615,202.95199640653547,0.10549605290636836,21.76911787011269,10.826078653335571
6616,203.85247644247013,0.10546498316228761,21.861426691411562,29.146589279174805
6617,204.04395167804543,0.10544172346519388,21.882812424497445,23.925546169281006
6618,204.553512161265,0.10556377681877724,21.973984300252468,25.072981119155884
6619,204.96797703965234,0.10564635043270329,22.044244457249942,26.444822788238525
6620,205.46829726925583,0.10564871045778802,22.103802012677445,27.312569618225098
6621,206.17361429656327,0.1056429479908913,22.182763992550672,25.174174308776855
6622,207.76187815359765,0.1053810390589276,22.260936352625166,37.10210108757019
6623,208.21425937206166,0.10515726819403003,22.25832698909891,24.894132375717163
6624,208.08211677834103,0.10502877243516666,22.225743719207923,18.745190858840942
6625,206.23129561055762,0.10528283253690195,22.04348628201584,2.450848340988159
6626,206.21898265445205,0.10535195543104513,22.06305141919568,17.617809772491455
6627,204.49679282790754,0.10547490646496997,21.892420905003725,2.078817367553711
6628,202.48182489962846,0.10442015740032028,21.68349669595369,0.31729769706726074
6629,202.65700665063216,0.10437595582631708,21.69666172899415,21.34874176979065
6630,200.86043658412584,0.10463654409414086,21.51969511170421,2.447094678878784
6631,199.8418322182846,0.10480229986532065,21.434498160587165,10.666938066482544
6632,200.59341389610174,0.10484518595757653,21.53015317898129,29.61152172088623
6633,200.91747975714074,0.10491261392632695,21.584851647191478,20.9555082321167
6634,201.83830495956934,0.1048191191863811,21.65900313071956,26.805479049682617
6635,201.64992190997367,0.10491846897812385,21.662413099412365,16.226470470428467
6636,201.56342269087395,0.1050091806613996,21.675788968418242,19.6871075630188
6637,201.26778846396522,0.10512187955246001,21.66903107873406,16.397490978240967
6638,201.71511057932557,0.10496496970002485,21.68234076794672,24.19896388053894
6639,202.65795947353232,0.10499640108410568,21.79551736026725,28.220627307891846
6640,203.881379878797,0.10496182168864923,21.91756218666458,32.883087158203125
6641,203.05256608000903,0.10531716214944868,21.878386564797932,12.965409278869629
6642,201.50204041920892,0.10509732386128753,21.709602699149954,5.206761837005615
6643,202.25702001501685,0.10498497878151943,21.762506672158455,29.711933612823486
6644,202.30444981486667,0.10514285846230327,21.804881605436872,20.32811975479126
6645,202.061405316718,0.10515884560801732,21.7868327893825,19.136961460113525
6646,202.12079126355084,0.10521302638270637,21.808964461488674,20.31217861175537
6647,201.64958335091535,0.10538670257049221,21.790874816873785,16.748002290725708
6648,202.91308751740618,0.10518649408137265,21.862966068705045,33.06583523750305
6649,201.96395664223212,0.10533833284426262,21.784336408017996,11.537364721298218
6650,200.9743170758098,0.10544999805950932,21.696493043937814,9.616266012191772
6651,202.54457390505172,0.1050938221012606,21.739528113498437,38.304707288742065
6652,203.96912816600118,0.10497042011213205,21.852132832363452,35.04960608482361
6653,205.60943688434116,0.10470875938927159,21.933611504039817,37.23861289024353
6654,205.49334251549774,0.10474414602218299,21.934275388999417,19.005180835723877
6655,205.70840909034277,0.10484207901130037,21.984932635109423,22.290072917938232
6656,205.56132499943934,0.10484077864003552,21.97508330875833,19.85617995262146
6657,204.23571174944493,0.10502524756596393,21.855332475670746,6.136438369750977
6658,202.3033546319505,0.10488408599939521,21.656779150914037,1.1651949882507324
6659,203.300321085631,0.10492796037118934,21.780211359404895,30.34038758277893
6660,204.69731787477468,0.10472416181704013,21.862409245810845,32.96566033363342
6661,206.06034469602693,0.10464466213435358,21.983785153352738,34.550984621047974
6662,204.66974124906665,0.1049414990950996,21.863947301819213,7.1553144454956055
6663,205.53304383657598,0.10478555489452661,21.91530782880102,27.471609115600586
6664,207.06771339821023,0.10451764363527494,21.98615475051301,36.59375810623169
6665,207.1570362642281,0.10435209682855182,21.96629320300788,21.719208240509033
6666,207.51546590158583,0.1044608392347519,22.0366302709778,25.996962785720825
6667,207.30031124257,0.10459902654132912,22.046263968268022,15.780947208404541
6668,205.50730813014428,0.10426732199020154,21.855801328585343,3.005833148956299
6669,203.81223504884284,0.10433575988141063,21.68724331529949,3.899432420730591
6670,203.0141126983544,0.10458272486324169,21.640370882146495,11.29611349105835
6671,203.06397157137087,0.10459458992230157,21.653967173325032,20.405747652053833
6672,202.87333185565717,0.10474429619699159,21.66742750159178,19.698993921279907
6673,203.7945985371006,0.1046799040824793,21.750753226575863,31.804964065551758
6674,202.76665255172958,0.1050192436555159,21.683245694310102,10.790698051452637
6675,201.16898602621228,0.10489928377710028,21.516413237367,4.59037446975708
6676,200.14729616595017,0.10516342225246059,21.441249104993332,10.596974611282349
6677,201.59582320429064,0.10492338223283453,21.516836613943397,32.70682406425476
6678,202.12986497224773,0.10497218762619245,21.591668247803963,23.448972702026367
6679,201.87856632252527,0.10488291772733166,21.555751565325924,19.08638310432434
6680,202.5197806593,0.1048491261440433,21.620194049672666,27.211247205734253
6681,201.564582852707,0.1050155881536309,21.54399210917594,10.626031398773193
6682,202.03893702417992,0.10496944833635162,21.58855218808418,22.5995831489563
6683,202.21854765393812,0.10501066294389719,21.622666666203337,19.427382707595825
6684,203.01636217739872,0.10498892510878446,21.706439999541303,28.285431146621704
6685,203.78619855562474,0.10511760728626805,21.82937559954589,28.030264377593994
6686,202.6483365700685,0.10517754232451648,21.721081843550433,9.632692575454712
6687,203.2018532043678,0.10509475914933333,21.76387102511493,23.60059642791748
6688,202.42983467232412,0.10523428774831618,21.70623231486378,13.463338136672974
6689,202.6755363256009,0.10532731932017222,21.75916999171514,22.25341796875
6690,202.3587809623449,0.10550211630240909,21.76157829179799,18.26788568496704
6691,202.46519315272144,0.10552690734595777,21.783962508880006,21.000267267227173
6692,201.22054122119422,0.10562548442634434,21.666122883791207,6.271232604980469
6693,200.85833580898228,0.10566013867298998,21.639461654953298,17.65664792060852
6694,202.14975245089246,0.10554293122565402,21.743067038403765,35.182799339294434
6695,201.04825492638352,0.10579184973948444,21.655636368019728,9.786794900894165
6696,200.5877723771197,0.10602425382273477,21.64908000433953,15.404777526855469
6697,200.01189465334852,0.10608289240338853,21.602589204296137,12.32066011428833
6698,200.07177570681503,0.1060414809550828,21.606563312253176,22.020030975341797
6699,199.8810579497469,0.10603078990243806,21.590497679130642,15.363404035568237
6700,199.7722473702494,0.106293233326165,21.634592702339337,20.34377694129944
6701,200.47452489654688,0.10626733802994037,21.708246775315942,25.915780305862427
6702,201.71977964758142,0.1060354338804102,21.771164307562785,31.690524101257324
6703,202.0525818511056,0.10620912209479758,21.853452664487158,22.98142671585083
6704,201.14205603259455,0.10649838222520094,21.794918137842284,11.843367099761963
6705,200.62063547226862,0.10650722390630464,21.746968956463864,15.932052612304688
6706,200.11442911754594,0.10657548500057493,21.709499266899225,16.027761220932007
6707,199.1432848263705,0.1070631282088216,21.662404274230234,9.125611543655396
6708,199.7018519781068,0.10709053614241966,21.73578023148793,25.135032176971436
6709,199.6248334583257,0.1071654641143288,21.74842242917305,20.499547004699707
6710,199.88858512374242,0.10728849973867224,21.81093820488132,19.97232437133789
6711,198.499699272505,0.1076910245773511,21.69282882283251,6.535902500152588
6712,198.70470227977995,0.1077556668429931,21.735900534604188,21.376410722732544
6713,199.46765525698214,0.10762356472001772,21.788541529258143,29.45361828804016
6714,198.55297870441234,0.10765844018392864,21.70065611396556,10.63550877571106
6715,197.9474489173682,0.10788620360817631,21.673649552825907,13.884305238723755
6716,199.5079744281945,0.10776779354949569,21.80691305729765,37.99885153770447
6717,199.59289468391256,0.10779588484476996,21.82884392672467,18.21470856666565
6718,199.28696573707344,0.10766467155845243,21.780555487457423,13.883358478546143
6719,198.44409607970272,0.10797932919069399,21.732749932582852,12.256783962249756
6720,196.5496551189057,0.10689953589878705,21.525422433257024,0.9873855113983154
6721,196.75415856771662,0.10689044837390056,21.55016820892445,22.890588998794556
6722,195.64661698203946,0.10686805551806854,21.43466652683521,7.443204164505005
6723,195.48015081221905,0.10686082747685434,21.420319861566856,16.805533409118652
6724,195.29534930409687,0.10709165423033438,21.446116662951187,16.84950089454651
6725,193.7223958110559,0.10707336926697841,21.281655496321676,4.1290483474731445
6726,194.08517185294534,0.10704611383517819,21.318838941358457,22.34959840774536
6727,194.87432013441588,0.10689140361257732,21.365650551944874,29.217262744903564
6728,193.8755769330717,0.1074014369448726,21.311994046425426,8.055948257446289
6729,195.52682116374098,0.10721878747793083,21.42887410596117,36.11284637451172
6730,195.57155295210356,0.10739659960315152,21.47458536490156,16.340580940246582
6731,193.71583742258252,0.10632263360712,21.269839511252545,0.45243072509765625
6732,193.6186790483567,0.10623766814061403,21.24714111614002,19.23381519317627
6733,193.58249225787316,0.10633318619604999,21.264669704978623,20.341801643371582
6734,192.97666733529442,0.10647286185288649,21.222023007928836,14.203903436660767
6735,194.59690066194148,0.10630954168506185,21.339802777849545,33.98860740661621
6736,194.59093165532207,0.10622582771151019,21.32640475007105,18.970158576965332
6737,195.31502233876884,0.10628716494001307,21.423140702570336,26.606470823287964
6738,197.05187211538114,0.10609150196269965,21.53890929554463,37.7787549495697
6739,196.93135339422733,0.10605761397009968,21.523520202589182,19.51533794403076
6740,195.47203986028504,0.10636958685000653,21.38828500056329,5.435259580612183
6741,195.22731946168219,0.10653396115694505,21.394402150557656,16.23636269569397
6742,196.73504626706537,0.10639347703670508,21.51045812905208,31.143629550933838
6743,196.26769580439472,0.10646287559967137,21.475353547761557,12.663480281829834
6744,197.0750188463508,0.10626467283645444,21.51060001228394,27.487988471984863
6745,195.94426865788728,0.1065115499176137,21.4154940121611,7.530545234680176
6746,196.4448259713084,0.1064626945810392,21.461339072039493,24.436424016952515
6747,197.7403777115953,0.10619561364749876,21.516725681319098,30.886308908462524
6748,198.46297393447932,0.10613365751102377,21.581558424505907,25.666372060775757
6749,197.23834419513452,0.10651968935696617,21.485742840260848,7.275315523147583
6750,196.6259607531832,0.10685155128692592,21.470885411858237,12.989624261856079
6751,197.80970114565136,0.10657668656770744,21.516176557739655,29.447920083999634
6752,197.12160413419483,0.1068287491593947,21.48101479216226,11.662131071090698
6753,198.44038809285286,0.10673310604470046,21.596204644240636,30.96614933013916
6754,197.7459842119243,0.10690608506177283,21.55024259779823,12.821277141571045
6755,196.63852436980508,0.10710139202724707,21.45474017182025,8.114890813827515
6756,194.76213912610703,0.1060303781069746,21.25019277010205,0.959038496017456
6757,195.56451773484596,0.1059155288713594,21.30769084240103,25.153353452682495
6758,196.2788725574975,0.10583015635418137,21.36461393397702,24.466174125671387
6759,197.46608383192253,0.10569248971127448,21.45096779463725,31.588563680648804
6760,199.5314229936033,0.10557615887356768,21.626458116690877,41.16207408905029
6761,199.62610876366725,0.10547733508387507,21.62019353552397,22.407207012176514
6762,198.91984767603057,0.10558535243071072,21.56399160016873,13.837764024734497
6763,199.34064919927027,0.10577431218441191,21.65835168416704,23.766251802444458
6764,198.66724270727755,0.10577717512317386,21.59176816732537,12.09700083732605
6765,199.96057028020476,0.10566452532316163,21.695850485652116,32.95494890213013
6766,202.4409645774027,0.10529984435564431,21.798891980795595,45.86808133125305
6767,201.05655493162865,0.10549684591208787,21.670903060987637,4.820915460586548
6768,200.67598938231237,0.10542347254499153,21.624194030377762,13.539426803588867
6769,201.50922948848924,0.105390364580105,21.707952090073984,28.320297241210938
6770,201.06413719360435,0.10548295774959059,21.680872569173246,16.924931049346924
6771,200.57349582166833,0.10554654922472625,21.644063843481515,14.028464078903198
6772,201.01776086345163,0.1055523082222749,21.6976232050467,24.387073755264282
6773,200.34758325481712,0.10576544185647006,21.660646972996233,14.306167125701904
6774,199.25410742226896,0.10558690831702625,21.53404050326627,7.638915300369263
6775,199.30156634804626,0.105609470606405,21.548700098233606,19.83857774734497
6776,200.1785506845658,0.10549414245086361,21.613213097251272,26.601213216781616
6777,199.20676517772014,0.10550716219140352,21.51708096627876,9.103718757629395
6778,198.50469752594293,0.10538232312762902,21.43191015661597,11.925091028213501
6779,199.5896505506835,0.10530569859342113,21.527591055049808,32.89008593559265
6780,201.07375404517666,0.10514344620518808,21.63231514449931,37.293896198272705
6781,200.6430165047249,0.10529454338870581,21.615991993054315,16.92395520210266
6782,200.98658633967764,0.10526287455056342,21.649832073123772,24.883225679397583
6783,200.47672047628086,0.10527691247172445,21.603333752392537,12.93911361694336
6784,201.18195327151807,0.10522045331010683,21.667300414868613,26.113548517227173
6785,201.37013373880288,0.10516824877700577,21.68062741071993,19.737507581710815
6786,202.06643240141486,0.10518667699034272,21.76382113661273,28.870681047439575
6787,202.0557680774007,0.10552784504630994,21.8361829252466,21.4763925075531
6788,200.7952103966267,0.10552519817479421,21.707821095994134,8.076383352279663
6789,200.66725829266042,0.10553377598028031,21.700742885034195,20.286882877349854
6790,201.79058570973382,0.10553275131951904,21.823735456183854,33.50451111793518
6791,202.0526798526365,0.10566163433263964,21.885498101622016,22.39770793914795
6792,201.90215305411013,0.10578148857754854,21.896643120605795,15.934266805648804
6793,202.78313152356904,0.10575815645039374,21.987676689399734,26.50889277458191
6794,204.06530020833335,0.10569755373785356,22.107799922505738,35.59010577201843
6795,203.85464720625004,0.10573347437533841,22.09672192328068,19.644181966781616
6796,204.03610073418753,0.10580226575771115,22.135754704047873,21.776986122131348
6797,205.81573972684564,0.10555576142474137,22.234397157007393,36.96202516555786
6798,206.48758232957718,0.10541595472624486,22.272053185437322,29.145339250564575
6799,205.5427065062814,0.10552250946469671,22.189332653582948,12.038622617721558
6800,203.9872794412186,0.10546728437004975,22.027439327047116,5.327115774154663
6801,205.3974066468064,0.10548507529446519,22.187164933776643,36.7642126083374
6802,206.24343258033832,0.10532677626565846,22.235293284438875,26.85801935195923
6803,205.03099825453492,0.1055676261500607,22.13294035159449,9.042979001998901
6804,204.91068827198959,0.10549640584710931,22.111610948078543,18.415706872940063
6805,203.91158138926968,0.10558429893149536,22.020494838597756,8.636467218399048
6806,204.432465575377,0.10554408094218042,22.07028989021178,25.769930362701416
6807,204.04814091962322,0.10563321844601163,22.04958699130966,17.749046087265015
6808,204.25765951042698,0.10582133070599596,22.11909112139656,24.146075010299683
6809,203.89508291532272,0.10607264120845981,22.127900210182595,17.963910579681396
6810,202.6261320861695,0.10618074596520638,22.00662120808077,7.497060298919678
6811,203.2698707653078,0.1060927212770899,22.05655499599996,27.09057354927063
6812,203.34717205765472,0.10631141491739957,22.11598944603996,22.713435888290405
6813,202.81370033707816,0.10631496743489223,22.064829551579564,13.898898839950562
6814,203.8755633337074,0.1061256041683103,22.124181256063768,28.809192180633545
6815,204.3468077003703,0.10625956725013318,22.212939443503128,26.833747148513794
6816,204.6233396233666,0.10636076468108012,22.270810049068096,20.58770227432251
6817,205.37710622713294,0.10622572846284074,22.318101948577414,28.241626501083374
6818,206.18333516486163,0.10617745719219834,22.39492092909164,28.70493197441101
6819,204.651501813213,0.10624775809197447,22.240971719800722,5.640339136123657
6820,205.00498679508087,0.10614361384438806,22.258562002602712,25.60831117630005
6821,205.57493692713007,0.10611271205708922,22.315976382576686,23.82922911643982
6822,203.59918755785878,0.10505158493651832,22.10281661875092,0.8570396900177002
6823,203.6431956822802,0.10486645370253776,22.071788452563414,18.683971166610718
6824,204.1967637254574,0.10486026020798343,22.13107056803778,27.849069833755493
6825,204.22479608820282,0.1049227687170147,22.149759862357403,20.110190868377686
6826,205.0125481273208,0.10479226894503889,22.198262263733827,26.27793836593628
6827,206.1324226460476,0.10465917275401121,22.27627964109649,27.859837293624878
6828,205.8010984195871,0.10505766773167341,22.313516844685527,18.53055691719055
6829,207.31308743539122,0.10479140477984686,22.38038167623867,36.38920760154724
6830,208.7399565610373,0.1046577764463341,22.48657785947628,33.37150454521179
6831,208.50255699542691,0.104854441925114,22.501712080881518,17.594700813293457
6832,207.06753142547265,0.10549820519817055,22.396694960072704,6.945218801498413
6833,205.30685611121794,0.1060561263719953,22.232728010471977,3.3413314819335938
6834,204.52378755010577,0.1063341477854407,22.190400730367255,13.619558095932007
6835,203.8285496746047,0.10645599149277149,22.138496723063582,14.601003885269165
6836,203.52026417785862,0.10689432175125418,22.187111755832944,18.634589910507202
6837,203.83506153608002,0.10688920832097569,22.225240638274617,23.278506755828857
6838,205.10671092071922,0.10693814101117982,22.38298823189187,35.489728689193726
6839,204.14564381151203,0.10733664950932491,22.32915834957295,9.716014862060547
6840,204.3941873733969,0.1074423223155417,22.38586676607722,24.521979331970215
6841,205.81024549966293,0.10723495111550767,22.47200809841645,37.117448806762695
6842,205.9821430446663,0.10728367783753645,22.507288017432288,19.737565755844116
6843,206.0223216142196,0.10744893629725631,22.552215137257964,22.505268335342407
6844,206.32209839807743,0.10739139608682612,22.576692985885384,23.426477193832397
6845,206.14887741409663,0.10748150328997902,22.58092605602653,18.17656373977661
6846,206.26738863995567,0.10750760568827189,22.605116795466266,19.610440969467163
6847,204.6547147535561,0.10732141852027806,22.429065627511605,4.8010032176971436
6848,206.48816760602054,0.10717603938662167,22.57477497123649,37.06596064567566
6849,205.86328592996034,0.107284834548311,22.529027221524125,13.5835440158844
6850,206.12465307066074,0.1073326758580003,22.573736949308884,22.731269598007202
6851,207.13340653995414,0.10710625463687957,22.617999579815795,30.782865524291992
6852,207.12207247455459,0.1072002406342001,22.641819584017636,19.767727375030518
6853,205.68085174980902,0.1072393493389692,22.49540138817746,6.76587176322937
6854,207.17404323231094,0.10706836429628373,22.600447374295683,30.155666828155518
6855,207.2423027999878,0.10697898906453585,22.594442900552725,23.004650115966797
6856,206.1498797719879,0.10713368896980885,22.498498471547197,10.521372556686401
6857,204.90838097426803,0.10715991305572052,22.373513486831726,8.731175899505615
6858,204.16929716452535,0.10761503148241522,22.35977835196341,13.951969623565674
6859,205.29760419288007,0.10745370766601378,22.436180568443778,34.19155764579773
6860,205.45462815095127,0.10737464570247582,22.44181876275934,23.71650266647339
6861,204.21008186944175,0.10741201035656216,22.317400575131746,8.679571866989136
6862,204.76798105074732,0.10733789025299653,22.364226569380428,25.947275638580322
6863,204.84030124023985,0.10730224719952317,22.370584303686623,20.567650079727173
6864,204.78189822783747,0.10728450110943749,22.366878460649755,21.296663522720337
6865,204.4840792455591,0.10712594181262883,22.313209676043257,14.92622995376587
6866,204.81923845310348,0.10710510256256976,22.350077579282825,23.31049656867981
6867,204.47104606857243,0.10721052212517936,22.336576803489997,15.846526622772217
6868,205.2563356078867,0.1070571448191219,22.383211035455098,28.084295511245728
6869,204.72377225180784,0.10690762600250962,22.309378925100546,16.236056566238403
6870,206.54653452928977,0.1066912629207791,22.42628513584954,39.35453224182129
6871,206.68106918399687,0.10666980483702586,22.442022284491042,21.310280084609985
6872,207.9742584921569,0.10643644012198894,22.507602061646132,33.87443447113037
6873,207.31451590723532,0.10656925881936061,22.46252604102967,13.214569091796875
6874,205.66137074816294,0.10645594718354795,22.287900780619374,4.5008368492126465
6875,206.84475704068132,0.10634817783516926,22.38502177281318,32.628408670425415
6876,205.7363094702745,0.10653469605681756,22.291171555085047,10.341646432876587
6877,205.98894637557177,0.10663818026508055,22.348259839534197,22.524070739746094
6878,206.87905691181604,0.10655484930988737,22.424777241138855,27.404757738113403
6879,207.83026634269788,0.1064826783002322,22.510529468727466,27.944371938705444
6880,207.7219636792709,0.10638231852230602,22.48542417404019,19.011164903640747
6881,207.9047440424782,0.10624769887690597,22.480569932299787,22.122997045516968
6882,208.11569660205342,0.10623325682263472,22.505764232976787,24.637343883514404
6883,207.8145396360329,0.10646305908586905,22.520706590647016,16.88310480117798
6884,207.49639423967255,0.10664842849501036,22.525499524740546,18.86844778060913
6885,207.40143029727582,0.10664255027066633,22.52024452949314,18.395160675048828
6886,205.69741599430307,0.10692747611931101,22.355042084198207,2.2918648719787598
6887,205.42044183436005,0.10703797663901678,22.351491663356224,17.147209405899048
6888,205.06623741601643,0.10708524393145014,22.327976746722662,18.202388048171997
6889,203.28557504185628,0.10675513223287637,22.134696979255438,2.8700473308563232
6890,202.4227192914377,0.10705510227806898,22.083350009462883,12.657038688659668
6891,201.7184920985233,0.10712091489165192,22.022516509368256,12.05330491065979
6892,203.04130717753807,0.10694790933554976,22.11229134427457,33.77702975273132
6893,203.5808941057627,0.10692901389978181,22.171168430831827,21.49113392829895
6894,203.46508516470504,0.10684930709411733,22.14945674652351,16.209870100021362
6895,203.520434313058,0.10702483316193213,22.197962179058273,20.232308626174927
6896,204.60522996992742,0.10691612329185127,22.285982557267687,29.039359092712402
6897,203.43917767022813,0.10721059842256911,22.19312273169501,5.28231143951416
6898,203.60478589352584,0.10709303789288888,22.191191504378057,21.43285846710205
6899,203.3087380345906,0.10722900406568413,22.189279589334276,16.56798481941223
6900,204.37565065424468,0.10722123015405954,22.307386793440934,31.371647119522095
6901,205.03189414770222,0.10707494377844487,22.344312925506525,26.67458748817444
6902,203.74157520622518,0.10718840486697621,22.22086979625146,8.192172527313232
6903,202.00415945416293,0.10778318748497312,22.058661098288944,3.2238447666168213
6904,200.5841178596213,0.10803868894345672,21.928074487306056,6.449150800704956
6905,201.41827668102508,0.10787379501176864,21.978793742432995,30.468432426452637
6906,201.74409391421483,0.10777796304455693,21.999005805008665,23.106128215789795
6907,200.42665297507267,0.1078430405569685,21.869015746958578,7.5094945430755615
6908,201.74238644532193,0.10763810412730243,21.950325589488994,35.71983599662781
6909,203.7149625808687,0.10748904138176875,22.110822333594104,40.61022448539734
6910,203.30781295506,0.1075797951397302,22.08971411025816,15.335169553756714
6911,204.8047348255094,0.10738218415717143,22.188816969155578,33.778584003448486
6912,205.2966874772543,0.10733198436284382,22.23692879946402,24.96517062187195
6913,204.97372060248173,0.10735693041516914,22.21455951146938,16.6434383392334
6914,205.36398339645692,0.10722598406183713,22.232413916354684,23.920884609222412
6915,206.15034356249234,0.10724527351699341,22.330089777191137,27.90183448791504
6916,206.0988401268674,0.10746635312013192,22.376788879419227,20.10558295249939
6917,205.14785172559874,0.10765295085019186,22.303020990625033,11.320491313934326
6918,205.77637320834276,0.10762119746109293,22.36999078071878,25.77788281440735
6919,205.20860947625934,0.10775303917775717,22.336290872911594,13.97121787071228
6920,205.17652338149676,0.10776461769687068,22.34292796418248,21.676339626312256
6921,205.9147581476818,0.10783392492491989,22.449498684540654,27.899312496185303
6922,205.80561056620496,0.10803763695772196,22.485003697695248,20.944695711135864
6923,207.0075544605429,0.10790818083354352,22.580153660718295,31.57780694961548
6924,206.68747891593748,0.10797195616806522,22.564352124111114,16.77286958694458
6925,205.63060412677808,0.10788233561628556,22.448708602870003,10.829244136810303
6926,205.4342980855103,0.10804007139990765,22.464221516841302,19.912200212478638
6927,205.27995510465522,0.10801230226485595,22.44957930167289,18.42640781402588
6928,203.49715555360868,0.10841366072368887,22.275083508656163,2.854552745819092
6929,203.47218399807258,0.10842405147963606,22.282332673569602,18.752508401870728
6930,201.85746215809183,0.10853028715531589,22.119509346833905,3.382896900177002
6931,200.74888753651092,0.10843399527277371,21.998314253365567,7.945542097091675
6932,200.5813986611458,0.10854530749395902,22.00833111083191,16.23442029953003
6933,200.34558467453436,0.10842030639642056,21.968247799723592,18.359957218170166
6934,201.40212882778903,0.10821845627363283,22.028565321726358,33.03802490234375
6935,200.51810753951113,0.10819821861355136,21.938279668509093,12.111228704452515
6936,200.22292646411603,0.10816886800636322,21.908896871824002,18.376863718032837
6937,200.18069719947488,0.10831166912221796,21.939807903105763,18.900766372680664
6938,200.79889022748014,0.1084499264767973,22.050409824074702,28.229901790618896
6939,200.93090132520533,0.10825327767931904,22.029905725833952,18.64695167541504
6940,201.58159231195327,0.108110594526586,22.069606668575613,26.89038586616516
6941,202.35577638883373,0.10788970363508357,22.098910601889855,27.930646657943726
6942,200.72221862494538,0.10860567839360454,21.957921495870956,4.185843229293823
6943,201.2249964386959,0.10859531882082388,22.018342280912247,27.01735210418701
6944,201.60274647430893,0.10863907274558635,22.078158858103127,21.26427459716797
6945,201.35671900956584,0.1086261283458141,22.057377269522096,16.959107637405396
6946,203.64315181947018,0.10837707636468155,22.206803496826875,40.96251344680786
6947,204.69672030127546,0.10839362922563021,22.334735461858607,29.735822916030884
6948,204.15975309826268,0.10836929558238054,22.281388107240023,13.175838470458984
6949,203.52815556728004,0.10849127638542198,22.23857422616762,12.925817251205444
6950,203.3828740116072,0.10846456467976882,22.226188483905947,16.415061712265015
6951,203.37904527149115,0.10856218504282335,22.253926599066887,21.966078996658325
6952,203.53525481877622,0.10857245360335402,22.281387333076218,23.67826271057129
6953,202.75990227058844,0.10859784017843158,22.208573459745455,13.45846438407898
6954,202.33230324788255,0.10857436177664725,22.166487725148,17.12377166748047
6955,202.16898021540374,0.10851012353522486,22.144822847896517,18.115691900253296
6956,201.3572904132497,0.10891262560565775,22.113374619417552,12.907083749771118
6957,201.1337175091172,0.10888495186356766,22.092240873223375,19.07079315185547
6958,202.192380334026,0.10887102091170722,22.21131846449114,29.03321385383606
6959,203.30045653068575,0.10880467491984254,22.319205279846226,33.458003997802734
6960,203.77745196537887,0.1087923253817995,22.376013227047764,25.000896215438843
6961,201.82967744572508,0.1077044021279815,22.162253094777288,0.9691486358642578
6962,202.54138067126783,0.10787277935212294,22.290630563829517,29.22335386276245
6963,203.40596686455513,0.1077629096900896,22.35772425819122,29.028616905212402
6964,203.13190719590958,0.10799209877500689,22.374147015609307,16.626369953155518
6965,201.79058812395047,0.10807159807711189,22.240405545453214,7.473360776901245
6966,201.27268224271097,0.10832421542967412,22.228001489998682,15.236580610275269
6967,200.32995542028385,0.10826901065855495,22.125721475098697,10.498997211456299
6968,201.516655866081,0.1080954114610603,22.20446426034771,32.08232545852661
6969,202.7014893074202,0.1078582073464497,22.262419617744232,30.012808561325073
6970,202.71447441434597,0.10780903703769108,22.25979542156679,20.622414588928223
6971,204.0573296702025,0.10765082797295215,22.35719746735112,35.4397234916687
6972,205.05675637350046,0.1075611617984858,22.443625492677608,32.62758231163025
6973,205.80618880976547,0.10741412160907236,22.489189237750832,30.18443250656128
6974,205.26812692166783,0.10778734881403426,22.494297345373322,14.219436883926392
6975,204.96544565245114,0.10785233246875106,22.47935437191959,16.50205683708191
6976,205.04579119592663,0.1077597246370213,22.474560828200392,20.64325475692749
6977,205.63533328396736,0.10778061223913593,22.54981521991839,26.413678407669067
6978,205.07897995112768,0.10796947278341124,22.524317067719206,13.959572076797485
6979,206.7281901516164,0.107781669947469,22.639073897042014,35.25629162788391
6980,207.3609082501002,0.10766681621095726,22.682683158071594,24.5955228805542
6981,207.5372991675992,0.10783459249329214,22.745856326490877,23.151188135147095
6982,207.0919261759232,0.10779919135363529,22.698397763225966,13.920669078826904
6983,208.46100691416396,0.1076223622307966,22.791413785593708,35.56746530532837
6984,208.62639684502233,0.1076128052751553,22.81349964773777,22.35801362991333
6985,209.0301328765721,0.10742021135894993,22.815364651260392,24.386862993240356
6986,208.7998315478064,0.1076363318260056,22.83721100474779,17.865158319473267
6987,211.05183323232833,0.10732033717134001,22.948838894700312,43.03380608558655
6988,212.45131490000503,0.10715881471130752,23.049350505753306,32.982213497161865
6989,211.21680175100497,0.10743554117093602,22.94885700069577,9.472031593322754
6990,212.3346337334949,0.1071351795672762,22.979368430688815,34.54391002655029
6991,211.72128739615994,0.10718965558617297,22.929574746381927,16.402878046035767
6992,212.23407452219834,0.10718239781358119,22.990278998918107,26.25010323524475
6993,211.92173377697637,0.10738129206748957,23.000376208928923,19.37829613685608
6994,211.8425164392066,0.10733689091152056,22.990372446839633,20.04104256629944
6995,212.08409127481454,0.10732284403630366,23.020468722371238,25.387099266052246
6996,213.6832503620664,0.10702918548841374,23.090264035147527,35.00425720214844
6997,212.89641785844572,0.10729222696686294,23.04936139479605,9.716270446777344
6998,213.02745367986125,0.10741399496268104,23.098867780848092,23.192033290863037
6999,212.61717914306263,0.10756078524561237,23.08787910303961,16.41145920753479
