game,avg_count,avg_reward,avg_jabuka,vrijeme
0,9.96,-0.0016666666666666668,0.0,4.44205117225647
1,9.910400000000001,-0.00365,0.0,0.04371190071105957
2,9.901296,-0.004724611111111111,0.0,0.06812548637390137
3,9.872283040000001,-0.006105936428571428,0.0,0.05173611640930176
4,9.9535602096,-0.006600432619841269,0.0,0.13318347930908203
5,9.954024607504001,-0.006534428293642857,0.01,0.05854964256286621
6,9.914484361428961,-0.008135750677373094,0.0099,0.03582882881164551
7,10.125339517814671,-0.008376973815760653,0.009801,0.24248123168945312
8,10.084086122636526,-0.009959870744269713,0.00970299,0.030920743942260742
9,10.133245261410162,-0.009860272036827015,0.0196059601,0.12026453018188477
10,10.13191280879606,-0.010761669316458746,0.019409900499,0.08980393409729004
11,10.150593680708099,-0.011487385956627492,0.019215801494009997,0.09718990325927734
12,10.149087743901017,-0.012372512097061215,0.019023643479069898,0.05928659439086914
13,10.187596866462007,-0.012963072690376318,0.0188334070442792,0.09578871726989746
14,10.175720897797387,-0.013944553074583666,0.018645072973836406,0.04980301856994629
15,10.133963688819414,-0.015471774210504496,0.01845862224409804,0.03358054161071777
16,10.212624051931218,-0.015872612023955006,0.018274036021657062,0.10451745986938477
17,10.300497811411905,-0.01624020169318914,0.018091295661440493,0.13055181503295898
18,10.577492833297786,-0.016340957570994092,0.01791038270482609,0.276444673538208
19,10.721717904964807,-0.016577547995284152,0.01773127887777783,0.1376323699951172
20,10.82450072591516,-0.016887962991521788,0.01755396608900005,0.1279456615447998
21,10.816255718656008,-0.01771908336160657,0.01737842642811005,0.07015228271484375
22,10.838093161469448,-0.018311123297221274,0.01720464216382895,0.097747802734375
23,10.849712229854752,-0.01896134539758239,0.01703259574219066,0.10880923271179199
24,10.801215107556205,-0.020438398610273235,0.016862269784768753,0.03303027153015137
25,11.133202956480643,-0.02046128735144323,0.016693647086921067,0.3196125030517578
26,11.171870926915837,-0.020923341144595466,0.016526710616051855,0.09475398063659668
27,11.110152217646679,-0.02271410773314951,0.016361443509891337,0.031325340270996094
28,11.269050695470211,-0.022857337026188387,0.016197829074792423,0.21411705017089844
29,11.316360188515509,-0.023253763655926504,0.016035850784044497,0.08928036689758301
30,11.363196586630353,-0.02364622601936724,0.01587549227620405,0.11244797706604004
31,11.40956462076405,-0.02403476375917357,0.01571673735344201,0.09952640533447266
32,11.385468974556408,-0.024905527232692945,0.01555956997990759,0.057776689529418945
33,11.471614284810844,-0.025156471960366016,0.015403974280108514,0.11305069923400879
34,11.446898141962736,-0.026016018351873466,0.01524993453730743,0.05052351951599121
35,11.452429160543108,-0.026589191501688064,0.015097435191934355,0.07349753379821777
36,11.457904868937677,-0.027156632920004514,0.01494646084001501,0.06576013565063477
37,11.4133258202483,-0.028313638019375895,0.01479699623161486,0.05507826805114746
38,11.449192562045818,-0.028697168305848803,0.014649026269298713,0.10518932342529297
39,11.40470063642536,-0.029838768051361743,0.014502536006605725,0.039345741271972656
40,11.350653630061107,-0.03120704703751479,0.014357510646539668,0.048741817474365234
41,11.357147093760494,-0.03172830990047298,0.01421393554007427,0.07970213890075684
42,11.393575622822889,-0.03207769346813492,0.014071796184673527,0.1306753158569336
43,11.38963986659466,-0.03266600744254448,0.013931078222826791,0.1101686954498291
44,11.715743467928712,-0.03256662009539176,0.013791767440598523,0.2947049140930176
45,11.798586033249425,-0.032240953894437846,0.023653849766192538,0.12365961074829102
46,11.93060017291693,-0.03151854435549347,0.043417311268530615,0.17358756065368652
47,11.93129417118776,-0.03203669224527187,0.042983138155845306,0.0777430534362793
48,11.891981229475883,-0.03296632532281915,0.042553306774286856,0.04647397994995117
49,12.053061417181123,-0.03263666206959096,0.05212777370654399,0.18640398979187012
50,12.042530803009312,-0.03321938635798596,0.051606495969478555,0.07561516761779785
51,11.97210549497922,-0.0348871924944061,0.05109043100978377,0.042548179626464844
52,11.932384440029427,-0.03578832056946204,0.050579526699685934,0.06039595603942871
53,12.053060595629132,-0.03584710403043409,0.050073731432689075,0.13956475257873535
54,12.01252998967284,-0.03673863299012975,0.04957299411836218,0.04368400573730469
55,12.072404689776112,-0.036926802215784,0.04907726417717856,0.10732030868530273
56,12.06168064287835,-0.037466625102717074,0.04858649153540677,0.05976581573486328
57,12.061063836449566,-0.03792529218502323,0.048100626620052704,0.08641982078552246
58,12.29045319808507,-0.037831753548887286,0.04761962035385218,0.25444602966308594
59,12.39754866610422,-0.037888218622094065,0.047143424150313654,0.17357230186462402
60,12.373573179443177,-0.03750933643587313,0.05667198990881052,0.08514404296875
61,12.599837447648746,-0.03741995735722868,0.056105270009722416,0.2601473331451416
62,12.573839073172257,-0.038045757783656396,0.05554421730962519,0.06137681007385254
63,12.518100682440535,-0.039093871634391264,0.05498877513652894,0.03904008865356445
64,12.45291967561613,-0.04036959958471401,0.05443888738516365,0.04413247108459473
65,12.40839047885997,-0.03996590358886687,0.06389449851131201,0.05648541450500488
66,12.49430657407137,-0.03909005407678772,0.0832555535261989,0.1314072608947754
67,12.429363508330656,-0.04036582020268651,0.08242299799093691,0.3343212604522705
68,12.55506987324735,-0.04036216200065964,0.08159876801102754,1.105186939239502
69,12.599519174514876,-0.04054677567477069,0.08078278033091726,0.7185428142547607
70,12.563523982769727,-0.041252419029134096,0.07997495252760808,0.3658866882324219
71,12.64788874294203,-0.04131608531503323,0.07917520300233201,0.98368239402771
72,12.57140985551261,-0.0429029244618829,0.07838345097230869,0.18855690956115723
73,12.655695756957483,-0.04295008569345455,0.07759961646258559,0.900827169418335
74,12.619138799387908,-0.04363169594763112,0.07682362029795974,0.4058833122253418
75,12.62294741139403,-0.04396460975738558,0.07605538409498014,0.603360652923584
76,12.63671793728009,-0.043524963659811726,0.08529483025403033,0.5985043048858643
77,12.710350757907289,-0.043589714023213606,0.08444188195149002,0.8576202392578125
78,12.753247250328215,-0.04374205217709912,0.08359746313197512,0.7820332050323486
79,12.965714777824932,-0.043598749302386955,0.08276148850065537,1.486262559890747
80,13.056057630046682,-0.043162761809363084,0.09193387361564881,0.9913828372955322
81,13.065497053746215,-0.042731134191269456,0.10101453487949232,0.5648870468139648
82,13.004842083208754,-0.043732394277928195,0.10000438953069739,0.3283228874206543
83,12.944793662376666,-0.044723641763720345,0.09900434563539041,0.3823838233947754
84,12.9553457257529,-0.044990691060368855,0.0980143021790365,0.564922571182251
85,12.94579226849537,-0.0453741174830985,0.09703415915724614,0.4657933712005615
86,12.896334345810416,-0.046170376308267515,0.09606381756567368,0.3516509532928467
87,12.947371002352313,-0.04626422810074039,0.09510317939001695,0.799072265625
88,13.12789729232879,-0.0454790051745717,0.11415214759611678,1.3138563632965088
89,13.066618319405501,-0.045024215122825985,0.1230106261201556,0.37273097038269043
90,13.025952136211446,-0.045685084082708834,0.12178051985895405,0.4050869941711426
91,13.105692614849332,-0.04570442371807222,0.12056271466036451,0.9069032669067383
92,13.054635688700838,-0.0464973794808915,0.11935708751376087,0.29880547523498535
93,13.28408933181383,-0.046310183463860365,0.11816351663862326,1.5515038967132568
94,13.221248438495692,-0.047275653057793195,0.11698188147223702,0.2928652763366699
95,13.289035954110734,-0.04730289652721526,0.11581206265751465,0.8594627380371094
96,13.366145594569627,-0.047306058038133585,0.1146539420309395,0.8858883380889893
97,13.29248413862393,-0.04849966412441891,0.1135074026106301,0.236771821975708
98,13.27955929723769,-0.04884800081650805,0.1123723285845238,0.5546021461486816
99,13.336763704265312,-0.04888583659781666,0.11124860529867855,0.8260447978973389
100,13.323396067222658,-0.049230311565171825,0.11013611924569176,0.5112278461456299
101,13.370162106550431,-0.04929356400507566,0.10903475805323484,0.8374364376068115
102,13.406460485484926,-0.048800628365024905,0.11794441047270249,0.7081072330474854
103,13.352395880630077,-0.04956262208137466,0.11676496636797547,0.3307366371154785
104,13.308871921823776,-0.05017810697167202,0.11559731670429571,0.36454224586486816
105,13.295783202605538,-0.050509659235288634,0.11444134353725276,0.5430498123168945
106,13.242825370579482,-0.05125456264293575,0.11329693010188023,0.3378894329071045
107,13.230397116873686,-0.051575350349839726,0.11216396080086143,0.49179553985595703
108,13.178093145704949,-0.05230959684634133,0.11104232119285282,0.3088040351867676
109,13.1263122142479,-0.053036500877877917,0.10993189798092429,0.2874026298522949
110,13.06504909210542,-0.05393470729767057,0.10883257900111504,0.2755460739135742
111,13.284398601184366,-0.053395360224693864,0.11774425321110388,1.5062763690948486
112,13.241554615172522,-0.05286140662244693,0.12656681067899284,0.3326680660247803
113,13.379139069020797,-0.05233279255622246,0.1353011425722029,1.1398842334747314
114,13.345347678330588,-0.05280946463066023,0.13394813114648088,0.3836948871612549
115,13.271894201547283,-0.05394803665102029,0.13260864983501608,0.2222580909729004
116,13.25917525953181,-0.05424188961784342,0.1312825633366659,0.536656379699707
117,13.24658350693649,-0.054532804054998316,0.12996973770329925,0.5848128795623779
118,13.214117671867125,-0.05498747601444833,0.12867004032626625,0.4543492794036865
119,13.291976495148456,-0.05491379173049433,0.12738333992300357,0.8572983741760254
120,13.289056730196972,-0.055133884582420155,0.12610950652377353,0.6222355365753174
121,13.636166162895002,-0.054790879069929285,0.1248484114585358,2.0305099487304688
122,13.589804501266052,-0.055354081390341106,0.12359992734395044,0.4588325023651123
123,13.82390645625339,-0.055070810846707965,0.12236392807051093,1.4794836044311523
124,13.825667391690857,-0.0552343884525266,0.12114028878980582,0.6435878276824951
125,13.767410717773949,-0.055932044568001334,0.11992888590190776,0.3064882755279541
126,13.93973661059621,-0.055695304767482606,0.11872959704288867,1.4041430950164795
127,13.940339244490248,-0.05513835171980778,0.12754230107245978,0.6380467414855957
128,13.870935852045346,-0.05601553963118113,0.1262668780617352,0.29831361770629883
129,13.802226493524893,-0.056883955663440754,0.12500420928111786,0.2851521968841553
130,13.794204228589646,-0.05708434687603712,0.12375416718830667,0.49936795234680176
131,13.71626218630375,-0.05818017007394341,0.1225166255164236,0.2591872215270996
132,13.659099564440712,-0.05884836837320398,0.12129145926125937,0.41379690170288086
133,13.602508568796305,-0.059509884689471944,0.12007854466864677,0.3082451820373535
134,13.526483483108342,-0.060581452509243884,0.1188777592219603,0.291156530380249
135,13.551218648277258,-0.06060063798415145,0.11768898162974069,0.6441638469696045
136,13.825706461794486,-0.060238534043334326,0.11651209181344328,1.7685649394989014
137,13.927449397176542,-0.05963614870290098,0.12534697089530886,1.0449776649475098
138,13.878174903204776,-0.06015089832698308,0.12409350118635577,0.3930172920227051
139,13.849393154172727,-0.060458480252804155,0.12285256617449221,0.4728395938873291
140,13.830899222630999,-0.060687228783609444,0.12162404051274729,0.520615816116333
141,13.852590230404688,-0.06070535649577335,0.12040780010761981,0.7153337001800537
142,13.784064328100643,-0.06152687435938704,0.1192037221065436,0.26870226860046387
143,13.726223684819637,-0.062161605615793175,0.11801168488547817,0.35103702545166016
144,13.658961447971441,-0.06296856098820668,0.11683156803662338,0.2883949279785156
145,13.602371833491727,-0.06358887537832461,0.11566325235625714,0.3616523742675781
146,13.71634811515681,-0.06335298662454136,0.11450661983269457,1.1101818084716797
147,13.769184634005242,-0.06324577254776963,0.11336155363436762,0.7588036060333252
148,13.69149278766519,-0.06261331482229193,0.12222793809802393,0.232527494430542
149,13.634577859788537,-0.06323718167406901,0.12100565871704369,0.3058953285217285
150,13.718232081190653,-0.06260480985732832,0.12979560212987326,0.9434046745300293
151,13.681049760378746,-0.06297876175875503,0.12849764610857453,0.4011383056640625
152,13.604239262774959,-0.06401564080783415,0.12721266964748879,0.2486271858215332
153,13.568196870147208,-0.06437548439975581,0.1259405429510139,0.39426279067993164
154,13.492514901445736,-0.06539839622242491,0.12468113752150375,0.32720208168029785
155,13.42758975243128,-0.06617298368877209,0.12343432614628871,0.2781510353088379
156,13.343313854906967,-0.06751125385188436,0.12219998288482582,0.19900774955749512
157,13.259880716357898,-0.06883614131336552,0.12097798305597757,0.23361468315124512
158,13.22728190919432,-0.06914777990023187,0.11976820322541779,0.37854886054992676
159,13.385009090102375,-0.06880112968743644,0.11857052119316361,1.3033819198608398
160,13.53115899920135,-0.06847026124770494,0.11738481598123197,1.1913633346557617
161,13.465847409209337,-0.06921413006379933,0.11621096782141965,0.3559763431549072
162,13.431188935117243,-0.06952198876316133,0.11504885814320545,0.41155338287353516
163,13.516877045766071,-0.06928131433007517,0.11389836956177339,0.8966231346130371
164,13.48170827530841,-0.06958850118677443,0.11275938586615565,0.4564952850341797
165,13.596891192555326,-0.06929261617490667,0.1116317920074941,1.1225249767303467
166,13.670922280629773,-0.06907588048934808,0.11051547408741916,0.9378905296325684
167,13.764213057823476,-0.06881990429315026,0.10941031934654497,1.085423231124878
168,13.696570927245242,-0.06956027667879018,0.10831621615307951,0.29256105422973633
169,13.64960521797279,-0.06997578502311338,0.10723305399154871,0.41914868354797363
170,13.643109165793062,-0.07004525794211303,0.10616072345163323,0.7017567157745361
171,13.716678074135132,-0.0693448053626919,0.1150991162171169,0.895488977432251
172,13.68951129339378,-0.0695604482181559,0.11394812505494573,0.48430562019348145
173,13.632616180459841,-0.07011484373597433,0.11280864380439627,0.40956664085388184
174,13.616290018655242,-0.07024702863194793,0.11168055736635231,0.5059044361114502
175,13.630127118468689,-0.07021122501229511,0.11056375179268879,0.6078317165374756
176,13.673825847284002,-0.07006466831772772,0.1094581142747619,0.7749407291412354
177,13.90708758881116,-0.06936402163455044,0.11836353313201428,1.5669200420379639
178,13.988016712923049,-0.06912492687275039,0.11717989780069414,1.0784447193145752
179,14.068136545793818,-0.06888822305856834,0.1160080988226872,0.9321341514587402
180,14.08745518033588,-0.06882434082798267,0.11484801783446033,0.7409520149230957
181,14.176580628532522,-0.06857088002839849,0.11369953765611572,0.9852750301361084
182,14.114814822247196,-0.06913517122811451,0.11256254227955456,0.3302760124206543
183,14.083666674024723,-0.06935291042492428,0.11143691685675902,0.48726439476013184
184,13.992830007284477,-0.07065938132067504,0.11032254768819143,0.18876218795776367
185,13.932901707211633,-0.07120278750746828,0.1092193222113095,0.3569643497467041
186,13.983572690139516,-0.0704907596323936,0.1181271289891964,0.7662148475646973
187,13.893736963238121,-0.07178585203606966,0.11694585769930443,0.19603490829467773
188,13.89479959360574,-0.07178227922999467,0.11577639912231139,0.6545248031616211
189,13.995851597669683,-0.07148112310436139,0.11461863513108828,0.9681718349456787
190,13.905893081692987,-0.07276631187331778,0.11347244877977739,0.20381903648376465
191,13.906834150876058,-0.0720386487545846,0.1223377242919796,0.6636042594909668
192,13.837765809367298,-0.07274683369561019,0.12111434704905981,0.29361414909362793
193,13.799388151273623,-0.0730193653586541,0.1199032035785692,0.42571401596069336
194,13.831394269760887,-0.07287740699918521,0.11870417154278351,0.6932578086853027
195,13.963080327063278,-0.07251900329956373,0.11751712982735567,1.1712579727172852
196,13.963449523792645,-0.07250809898085381,0.1163419585290821,0.5764079093933105
197,13.87381502855472,-0.07378301799104527,0.11517853894379128,0.23063421249389648
198,14.015076878269172,-0.07304518781113481,0.12402675355435336,1.2234137058258057
199,13.944926109486481,-0.07374330736159489,0.12278648601880983,0.28658246994018555
200,14.065476848391615,-0.07339048967259432,0.12155862115862173,1.1372082233428955
201,14.014822079907699,-0.07376769588697948,0.12034303494703552,0.4693608283996582
202,13.964673859108622,-0.07414113003922079,0.11913960459756516,0.37570834159851074
203,13.885027120517536,-0.07506638540549525,0.11794820855158951,0.27019429206848145
204,13.906176849312361,-0.0749407215514403,0.11676872646607361,0.6338169574737549
205,13.867115080819238,-0.07419131433592589,0.12560103920141288,0.498476505279541
206,13.888443930011045,-0.07344940119256663,0.13434502880939875,0.6545701026916504
207,13.879559490710935,-0.07348413794987173,0.13300157852130476,0.5430731773376465
208,13.910763895803825,-0.07333753186449066,0.1316715627360917,0.7789888381958008
209,13.941656256845787,-0.0731923918399634,0.1303548471087308,0.7240357398986816
210,13.992239694277329,-0.07298678371103745,0.1290512986376435,0.7768821716308594
211,13.982317297334555,-0.07302614664315785,0.12776078565126706,0.6180529594421387
212,13.97249412436121,-0.07306511594595703,0.12648317779475438,0.5836293697357178
213,14.002769183117598,-0.07292270008061512,0.12521834601680684,0.6906239986419678
214,13.982741491286422,-0.07302680641314231,0.12396616255663877,0.5815896987915039
215,13.922914076373559,-0.07354653834901088,0.12272650093107237,0.32930994033813477
216,13.893684935609823,-0.0737201638746117,0.12149923592176165,0.43207335472106934
217,13.924748086253725,-0.07357119752998323,0.12028424356254404,0.7086911201477051
218,13.985500605391188,-0.0728354855546834,0.1290814011269186,0.8560705184936523
219,13.995645599337276,-0.07277379736580324,0.12779058711564942,0.6160593032836914
220,14.015689143343904,-0.0726710593921452,0.1265126812444929,0.7152330875396729
221,14.125532251910466,-0.07234434879822374,0.125247554432048,1.056093454360962
222,14.304276929391362,-0.0716209053102415,0.13399507888772752,1.4251115322113037
223,14.261234160097448,-0.07190469625713908,0.13265512809885024,0.44089794158935547
224,14.248621818496474,-0.07195488006379847,0.13132857681786175,0.49178576469421387
225,14.33613560031151,-0.07167011387185614,0.13001529104968312,0.9911761283874512
226,14.322774244308395,-0.07172264350236834,0.12871513813918628,0.5589601993560791
227,14.44954650186531,-0.07100541706734466,0.1374279867577944,1.153878927230835
228,14.375051036846656,-0.07029536289667121,0.1460537068902165,0.2725691795349121
229,14.35130052647819,-0.07042574260103783,0.14459316982131432,0.5119774341583252
230,14.347787521213407,-0.07043577088931316,0.14314723812310118,0.6013355255126953
231,14.304309646001272,-0.07073141318042003,0.14171576574187017,0.4283561706542969
232,14.23126654954126,-0.07145267047718726,0.14029860808445146,0.3455483913421631
233,14.238953884045848,-0.07007147710574872,0.15889562200360693,0.6705150604248047
234,14.28656434520539,-0.06937076233469124,0.16730666578357087,0.7870910167694092
235,14.243698701753335,-0.06967705471134432,0.16563359912573516,0.4941236972808838
236,14.241261714735803,-0.06969456987851659,0.1639772631344778,0.5701854228973389
237,14.308849097588446,-0.0694738146559219,0.16233749050313304,0.8508121967315674
238,14.295760606612562,-0.06954830727859344,0.1607141155981017,0.5914492607116699
239,14.302803000546437,-0.06951949087247417,0.15910697444212069,0.6090459823608398
240,14.409774970540973,-0.06922429596374942,0.15751590469769947,1.0598416328430176
241,14.475677220835564,-0.0690082434803024,0.15594074565072247,0.9819130897521973
242,14.520920448627209,-0.06884447683497306,0.15438133819421523,0.7430930137634277
243,14.515711244140936,-0.06887031778090905,0.15283752481227308,0.6001782417297363
244,14.460554131699526,-0.06929272571421106,0.15130914956415034,0.34651827812194824
245,14.57594859038253,-0.06898441384168434,0.14979605806850885,1.0384807586669922
246,14.640189104478706,-0.06877076017945798,0.14829809748782377,0.9996523857116699
247,14.683787213433918,-0.0680830525776634,0.15681511651294555,0.76943039894104
248,14.906949341299578,-0.06767249232215702,0.1552469653478161,1.632554292678833
249,14.887879847886582,-0.06699576739893545,0.16369449569433794,0.5091602802276611
250,14.919001049407717,-0.06688136528050166,0.16205755073739456,0.8401293754577637
251,14.889811038913638,-0.06704588496102998,0.16043697523002062,0.4473757743835449
252,15.200912928524502,-0.0665928174157675,0.1588326054777204,1.9084105491638184
253,15.308903799239257,-0.06554227385699445,0.17724427942294319,1.0351171493530273
254,15.395814761246864,-0.06530351778509116,0.17547183662871374,1.037187099456787
255,15.331856613634395,-0.06576159371835136,0.1737171182624266,0.34279704093933105
256,15.278538047498051,-0.06610397778116785,0.17197994707980235,0.42017436027526855
257,15.27575266702307,-0.06610960467002283,0.17026014760900432,0.6423077583312988
258,15.35299514035284,-0.06588329123201826,0.16855754613291427,0.9411876201629639
259,15.349465188949312,-0.06589112498636474,0.16687197067158513,0.6400127410888672
260,15.425970537059818,-0.06566699634519675,0.16520325096486926,0.9927341938018799
261,15.551710831689219,-0.06536746923888764,0.16355121845522058,1.2435531616210938
262,15.616193723372326,-0.06516834000104423,0.16191570627066837,0.9620795249938965
263,15.690031786138604,-0.06495143920972944,0.16029654920796169,0.8974230289459229
264,15.703131468277219,-0.0648901601117498,0.15869358371588208,0.7179887294769287
265,15.646100153594446,-0.06524125851063231,0.15710664787872325,0.45488905906677246
266,16.019639152058502,-0.064777525170809,0.155535581399936,2.3579421043395996
267,16.269442760537917,-0.0643736523581253,0.15398022558593666,1.683213710784912
268,16.506748332932535,-0.06397991583454404,0.1524404233300773,1.5881462097167969
269,16.711680849603212,-0.06361038694646887,0.15091601909677652,1.5331428050994873
270,16.90456404110718,-0.06325206085478195,0.14940685890580874,1.5235199928283691
271,16.99551840069611,-0.06300415563084952,0.14791279031675064,1.0947012901306152
272,17.10556321668915,-0.06273125693168388,0.14643366241358313,1.202021837234497
273,17.084507584522257,-0.06277061102903371,0.1449693257894473,0.6583657264709473
274,17.083662508677037,-0.06214290491874337,0.15351963253155282,0.8641092777252197
275,17.222825883590264,-0.06184405651471723,0.15198443620623728,1.2953462600708008
276,17.33059762475436,-0.06158275880671291,0.1504645918441749,1.1852281093597412
277,17.277291648506818,-0.061800264551979116,0.14895994592573317,0.533240556716919
278,17.24451873202175,-0.06189654762074504,0.14747034646647583,0.5617482662200928
279,17.31207354470153,-0.061277582144537594,0.15599564300181107,1.039475679397583
280,17.408952809254515,-0.060664806323092214,0.16443568657179297,1.2567055225372314
281,17.78486328116197,-0.06005815825986129,0.17279132970607505,2.495408773422241
282,17.73701464835035,-0.060226807446493454,0.1710634164090143,0.619654655456543
283,17.799644501866844,-0.060041206038695186,0.16935278224492414,1.0931141376495361
284,17.861648056848175,-0.05944079397830823,0.1776592544224749,1.036759614944458
285,17.90303157627969,-0.05884638603852515,0.18588266187825017,0.9955451488494873
286,17.96400126051689,-0.058674588844806565,0.18402383525946767,0.94059157371521
287,17.924361247911722,-0.058802128670644216,0.182183596906873,0.6159305572509766
288,17.925117635432606,-0.058769662939493324,0.18036176093780426,0.7286698818206787
289,17.945866459078278,-0.058681966310098393,0.1785581433284262,0.8256149291992188
290,18.086407794487496,-0.05840764664699741,0.17677256189514196,1.404890537261963
291,18.06554371654262,-0.05844857018052743,0.17500483627619054,0.6709938049316406
292,18.184888279377194,-0.057864084478722155,0.18325478791342864,1.321540117263794
293,18.16303939658342,-0.05791044363393493,0.18142224003429436,0.6934905052185059
294,18.231409002617585,-0.05773133919759558,0.1796080176339514,1.105827808380127
295,18.32909491259141,-0.05751116866276248,0.1778119374576119,1.187685251235962
296,18.305803963465497,-0.05693605697613485,0.1860338180830358,0.6912672519683838
297,18.28274592383084,-0.056991696406373506,0.18417347990220542,0.6404204368591309
298,18.459918464592533,-0.05669955722008755,0.18233174510318337,1.6070539951324463
299,18.41531927994661,-0.05684684736217239,0.18050842765215153,0.5776872634887695
300,18.53116608714714,-0.05627837888855066,0.18870334337563002,1.3087084293365479
301,18.52585442627567,-0.0562711506552207,0.18681630994187373,0.843395471572876
302,18.480595882012913,-0.05642272486295421,0.184948146842455,0.6658413410186768
303,18.615789923192786,-0.05585849761432467,0.19309866537403045,1.305173397064209
304,18.599632023960858,-0.055888147932299063,0.19116767872029014,0.7288696765899658
305,18.51363570372125,-0.056329266452976076,0.18925600193308723,0.4195253849029541
306,18.578499346684037,-0.05576597378844631,0.19736344191375635,0.9853293895721436
307,19.0827143532172,-0.05520831405056185,0.2053898074946188,3.105428457260132
308,18.971887209685026,-0.05590623091005623,0.2033359094196726,0.3167555332183838
309,19.032168337588175,-0.05574716860095567,0.2013025503254759,1.095167636871338
310,19.011846654212295,-0.055777932209063755,0.19928952482222112,0.687349796295166
311,18.98172818767017,-0.055845152886973115,0.1972966295739989,0.6314957141876221
312,18.991910905793468,-0.05528670135810338,0.20532366327825893,0.9177939891815186
313,18.89199179673553,-0.05473383434452234,0.21327042664547635,0.45353007316589355
314,18.98307187876818,-0.05454363885821997,0.2111377223790216,1.1199417114257812
315,19.083241159980496,-0.05434303005584467,0.20902634515523139,1.2321007251739502
316,19.00240874838069,-0.054708690664377134,0.20693608170367908,0.4519991874694824
317,18.982384660896887,-0.05474983905185101,0.2048667208866423,0.7419395446777344
318,19.132560814287917,-0.054496458308391324,0.20281805367777586,1.487074613571167
319,19.021235206145036,-0.05520149372530741,0.2007898731409981,0.39989757537841797
320,18.981022854083584,-0.055316145454721,0.1987819744095881,0.621863842010498
321,19.07121262554275,-0.05512012685731665,0.19679415466549224,1.258796215057373
322,19.020500499287323,-0.0552832113030292,0.19482621311883733,0.6059002876281738
323,19.12029549429445,-0.0550752067762058,0.19287795098764896,1.1252124309539795
324,19.109092539351504,-0.05508001026399929,0.19094917147777246,0.8189597129821777
325,19.49800161395799,-0.05470162395446275,0.18903967976299474,2.5463666915893555
326,19.433021597818406,-0.054154607714918125,0.1971492829653648,0.5633716583251953
327,19.538691381840223,-0.05394639497110228,0.19517779013571115,1.2704243659973145
328,19.57330446802182,-0.053841713630086906,0.19322601223435404,0.9623770713806152
329,19.497571423341604,-0.054136629827119365,0.1912937521120105,0.5858333110809326
330,19.72259570910819,-0.05383335876694341,0.1893808145908904,1.8380911350250244
331,19.68536975201711,-0.053920025179273974,0.1874870064449815,0.680957555770874
332,20.008516054496937,-0.053573132619788924,0.1856121363805317,2.2968063354492188
333,20.188430893951967,-0.05330055918832787,0.1837560150167264,1.7129340171813965
334,20.08654658501245,-0.05276755359644459,0.19191845486655915,0.4063398838043213
335,20.365681119162325,-0.052239878060480145,0.19999927031789355,2.061293363571167
336,20.3620243079707,-0.05221747927987534,0.1979992776147146,0.909064531326294
337,20.26840406489099,-0.0526043953961675,0.19601928483856745,0.5124595165252686
338,21.52572002424208,-0.052146844592890755,0.1940590919901818,6.384249925613403
339,21.54046282399966,-0.0520601587556575,0.19211850107027997,0.9847366809844971
340,23.675058195759664,-0.05158211035959028,0.19019731605957718,10.446676254272461
341,23.60830761380207,-0.05106628925599438,0.19829534289898143,0.7219839096069336
342,24.37222453766405,-0.050555626363434435,0.2063123894699916,4.210979223251343
343,24.488502292287407,-0.050327847877577866,0.2042492655752917,1.515733242034912
344,24.42361726936453,-0.04982456939880209,0.21220677291953877,0.8312211036682129
345,24.369381096670885,-0.049852639494287754,0.2100847051903434,0.7679438591003418
346,24.74568728570418,-0.04935411309934488,0.21798385813843996,2.680542469024658
347,25.108230412847135,-0.04902450639458093,0.21580401955705555,2.6173880100250244
348,25.757148108718663,-0.048312039108412905,0.243645979361485,4.008409261703491
349,28.459576627631478,-0.04772756736597743,0.28120951956787016,13.082014083862305
350,28.694980861355162,-0.04744259938462535,0.27839742437219145,2.3490076065063477
351,30.328031052741608,-0.046811923390779095,0.31561345012846953,8.074125528335571
352,32.564750742214194,-0.0463438041568713,0.3224573156271848,10.933416366577148
353,34.919103234792054,-0.045693798951123486,0.379232742470913,11.629310607910156
354,34.63991220244414,-0.04523686096161225,0.38544041504620385,0.3303401470184326
355,39.29351308041969,-0.04480449235199613,0.3815860108957418,22.157618522644043
356,40.1805779496155,-0.04420019742847617,0.40777015078678436,5.479796886444092
357,41.19877217011934,-0.04368777291898014,0.4236924492789165,6.06577730178833
358,41.116784448418144,-0.04325089518979034,0.42945552478612736,1.4179461002349854
359,41.295616603933965,-0.04298787776331616,0.4251609695382661,2.506037950515747
360,41.95266043789462,-0.04209070926605683,0.4809093598428834,4.742651462554932
361,41.723133833515675,-0.041143486383922574,0.4961002662444546,0.8458988666534424
362,46.07590249518052,-0.04066915843832234,0.53113926358201,20.66929006576538
363,47.71514347022872,-0.04026246685393912,0.5358278709461899,9.09837031364441
364,48.19799203552643,-0.039755675518733054,0.550469592236728,4.0878987312316895
365,49.00601211517117,-0.0392030800038558,0.5749648963143608,5.713484764099121
366,49.02595199401945,-0.03881104920381724,0.5792152473512172,2.3175816535949707
367,51.83569247407925,-0.03836233265117301,0.6034230948777051,13.844561100006104
368,52.17733554933846,-0.0377461511851264,0.627388863928928,3.7274694442749023
369,52.54556219384507,-0.03725633012271334,0.6411149752896388,3.978067398071289
370,52.21010657190662,-0.03635745103201252,0.6547038255367424,0.8496279716491699
371,52.60800550618756,-0.03577648521734456,0.6781567872813751,3.9424736499786377
372,57.081925451125684,-0.035438720365171116,0.6713752194085613,21.510220289230347
373,57.991106196614425,-0.03440865748584373,0.7746614672144756,6.509484767913818
374,58.12119513464828,-0.03350119062929515,0.8169148525423309,3.0696396827697754
375,57.9099831833018,-0.032625638182461655,0.8387457040169076,1.5279805660247803
376,57.65088335146878,-0.03167438180063704,0.8603582469767386,1.429922103881836
377,57.65437451795409,-0.031012810396423767,0.8817546645069712,2.447158098220825
378,57.21783077277455,-0.03070268229245953,0.8829371178619014,0.6826057434082031
379,57.0556524650468,-0.029907850591486155,0.9041077466832824,1.840827226638794
380,56.58509594039633,-0.030608772085571292,0.8950666692164496,0.38368701934814453
381,56.87924498099236,-0.02983756808564581,0.9361160025242852,3.805715799331665
382,56.43045253118243,-0.028705859071456022,0.9467548424990423,0.4759647846221924
383,56.126148005870604,-0.02841880048074146,0.9472872940740519,1.1005797386169434
384,55.9648865258119,-0.028134612475934045,0.9478144211333114,1.716202735900879
385,56.54523766055378,-0.02732695056170102,1.0083362769219784,5.022626876831055
386,56.52978528394824,-0.026144590146993104,1.0582529141527586,2.4352493286132812
387,57.09448743110876,-0.025794648670301932,1.067670385011231,4.625533103942871
388,57.14354255679767,-0.02521412153843762,1.0869936811611187,2.6389126777648926
389,57.912107131229696,-0.0248873534573816,1.0961237443495075,5.832042217254639
390,57.4329860599174,-0.025638479922807784,1.0851625069060125,0.3487398624420166
391,57.77865619931823,-0.025382095123579706,1.0843108818369522,3.9113550186157227
392,57.62086963732504,-0.02512827417234391,1.0834677730185827,1.9511520862579346
393,57.19466094095179,-0.024210324763953805,1.092633095288397,0.5860826969146729
394,57.482714331542276,-0.02361938430701194,1.121706764335513,3.9029500484466553
395,57.91788718822685,-0.022987150859981424,1.1604896966921578,4.375586032867432
396,58.41870831634458,-0.022386908981011238,1.1988847997252363,4.403207302093506
397,58.58452123318113,-0.021629706557867792,1.236895951727984,3.110325813293457
398,58.59867602084932,-0.021246742825622448,1.2445269922107043,2.5565602779388428
399,58.31268926064082,-0.02070094206403289,1.2520817222885972,1.2791264057159424
400,58.31956236803442,-0.019985458067121376,1.2795609050657113,2.4726014137268066
401,57.96636674435407,-0.01978560348645016,1.2767652960150542,0.9299860000610352
402,59.976703076910525,-0.019433307297145503,1.3139976430549036,11.967281341552734
403,60.426936046141414,-0.019048498033697858,1.3308576666243546,4.804784297943115
404,60.63266668568,-0.018487642682990506,1.357549089958111,3.380326986312866
405,60.826340018823196,-0.0179277662561606,1.38397359905853,3.401484966278076
406,60.68807661863496,-0.017535722636152187,1.3901338630679447,1.9988327026367188
407,61.68119585244861,-0.016860365409790665,1.4662325244372654,6.535150527954102
408,61.874383893924126,-0.0165683049655693,1.4715701991928927,3.43961238861084
409,61.34564005498489,-0.016402621915913608,1.4668544972009638,0.4594457149505615
410,63.00218365443504,-0.01597427851613773,1.5221859522289543,9.990801334381104
411,63.41216181789069,-0.015718381884822507,1.5269640927066648,5.016008138656616
412,64.38804019971178,-0.015312750861005338,1.561694451779598,6.95064115524292
413,65.19415979771466,-0.01467686473170563,1.6260775072618021,6.054991006851196
414,66.23221819973752,-0.01429340969385603,1.6598167321891841,6.951212406158447
415,66.00989601774013,-0.013695930142372015,1.6732185648672924,1.7547812461853027
416,70.34979705756272,-0.013558970840948295,1.6664863792186195,20.867722988128662
417,69.7362990869871,-0.013423381132538813,1.6598215154264333,0.41501736640930176
418,69.40893609611723,-0.013559417591483696,1.643223300272169,1.559253454208374
419,69.35484673515606,-0.012955073415568858,1.6667910672694473,2.7529759407043457
420,68.90129826780449,-0.011992189348079836,1.6801231565967527,1.0028328895568848
421,71.42228528512643,-0.011778809510673805,1.7033219250307852,14.165122509002686
422,72.33806243227517,-0.011231573562806331,1.7662887057804775,6.859234571456909
423,72.8846818079524,-0.010489336567335748,1.8386258187226727,5.312835216522217
424,72.38583498987289,-0.009514877984271086,1.850239560535446,0.9140477180480957
425,76.66197663997416,-0.009439729204428374,1.8317371649300915,20.67069697380066
426,76.50535687357441,-0.008525659781236549,1.8734197932807906,2.5458474159240723
427,76.87030330483866,-0.008086420882539228,1.9046855953479827,4.62343692779541
428,76.47160027179028,-0.007465016133173295,1.915638739394503,1.4899308681488037
429,76.04688426907238,-0.006508013030665092,1.9364823520005578,1.3238496780395508
430,76.10641542638164,-0.006077079241821855,1.9571175284805522,3.4281792640686035
431,76.08535127211782,-0.005340632773727961,1.9975463531957467,3.0512728691101074
432,76.37449775939663,-0.004715797874562109,2.047570889663789,4.821990966796875
433,76.03075278180266,-0.004192449419626012,2.057095180767151,1.8627252578735352
434,75.90044525398463,-0.003515604290509117,2.086524228959479,2.558849334716797
435,76.10144080144478,-0.0026471149142706925,2.1556589866698843,4.064049005508423
436,75.94042639343033,-0.0021206437651279855,2.1741023968031854,2.4491634368896484
437,75.89102212949602,-0.001817747186631635,2.182361372835153,2.7835700511932373
438,75.88211190820107,-0.0012662363814319854,2.2105377591068014,3.0327415466308594
439,75.77329078911906,-0.00033049709454074244,2.2584323815157332,2.676485776901245
440,75.24555788122787,0.0005423730937959693,2.2658480577005755,1.0041801929473877
441,75.4731023024156,0.000945112628164132,2.2931895771235697,4.391504287719727
442,74.74837127939143,0.0009356615018824907,2.280257681352334,0.11988973617553711
443,74.12088756659753,0.0009263048868636658,2.2674551045388105,0.4676485061645508
444,73.60967869093156,0.0017866070553863335,2.274780553493422,0.9673962593078613
445,74.15358190402225,0.00239374098483247,2.3420327479584877,5.526538133621216
446,73.92204608498203,0.002761960437729243,2.3486124204789025,2.1264264583587646
447,74.6528256241322,0.003210531309542427,2.4051262962741133,5.866852760314941
448,75.04629736789089,0.0037924610841663007,2.4610750333113725,4.743306875228882
449,75.40583439421198,0.004114896833684998,2.4864642829782584,4.67613410949707
450,76.82177605026986,0.004442411459818193,2.5515996401484755,8.979787826538086
451,76.51355828976716,0.004832769953915663,2.5560836437469905,1.8480944633483887
452,77.3384227068695,0.005224693826703551,2.6105228073095206,6.41466498374939
453,77.0550384798008,0.005784691786395698,2.6244175792364253,2.086073160171509
454,76.45448809500279,0.005726844868531741,2.6081734034440607,0.7866694927215576
455,75.96994321405276,0.005669576419846424,2.5920916694096197,1.2978241443634033
456,75.98024378191224,0.00613236117512848,2.616170752715523,3.0553152561187744
457,76.66044134409312,0.006418259785599417,2.650009045188368,5.929947376251221
458,76.13383693065218,0.006354077187743423,2.633508954736484,1.0133540630340576
459,75.66249856134566,0.006635364002072885,2.627173865189119,1.0863301753997803
460,75.1358735757322,0.006569010362052156,2.6109021265372276,0.9148895740509033
461,74.44451483997489,0.0065033202584316345,2.594793105271855,0.23475050926208496
462,74.21006969157514,0.007418679212710063,2.6288451742191365,2.153318405151367
463,75.58796899465939,0.007580341477186736,2.6625567224769453,8.568576097488403
464,75.5320893047128,0.007790252348129155,2.6659311552521756,2.7725167274475098
465,75.67676841166568,0.007823460935758975,2.6592718436996536,3.6893985271453857
466,76.63000072754902,0.00827154211587507,2.732679125262657,7.08664870262146
467,76.99370072027352,0.008985286871707469,2.805352334010031,4.693760871887207
468,76.30376371307078,0.008895434002990393,2.78729881066993,0.29032063484191895
469,77.25072607594007,0.009215836388106689,2.8394258225632307,7.34862756729126
470,77.89821881518067,0.009616635770704495,2.8910315643375983,6.486119747161865
471,78.33923662702887,0.009930305478571221,2.9221212486942223,5.41253924369812
472,78.45584426075858,0.010497669090452175,2.9629000362072797,3.8319003582000732
473,78.91128581815099,0.01095720852857991,3.013271035845207,5.345313549041748
474,79.05217295996948,0.011385270851896261,3.043138325486755,3.9616899490356445
475,78.62165123036979,0.012104751476710631,3.0527069422318873,1.4812109470367432
476,79.15543471806609,0.012438249416488979,3.0921798728095684,5.358126163482666
477,79.55388037088542,0.012818068602996358,3.1312580740814724,5.070866346359253
478,80.17834156717657,0.01339411326907907,3.2099454933406575,5.766552448272705
479,80.60655815150481,0.01374797701443706,3.2478460384072507,5.0412023067474365
480,80.53049256998978,0.01456940135388173,3.2953675780231784,2.990914821624756
481,80.93518764428987,0.014919575108937953,3.3324139022429464,5.601282358169556
482,80.25583576784696,0.014770379357848574,3.3090897632205167,0.5947375297546387
483,80.7632774101685,0.015157026709308255,3.3559988655883117,5.58287501335144
484,80.82564463606681,0.015580169085893334,3.3824388769324285,3.736442804336548
485,80.87738818970614,0.016238320883406494,3.428614488163104,3.78940749168396
486,80.60861430780908,0.016816678415313167,3.444328343281473,2.260481834411621
487,80.01252816473098,0.017600892583540986,3.4398850598486583,0.9128179550170898
488,80.43240288308367,0.01808062136262361,3.4954862092501715,5.186249256134033
489,81.12807885425283,0.018433148482330707,3.5505313471576696,6.385181188583374
490,81.5167980657103,0.018915483664174067,3.6050260336860926,5.066912889480591
491,80.80163008505319,0.018726328827532324,3.5789757733492316,0.4166383743286133
492,80.63361378420265,0.019320315539257,3.6031860156157394,2.580465078353882
493,80.32727764636063,0.01992711238386443,3.617154155459582,2.078139305114746
494,81.05400486989703,0.020446795508391798,3.700982613904986,6.325857162475586
495,81.38346482119806,0.021031801237518407,3.7639727877659364,4.682340383529663
496,81.78963017298608,0.021313286503831748,3.7963330598882767,5.177276611328125
497,82.72173387125622,0.021500153638793432,3.838369729289394,7.357380390167236
498,82.67451653254366,0.021669767487020885,3.8399860319965,3.3644211292266846
499,82.30777136721822,0.0216704611164985,3.8215861716765347,2.028853178024292
500,83.41469365354605,0.021868264277354242,3.8733703099597694,8.165442943572998
501,82.8405467170106,0.022034197019196084,3.8546366068601716,1.069044828414917
502,82.4921412498405,0.02223052171567079,3.8460902407915696,1.979508638381958
503,82.74721983734209,0.02265636464666223,3.887629338383654,4.518774509429932
504,82.75974763896866,0.023382181952576558,3.9387530449998174,3.6059494018554688
505,82.76215016257898,0.023630287843894166,3.949365514549819,3.299830198287964
506,82.76452866095319,0.023996394604009444,3.969871859404321,3.3889949321746826
507,82.74688337434365,0.024497171398710087,4.000173140810277,3.391556978225708
508,82.61941454060022,0.024823628256151555,4.010171409402175,2.966874599456787
509,82.44322039519422,0.025190776588974655,4.020069695308154,2.7606306076049805
510,81.68878819124227,0.02493886882308491,3.989868998355072,0.29744386672973633
511,81.85190030932985,0.025403765849139774,4.029970308371521,4.102267503738403
512,81.50338130623655,0.02557526010554199,4.019670605287805,2.029625415802002
513,82.47834749317418,0.025710568957000537,4.059473899234927,7.654884099960327
514,82.67356401824243,0.02623777699292073,4.108879160242577,4.592744827270508
515,82.70682837806001,0.02644051550206129,4.117790368640152,3.6008782386779785
516,82.7697600942794,0.026962627200973262,4.15661246495375,3.76941180229187
517,83.6020624933366,0.027295410567517747,4.225046340304213,6.995797634124756
518,83.79604186840324,0.027799155490968782,4.272795876901171,4.1913697719573975
519,83.0580814497192,0.027521163936059093,4.2400679181321586,0.45325708389282227
520,83.227500635222,0.028145952296698504,4.297667238950837,4.089659690856934
521,83.34522562886978,0.028601334878994675,4.334690566561329,4.036117076873779
522,83.31177337258109,0.02906532153020473,4.361343660895716,3.5249252319335938
523,83.04865563885527,0.029300984104376364,4.357730224286758,2.3167426586151123
524,83.76816908246671,0.029588619424622924,4.41415292204389,6.5463128089904785
525,83.71048739164205,0.02967734861499208,4.410011392823451,3.2522048950195312
526,84.07338251772563,0.02988057512884216,4.435911278895217,4.900352239608765
527,84.38264869254839,0.030190465029727647,4.471552166106265,4.835582733154297
528,83.7588222056229,0.030343105833975825,4.446836644445201,0.9003942012786865
529,83.80123398356668,0.0311760384119997,4.51236827800075,3.5537607669830322
530,83.213221643731,0.0316642780278797,4.497244595220742,1.0459787845611572
531,83.90108942729368,0.03187395103707459,4.542272149268535,6.142240762710571
532,83.56207853302075,0.03235521152670385,4.546849427775849,2.0060012340545654
533,83.56645774769055,0.032864992744770144,4.581380933498091,3.3112406730651855
534,83.60079317021365,0.03334094051847187,4.6155671241631095,3.4760496616363525
535,83.7847852385115,0.033595766407404797,4.639411452921479,4.016496896743774
536,84.01693738612639,0.03382055640688215,4.663017338392264,4.273085832595825
537,84.33676801226513,0.03417200601522712,4.7063871650083415,4.682265520095825
538,84.54340033214247,0.034496952621741524,4.739323293358258,4.353448390960693
539,84.65796632882103,0.034881149762190776,4.771930060424676,3.945103406906128
540,85.42138666553282,0.03509134447574899,4.824210759820429,8.453279495239258
541,84.9371727988775,0.03555124184180231,4.8159686522222245,2.124527931213379
542,84.11780107088872,0.03519572942338429,4.777808965700002,0.1995398998260498
543,83.81662306017984,0.035584512869891186,4.780030876043002,2.8113415241241455
544,83.07845682957803,0.03422866774119227,4.7322305672825715,0.5034129619598389
545,82.82767226128225,0.03509327761550449,4.764908261609746,3.287431240081787
546,82.21939553866942,0.03474234483934944,4.727259178993648,1.1337592601776123
547,82.86720158328272,0.035143220710683834,4.799986587203711,8.160523176193237
548,83.5185295674499,0.03533232904411754,4.841986721331674,10.88119387626648
549,82.9133442717754,0.03584857097106767,4.823566854118357,2.4191040992736816
550,83.08421082905764,0.03589008526135699,4.825331185577173,10.578179121017456
551,83.32336872076705,0.036091932072294816,4.8470778737214015,11.470738410949707
552,83.06013503355938,0.03660820573402801,4.858607094984187,5.989712238311768
553,83.75953368322378,0.03676499949368119,4.900021024034345,16.224459648132324
554,84.15193834639155,0.03712905681581755,4.951020813794001,12.96512246131897
555,83.86041896292762,0.037666857156750284,4.96151060565606,5.833829879760742
556,83.97181477329835,0.03823755700623541,5.011895499599499,9.858377933502197
557,83.44209662556537,0.03850034272649564,4.991776544603504,3.215357780456543
558,83.76767565930972,0.03906361516129965,5.061858779157469,12.13866400718689
559,83.37999890271662,0.03933964567635332,5.051240191365895,4.7310028076171875
560,83.29619891368945,0.039479582552923116,5.050727789452235,3.8573129177093506
561,83.33323692455257,0.03977444189980768,5.0702205115577135,3.4751853942871094
562,82.65990455530704,0.040626697480809604,5.0495183064421365,0.7060401439666748
563,83.39330550975397,0.040797353582924585,5.099023123377715,7.355431318283081
564,83.36937245465643,0.04100666399771262,5.108032892143937,3.7397971153259277
565,83.05567873010986,0.04155813581927395,5.1169525632224975,2.2212233543395996
566,84.83512194280875,0.04164063875226895,5.2057830375902725,11.377529621124268
567,84.37677072338067,0.04199346313397703,5.19372520721437,1.642974615097046
568,83.76300301614687,0.042443093720028566,5.171787955142226,0.9990460872650146
569,83.01537298598541,0.04090755167171717,5.120070075590804,0.3246345520019531
570,83.40521925612555,0.04115421385991803,5.158869374834896,5.199678897857666
571,83.20116706356428,0.04121886219750932,5.147280681086547,2.8045685291290283
572,82.75915539292865,0.04183231460117526,5.145807874275681,1.715939998626709
573,83.18156383899937,0.04189399145516351,5.1643497955329245,5.580172061920166
574,83.87974820060937,0.0421286463118537,5.222706297577596,6.9393439292907715
575,83.98095071860327,0.04245204069979899,5.25047923460182,3.8805429935455322
576,84.03114121141724,0.04281403714673359,5.277974442255802,4.085881233215332
577,83.78082979930306,0.043402845927808624,5.295194697833244,2.690109968185425
578,83.59302150131003,0.043430355930069005,5.282242750854912,2.7195162773132324
579,84.10709128629692,0.04366271903743498,5.329420323346362,5.9729650020599365
580,84.11602037343394,0.04404962125882534,5.356126120112898,4.145617485046387
581,84.23486016969959,0.04444245837957042,5.3925648589117685,4.449719429016113
582,84.96251156800258,0.044698670738449874,5.458639210322651,7.181633472442627
583,84.53288645232256,0.04448977926916061,5.424052818219423,1.9039242267608643
584,84.70755758779933,0.04492723441764548,5.469812290037229,4.42430567741394
585,85.63048201192133,0.04498643664974021,5.515114167136856,7.804818630218506
586,86.14417719180211,0.045120513889082225,5.5499630254654875,5.841048955917358
587,86.22273541988409,0.04541398960125523,5.574463395210833,3.787210702896118
588,85.85050806568525,0.04577617623585492,5.568718761258724,2.1721036434173584
589,85.9420029850284,0.045844730262970056,5.573031573646136,4.081701040267944
590,85.47258295517811,0.045642693216750616,5.537301257909674,1.6873369216918945
591,85.43785712562632,0.04616187604068067,5.571928245330577,3.729423761367798
592,85.09347855437007,0.04687672786850916,5.586208962877271,2.2974791526794434
593,85.73254376882636,0.04707910152942139,5.6403468732484985,6.555138826370239
594,85.5452183311381,0.04735457917084359,5.643943404516013,2.950922966003418
595,85.67976614782671,0.04758810408620586,5.667503970470853,4.329665899276733
596,86.50296848634845,0.04758841352153428,5.700828930766145,7.1902174949646
597,86.50793880148497,0.04791712708746836,5.723820641458484,3.8137617111206055
598,86.42285941347012,0.04807898145761932,5.726582435043898,3.5364811420440674
599,85.77863081933542,0.04850728255213403,5.69931661069346,1.0090258121490479
600,86.19084451114206,0.04865213098645521,5.732323444586525,5.767082691192627
601,86.10893606603064,0.049063045574026555,5.755000210140659,3.49753475189209
602,85.97784670537034,0.0492573466251356,5.757450208039252,3.2454662322998047
603,86.50806823831664,0.049484197619315905,5.80987570595886,5.864049911499023
604,87.05298755593347,0.04976949748709438,5.871776948899272,5.835495948791504
605,86.98245768037413,0.05002180251222344,5.883059179410279,3.5250303745269775
606,87.27263310357039,0.05029744655606672,5.9242285876161755,6.159156322479248
607,87.75990677253468,0.05052976620815311,5.974986301740014,6.823803424835205
608,88.18230770480933,0.05071677623837927,6.015236438722614,6.834514617919922
609,88.05048462776124,0.05114294180932882,6.035084074335387,4.004465579986572
610,88.52997978148362,0.05121974768535317,6.064733233592033,7.407991647720337
611,88.32467998366879,0.051295785502617285,6.054085901256113,6.9056315422058105
612,87.8514331838321,0.05151453496466428,6.033545042243552,4.2781689167022705
613,88.94291885199378,0.0516085266708552,6.103209591821116,20.863642930984497
614,89.57348966347384,0.05181612561467296,6.162177495902905,12.937546014785767
615,89.0877547668391,0.052761378992672574,6.170555720943876,4.268449068069458
616,88.6068772191707,0.05272157008079463,6.138850163734438,4.286131143569946
617,88.360808446979,0.05281935437998669,6.127461662097094,5.831361532211304
618,88.39720036250921,0.05305203040140421,6.146187045476123,4.016698360443115
619,88.90322835888412,0.05338481944990815,6.2147251750213615,6.315692186355591
620,89.40419607529527,0.053786223053970225,6.292577923271147,6.292991876602173
621,89.43015411454232,0.05422662169299574,6.329652144038436,4.002210855484009
622,89.5058525733969,0.05450909774410702,6.356355622598051,4.4027791023254395
623,89.44079404766292,0.05444593447750932,6.342792066372071,3.7504000663757324
624,89.5863861071863,0.0544783982096573,6.34936414570835,4.642043828964233
625,89.45052224611445,0.0549862458065081,6.3758705042512664,3.2749431133270264
626,89.5960170236533,0.05520561411767379,6.402111799208754,4.6304402351379395
627,89.08005685341676,0.055969347450181256,6.398090681216666,1.7178614139556885
628,88.34925628488259,0.05540965397567944,6.344109774404499,0.703998327255249
629,88.87576372203375,0.05542293332244747,6.370668676660454,6.409878253936768
630,88.18700608481342,0.055868703989223,6.33696198989385,1.0390841960906982
631,87.77513602396529,0.055948314821671195,6.313592369994912,2.365237236022949
632,87.81738466372563,0.05593230993432405,6.310456446294962,4.162696123123169
633,87.00921081708837,0.055372986834980806,6.257351881832013,0.3069801330566406
634,86.51911870891749,0.05534557275610468,6.224778363013693,1.6774425506591797
635,86.44392752182831,0.05593135753487275,6.262530579383555,3.5928430557250977
636,86.61948824661003,0.05604512088260095,6.27990527358972,4.759777307510376
637,86.64329336414393,0.05638354607826932,6.307106220853822,3.8990209102630615
638,85.8068604305025,0.055819710617486626,6.254035158645284,0.13632702827453613
639,85.57879182619746,0.056213894463692717,6.261494807058831,2.861870527267456
640,86.07300390793547,0.05639249625979653,6.308879858988243,6.997842788696289
641,87.10227386885612,0.056410581879209144,6.365791060398361,9.812002182006836
642,86.63125113016756,0.05634647606041705,6.332133149794378,1.9477918148040771
643,86.35493861886589,0.05696945197777899,6.348811818296434,3.1138808727264404
644,86.20138923267722,0.05738567295095894,6.3653237001134695,3.5649585723876953
645,86.27937534035044,0.057662880051236584,6.391670463112335,4.9330689907073975
646,86.51658158694693,0.057995342159815125,6.437753758481212,8.284923315048218
647,86.19141577107746,0.05852649984932808,6.4433762208964,5.6577019691467285
648,86.19950161336669,0.05874583255198423,6.458942458687436,9.160500526428223
649,86.62750659723304,0.05893356802491399,6.5043530341005615,13.538052320480347
650,87.6112315312607,0.05920909720952972,6.6093095037595555,17.180907011032104
651,87.44511921594808,0.05974376680081471,6.633216408721959,7.486822128295898
652,87.6506680237886,0.06016484765132508,6.68688424463474,11.33800721168518
653,87.32416134355071,0.06047229008390274,6.680015402188392,5.784113645553589
654,88.5809197301152,0.06047789582156136,6.753215248166508,20.115405321121216
655,88.47511053281404,0.06064234763257652,6.755683095684843,8.095423460006714
656,87.82035942748591,0.060905489373642055,6.718126264727994,2.431579828262329
657,87.25215583321105,0.061264176415389504,6.690945002080714,3.211900472640991
658,87.33963427487893,0.06148486798456894,6.714035552059907,10.187159538269043
659,87.09623793213014,0.06166367009837404,6.706895196539308,6.6163246631622314
660,88.09527555280884,0.061849172434823456,6.799826244573914,19.942773580551147
661,88.67432279728075,0.06164163961458481,6.8018279821281755,15.48983359336853
662,88.44757956930793,0.06178279897601472,6.793809702306893,7.031925439834595
663,88.56310377361486,0.06216497098625457,6.835871605283824,10.500432968139648
664,90.0574727358787,0.062089539763786984,6.907512889230985,22.82446312904358
665,89.56689800851991,0.062200351683222285,6.8784377603386755,4.299461126327515
666,89.50122902843471,0.06230123973265512,6.879653382735289,6.594271183013916
667,89.30621673815037,0.06239251304961428,6.870856848907936,7.412764549255371
668,89.16315457076887,0.062435254585784805,6.862148280418856,7.85111927986145
669,90.51152302506117,0.06252518775421267,6.963526797614667,21.323785305023193
670,90.92640779481054,0.06288478436151904,7.033891529638519,12.701769590377808
671,91.49714371686244,0.06306674732871466,7.093552614342134,14.454744100570679
672,91.51217227969381,0.06318876802747052,7.102617088198713,9.828621864318848
673,91.86705055689687,0.06342302207947928,7.151590917316725,13.32399868965149
674,91.7483800513279,0.06353879185868448,7.150075008143558,8.266423463821411
675,91.95089625081462,0.06361768965438334,7.168574258062122,7.442565679550171
676,92.10138728830647,0.06354226042139093,7.166888515481501,11.308204174041748
677,92.8403734154234,0.06362972938344208,7.225219630326686,17.51286482810974
678,92.76196968126916,0.06369931444254884,7.22296743402342,8.844080686569214
679,92.22434998445647,0.06408796232376437,7.200737759683185,4.085671424865723
680,92.9821064846119,0.06404232079576483,7.238730382086353,17.66423773765564
681,92.21228541976578,0.06465189758780718,7.19634307826549,1.7150218486785889
682,92.58016256556813,0.06478057241037871,7.234379647482835,13.539217472076416
683,91.95436093991245,0.06579943335294158,7.222035851008006,3.1310465335845947
684,91.90481733051332,0.06606097924929721,7.239815492497926,9.027726650238037
685,92.5357691572082,0.06598101461809457,7.2674173375729465,16.32622528076172
686,92.31041146563611,0.06632120447191361,7.274743164197217,7.34498143196106
687,92.55730735097974,0.06659816336736542,7.321995732555244,12.422550201416016
688,92.56173427746995,0.06668486990573477,7.328775775229692,9.768188238143921
689,92.99611693469525,0.06682684473608919,7.375488017477395,14.34452748298645
690,93.0961557653483,0.06703236269649528,7.401733137302621,10.778433561325073
691,92.75519420769481,0.0673789882220727,7.397715805929595,6.111348628997803
692,93.36764226561787,0.06754935418400781,7.463738647870299,16.100768566131592
693,92.8739658429617,0.0673284060967132,7.419101261391596,4.64761209487915
694,92.81522618453208,0.06745971973689549,7.42491024877768,9.093699216842651
695,92.05707392268675,0.06737335783364419,7.370661146289903,1.8019793033599854
696,92.42650318345989,0.06724225991422247,7.376954534827004,13.770523309707642
697,93.11223815162529,0.06743940253247155,7.453184989478734,17.020156383514404
698,93.70111577010903,0.06762027166504157,7.518653139583946,13.64815878868103
699,93.24410461240794,0.06756906894839115,7.483466608188106,5.017669677734375
700,94.30166356628385,0.06769739835940976,7.578631942106225,21.007319688796997
701,95.408646930621,0.0676057902294742,7.632845622685163,21.633135080337524
702,94.8645604613148,0.06790534208327702,7.60651716645831,4.364800453186035
703,94.82591485670164,0.06766584910200468,7.580451994793727,9.537559747695923
704,94.32765570813463,0.06787807949987353,7.55464747484579,4.709208726882935
705,94.05437915105328,0.0679455673615912,7.539101000097332,6.967345237731934
706,94.56383535954275,0.06774887030866494,7.543709990096359,15.173203945159912
707,94.02819700594732,0.06829089380070025,7.528272890195395,4.276873826980591
708,93.39791503588785,0.06857572679817711,7.492990161293441,3.2440381050109863
709,92.98393588552896,0.06865920029942611,7.468060259680506,5.466238498687744
710,92.22409652667368,0.06914907888466715,7.423379657083701,1.809739589691162
711,92.21185556140694,0.06944659908483146,7.449145860512863,9.534757137298584
712,92.85973700579285,0.06945277003665831,7.494654401907734,16.519136667251587
713,93.20113963573492,0.06954564391109488,7.529707857888657,11.508243322372437
714,93.85912823937757,0.069542011371355,7.574410779309771,16.56123924255371
715,93.2005369569838,0.06991801982907002,7.5386666715166735,2.937156915664673
716,92.99853158741396,0.0700407574389985,7.533280004801507,7.666176080703735
717,93.43854627153983,0.06999728417117786,7.557947204753492,14.419542789459229
718,93.08416080882444,0.07033179408808676,7.5523677327059575,6.106527328491211
719,93.31331920073619,0.07040433821617141,7.576844055378897,12.138190507888794
720,92.68018600872882,0.07070029483400969,7.541075614825108,3.1536738872528076
721,92.23338414864153,0.07061829188566959,7.505664858676857,4.2575154304504395
722,91.65105030715512,0.07050034426093055,7.460608210090089,1.9147353172302246
723,91.39453980408356,0.070552916575897,7.446002127989187,3.3256771564483643
724,91.15059440604273,0.0710414172608843,7.461542106709295,3.358804941177368
725,91.2290884619823,0.07124009399736636,7.486926685642202,5.102277994155884
726,91.15679757736248,0.07148007400977364,7.50205741878578,4.194417715072632
727,90.49522960158886,0.0715652732696759,7.457036844597923,1.1975047588348389
728,91.66027730557296,0.07133271232441876,7.492466476151944,10.441512823104858
729,91.16367453251723,0.07109557567736505,7.447541811390424,2.040523052215576
730,90.97203778719206,0.07121795325392473,7.443066393276521,3.5874524116516113
731,91.12231740932015,0.07144916994780058,7.478635729343756,5.180731296539307
732,91.41109423522694,0.07156801158165592,7.513849372050318,6.0396833419799805
733,91.75698329287468,0.07172534733885523,7.558710878329815,6.428661584854126
734,91.75941345994593,0.07187765908285798,7.573123769546516,4.71839165687561
735,91.05181932534647,0.07211126344441035,7.527392531851051,1.0236926078796387
736,90.441301132093,0.07205681747663291,7.4821186065325405,1.4925014972686768
737,90.59688812077208,0.07218530590564017,7.507297420467214,5.163083553314209
738,91.09091923956436,0.07246345284658376,7.5822244462625425,6.844088792800903
739,90.5900100471687,0.07271442807421548,7.556402201799917,2.079354763031006
740,90.49410994669702,0.07272802453421406,7.550838179781918,4.078190088272095
741,90.45916884723006,0.07280534199002134,7.555329797984099,4.555225133895874
742,90.79457715875775,0.07320632082818564,7.629776500004258,6.357135534286499
743,91.67663138717018,0.07325638052493172,7.703478735004216,9.163296222686768
744,91.73986507329847,0.07313606161764158,7.696443947654174,5.104511737823486
745,91.64246642256548,0.07313640831853833,7.689479508177633,4.190638780593872
746,91.94604175833982,0.07314274915338573,7.712584713095856,6.018641233444214
747,91.56658134075643,0.0731520624025926,7.685458865964897,2.7760584354400635
748,90.79091552734886,0.07313482749285238,7.628604277305247,0.6703386306762695
749,90.95300637207536,0.07324460071325095,7.652318234532195,5.523630857467651
750,91.47347630835462,0.07349117568513941,7.725795052186873,7.006305932998657
751,91.97874154527108,0.0736717568860345,7.788537101665004,7.207826137542725
752,92.01895412981835,0.07366420598384082,7.790651730648354,4.77367091178894
753,91.64876458852017,0.07438210937854788,7.80274521334187,2.8220772743225098
754,92.09227694263497,0.07452064122593886,7.854717761208452,8.531986951828003
755,91.77135417320861,0.07494210148034613,7.856170583596367,6.323286771774292
756,92.45364063147652,0.07506768046554267,7.927608877760404,16.758353233337402
757,93.01910422516174,0.07512237278840402,7.9783327889828,15.776561498641968
758,92.81891318291012,0.07546703947147888,7.988549461092972,5.420201063156128
759,94.65072405108103,0.0752196154535757,8.058663966482042,29.180368661880493
760,94.71421681057022,0.07525949850696073,8.068077326817221,10.702432870864868
761,94.80707464246453,0.0752761342911219,8.077396553549049,11.060067415237427
762,94.58900389603988,0.07548227705779972,8.076622588013558,7.73078727722168
763,95.32311385707949,0.07550126381103126,8.135856362133422,17.778992176055908
764,95.3198827185087,0.07579888275186832,8.164497798512087,9.862698793411255
765,95.4366838913236,0.0760689313075272,8.202852820526966,11.21260666847229
766,94.80231705241036,0.07718324199445194,8.190824292321697,2.1135716438293457
767,94.74429388188625,0.0774226455295636,8.208916049398479,8.510746955871582
768,94.61685094306738,0.07750207761085333,8.206826888904494,8.611324071884155
769,94.6606824336367,0.0775351376428256,8.214758620015449,10.384375095367432
770,94.34407560930032,0.07787089737750845,8.212611033815294,6.543203592300415
771,93.71063485320732,0.07870509162953981,8.190484923477142,3.235999822616577
772,93.74352850467525,0.07874278298128565,8.19858007424237,10.092397689819336
773,93.90609321962849,0.07886444606056371,8.226594273499947,11.58849549293518
774,94.1070322874322,0.07895299458241421,8.254328330764947,12.007819414138794
775,93.39596196455788,0.07903302985398138,8.201785047457298,2.4143943786621094
776,93.7120023449123,0.07904269955544156,8.229767196982724,13.198866605758667
777,94.11488232146318,0.07899854121660356,8.257469525012896,14.104048490524292
778,94.14373349824855,0.07934257642299423,8.294894829762766,10.227146625518799
779,94.50229616326607,0.07962607373568736,8.36194588146514,13.763673782348633
780,95.19727320163341,0.07974444714467195,8.438326422650489,17.34228491783142
781,95.95530046961707,0.07988267518784511,8.523943158423984,17.979346752166748
782,96.4657474649209,0.0797641205448102,8.548703726839744,15.470908164978027
783,96.58108999027168,0.07961462748751025,8.543216689571347,11.328428268432617
784,97.16527909036895,0.07946364250295772,8.567784522675632,15.587055683135986
785,97.67362629946527,0.07954738445630652,8.622106677448876,14.18926739692688
786,97.62689003647063,0.07971965254722732,8.635885610674388,10.237094163894653
787,98.35062113610593,0.07986363249234328,8.719526754567644,18.360573053359985
788,98.36711492474487,0.08006499616741986,8.742331487021968,10.555675506591797
789,98.7034437754974,0.07994616438756384,8.754908172151747,14.057641744613647
790,98.14640933774244,0.08030949344136262,8.72735909043023,4.56017804145813
791,97.71494524436501,0.08096094396149446,8.730085499525927,5.785962820053101
792,97.42779579192135,0.08102089973927082,8.712784644530668,7.33573317527771
793,98.18351783400215,0.08084652889216713,8.74565679808536,16.175301790237427
794,99.03168265566212,0.08063915649942033,8.778200230104506,19.494354486465454
795,99.5713658291055,0.08055171918279214,8.81041822780346,16.00242042541504
796,99.87565217081445,0.08051543276019499,8.832314045525425,13.730428695678711
797,99.3468956491063,0.08098687417727389,8.813990905070172,4.905658483505249
798,99.25342669261525,0.08117700543550115,8.82585099601947,7.050904750823975
799,99.3008924256891,0.0813267738426846,8.847592486059275,5.240091323852539
800,99.1378835014322,0.08159784345365534,8.859116561198682,4.036148309707642
801,98.47650466641788,0.08199398623123999,8.820525395586696,1.638629674911499
802,99.0917396197537,0.08186154636892759,8.852320141630829,7.7705230712890625
803,98.51082222355616,0.0815307357832871,8.79379694021452,2.1211912631988525
804,98.87571400132059,0.08153024324026903,8.825858970812375,6.536660671234131
805,98.99695686130738,0.08152575161867716,8.83760038110425,5.35169243812561
806,99.70698729269431,0.0815340235142551,8.899224377293208,8.227306127548218
807,99.61991741976736,0.08159780415823342,8.900232133520277,4.4522929191589355
808,100.01371824556969,0.08150125057708275,8.921229812185073,6.825498819351196
809,99.523581063114,0.08127447336542958,8.872017514063222,2.446629762649536
810,99.91834525248285,0.0812530955382501,8.903297338922588,6.831733703613281
811,100.06916179995802,0.0813101298002589,8.92426436553336,5.668912887573242
812,100.99847018195845,0.08117060363178999,8.975021721878027,9.577545166015625
813,102.00848548013886,0.08105196690240278,9.035271504659248,10.018558740615845
814,102.78840062533746,0.08113033612226764,9.114918789612656,8.810197114944458
815,102.79051661908409,0.08158116868337506,9.16376960171653,4.971398830413818
816,104.12261145289324,0.08144332309823622,9.242131905699363,11.510945558547974
817,104.1913853383643,0.08143970067806468,9.249710586642369,5.405227899551392
818,103.53947148498065,0.08216376520974557,9.227213480775946,1.945136308670044
819,103.17407677013085,0.08223764994570781,9.204941345968187,3.1862807273864746
820,103.03233600242955,0.08242650940130693,9.212891932508505,4.395583391189575
821,102.93201264240525,0.0827850400062186,9.24076301318342,4.675626993179321
822,103.2826925159812,0.08282675482354772,9.278355383051586,6.5428736209869385
823,102.96986559082139,0.08297070949753446,9.26557182922107,3.6273672580718994
824,102.03016693491317,0.08214100240255912,9.18291611092886,0.38602781295776367
825,102.19986526556403,0.0821599285129873,9.20108694981957,5.779052257537842
826,101.7178666129084,0.08244944033896853,9.179076080321375,2.5648691654205322
827,102.1906879467793,0.08263165734497481,9.247285319518161,7.479296922683716
828,102.74878106731151,0.08250154330317062,9.27481246632298,8.427513599395752
829,101.9812932566384,0.08244575863936969,9.21206434165975,1.3394653797149658
830,102.39148032407202,0.08246046189213684,9.249943698243152,7.033071756362915
831,102.5275655208313,0.08249792623873271,9.26744426126072,5.636378049850464
832,102.34228986562299,0.08226818507158348,9.234769818648115,4.072582483291626
833,103.02886696696675,0.08208877807466881,9.262422120461633,8.092723608016968
834,103.74857829729707,0.08206789029392211,9.319797899257017,8.495007753372192
835,103.77109251432411,0.08190758874947345,9.306599920264446,5.06596565246582
836,102.94338158918086,0.08204089381435967,9.2435339210618,1.0554757118225098
837,102.61394777328906,0.08207762773335893,9.221098581851182,3.648512840270996
838,101.79780829555615,0.08220923240840629,9.158887596032669,1.1247549057006836
839,101.64983021260059,0.08230668031420728,9.157298720072342,4.2691802978515625
840,102.05333191047458,0.08239910646881168,9.205725732871619,6.807177543640137
841,102.67279859136984,0.08242877394070894,9.263668475542902,7.9891579151153564
842,102.40607060545615,0.08239395988551237,9.241031790787472,3.5663084983825684
843,102.20200989940159,0.082667581262267,9.248621472879597,3.911806106567383
844,102.33998980040757,0.08270297441516157,9.2661352581508,5.938152313232422
845,102.2065899024035,0.08288718062606613,9.273473905569292,4.373306035995483
846,103.26452400337945,0.0827313857428824,9.330739166513599,9.972299098968506
847,104.72187876334564,0.08246632088143752,9.387431774848464,13.14447569847107
848,105.8546599757122,0.08232973106711855,9.45355745709998,10.503467082977295
849,107.09611337595507,0.0823325207129691,9.55902188252898,11.300549983978271
850,108.15515224219551,0.08226036921475961,9.63343166370369,10.746089935302734
851,107.86360071977356,0.08245042375046012,9.627097347066652,3.7832703590393066
852,107.75496471257583,0.08296612569852253,9.670826373595986,4.614680290222168
853,107.69741506545006,0.08311685659840005,9.684118109860025,5.0951948165893555
854,107.61044091479555,0.08329578904251707,9.697276928761424,4.691766977310181
855,108.0743365056476,0.08343685712611787,9.76030415947381,7.451023817062378
856,108.19359314059112,0.08351915522152335,9.782701117879071,5.617995262145996
857,107.89165720918521,0.08358139956674401,9.764874106700281,3.755903720855713
858,106.99274063709336,0.08385669668218768,9.697225365633278,0.8918991088867188
859,106.93281323072243,0.0837111990222965,9.680253111976945,4.846003293991089
860,106.42348509841521,0.08358837274635925,9.633450580857177,2.8298134803771973
861,107.37925024743106,0.08364357812780654,9.727116075048604,9.891093254089355
862,107.79545774495675,0.08367962556800498,9.769844914298119,7.337174415588379
863,107.93750316750717,0.08407233750904625,9.832146465155137,5.99062180519104
864,107.9181281358321,0.0843636896056539,9.863825000503587,5.103376150131226
865,107.88894685447379,0.08437719556674021,9.86518675049855,5.008307933807373
866,107.72005738592904,0.08419276427041347,9.836534882993565,4.5136027336120605
867,108.01285681206976,0.08415375633573854,9.858169534163629,6.694390535354614
868,107.81272824394905,0.08399403695419934,9.829587838821993,4.194057464599609
869,107.84460096150956,0.08414508757564834,9.851291960433773,5.4231626987457275
870,107.32615495189447,0.08401792241417756,9.802779040829437,2.8148603439331055
871,108.21289340237551,0.08384100849615823,9.844751250421144,9.28188180923462
872,108.32076446835175,0.0840110017725412,9.876303737916933,5.666157960891724
873,107.90755682366824,0.08436492160556205,9.867540700537763,3.18949818611145
874,108.57848125543156,0.08432127238950643,9.918865293532386,8.553626298904419
875,109.01269644287723,0.08426753334982189,9.949676640597064,7.333414793014526
876,109.44256947844845,0.08421433170053419,9.980179874191094,7.095639705657959
877,110.28814378366395,0.08409383786806493,10.030378075449184,9.442949771881104
878,110.88526234582731,0.08407642890114898,10.080074294694692,8.645907163619995
879,110.40640972236903,0.08402931540578829,10.039273551747746,3.2741308212280273
880,110.15234562514534,0.08424784578114217,10.038880816230268,4.279056787490845
881,110.30082216889389,0.08436536732333075,10.068492008067967,6.366350412368774
882,109.95781394720495,0.08457434522904482,10.057807087987287,3.9009127616882324
883,109.66823580773291,0.08459279930761857,10.037229017107414,4.1407318115234375
884,110.15155344965558,0.08444307384618795,10.056856726936338,8.584335803985596
885,109.68003791515902,0.0842335637426467,10.006288159666976,3.8936729431152344
886,108.88323753600743,0.08472456143855357,9.956225278070306,1.9939813613891602
887,109.54440516064736,0.08450588725273946,9.976663025289602,11.077056646347046
888,108.84896110904089,0.08441082838021206,9.916896395036705,2.4850404262542725
889,109.68047149795048,0.08440005342974329,9.987727431086338,11.579035520553589
890,109.89366678297097,0.08454841930765959,10.027850156775475,7.876070022583008
891,110.64473011514126,0.08445969187133975,10.07757165520772,9.464653730392456
892,110.56828281398984,0.08487723087495645,10.116795938655644,5.300563097000122
893,112.79259998584993,0.08456899910674742,10.205627979269087,17.49351668357849
894,113.57467398599142,0.08445629340887366,10.253571699476396,9.884595155715942
895,112.46892724613151,0.08361173047478491,10.161035982481632,0.1558675765991211
896,111.9542379736702,0.08359528530118461,10.119425622656816,3.166703701019287
897,111.2746955939335,0.08366842335726368,10.068231366430249,2.2722620964050293
898,111.29194863799417,0.08380519045112467,10.087549052765945,5.8858301639556885
899,110.87902915161423,0.08382428140375628,10.056673562238286,3.592417001724243
900,111.04023886009809,0.08369470000704154,10.056106826615903,6.293826580047607
901,111.3198364714971,0.08379300480553227,10.095545758349743,7.283237934112549
902,111.21663810678213,0.08374715396539774,10.084590300766246,5.297827482223511
903,110.7744717257143,0.08380520481380346,10.053744397758583,3.377671480178833
904,111.03672700845716,0.08377007247369463,10.073206953780996,7.11030650138855
905,111.05635973837259,0.08372883192594884,10.072474884243185,5.6889894008636475
906,111.09579614098887,0.08376110882408065,10.081750135400753,6.130093336105347
907,110.34483817957897,0.08320127551361763,10.000932634046745,1.828993558883667
908,110.35138979778318,0.08336025374947244,10.020923307706276,5.624708652496338
909,110.78787589980536,0.08343574212106862,10.070714074629214,7.7114763259887695
910,110.2999971408073,0.0838917072805031,10.06000693388292,3.674647808074951
911,110.03699716939924,0.08424326639817425,10.06940686454409,4.578996419906616
912,109.48662719770525,0.08412810646146524,10.01871279589865,2.7062597274780273
913,108.7917609257282,0.08453682539685059,9.978525667939664,4.026247262954712
914,109.34384331647091,0.08460609128922354,10.038740411260267,17.278665781021118
915,109.7804048833062,0.08467506305606988,10.088353007147665,16.067705631256104
916,109.53260083447313,0.08500478301374448,10.097469477076189,8.970450162887573
917,109.7472748261284,0.08514710159582077,10.136494782305427,13.657128095626831
918,108.95980207786712,0.08526337251534642,10.075129834482372,3.219705581665039
919,109.48020405708846,0.08521819220634202,10.114378536137549,16.731133222579956
920,109.75540201651758,0.08516892999230781,10.133234750776172,14.225565195083618
921,109.6878479963524,0.08538520185743328,10.151902403268409,10.7598135471344
922,109.74096951638889,0.08548787157798939,10.170383379235723,12.020639419555664
923,109.653559821225,0.08552408197112038,10.168679545443366,10.542624711990356
924,109.20702422301275,0.0858996103821784,10.156992749988932,6.8619232177734375
925,109.67495398078263,0.08593805017579251,10.205422822489043,16.598896265029907
926,109.1682044409748,0.08609561882657696,10.173368594264153,6.322886943817139
927,108.92652239656505,0.08629348616772295,10.171634908321511,8.84371566772461
928,108.80725717259939,0.08646147914109727,10.179918559238295,10.127009868621826
929,110.11918460087341,0.08626353101635295,10.248119373645912,25.522133588790894
930,110.20799275486468,0.08640929906753396,10.275638179909453,12.429260730743408
931,110.75591282731604,0.08645429698594953,10.332881798110359,14.958337783813477
932,111.15835369904288,0.08625200567171917,10.339552980129254,15.960140943527222
933,111.09677016205245,0.08643710466262103,10.35615745032796,11.058494091033936
934,110.89580246043192,0.08667163471489592,10.36259587582468,9.505537033081055
935,111.0568444358276,0.08667106010003042,10.378969917066431,11.123898983001709
936,110.87627599146933,0.0868796183162344,10.385180217895766,9.739171266555786
937,111.47751323155462,0.08682953558336445,10.431328415716807,17.880637645721436
938,111.81273809923908,0.08706468850339287,10.497015131559639,15.108482837677002
939,111.9446107182467,0.08707404161835895,10.512044980244042,13.162270307540894
940,112.37516461106422,0.08717104313765922,10.566924530441602,16.132787227630615
941,111.31141296495358,0.08629933270628262,10.471255285137186,0.634918212890625
942,110.78829883530405,0.08679227158260963,10.456542732285813,6.142260551452637
943,110.930415846951,0.08672434886678353,10.461977304962954,13.164095163345337
944,110.87111168848149,0.08680948633049665,10.467357531913324,10.910331726074219
945,110.40240057159667,0.08687889146719167,10.432683956594191,6.692774057388306
946,109.4683765658807,0.08659833784663741,10.348357117028248,1.7858691215515137
947,109.90369280022189,0.08651666819366123,10.374873545857966,13.766653537750244
948,110.66465587221967,0.08651171656548805,10.441124810399387,19.508030652999878
949,111.33800931349747,0.08643311625376575,10.486713562295394,18.645663738250732
950,110.68462922036248,0.08622095900427157,10.42184642667244,4.866130590438843
951,109.66778292815886,0.08535874941422886,10.327627962405716,0.9333038330078125
952,109.40110509887727,0.08558949926948416,10.324351682781659,6.3382251262664795
953,108.5970940478885,0.08576808703541,10.261108165953841,2.9988491535186768
954,108.32112310740962,0.08503386295517937,10.178497084294301,8.486951351165771
955,109.12791187633552,0.08518881533091859,10.276712113451358,19.782126426696777
956,110.50663275757216,0.08502518628692114,10.353944992316844,23.148615837097168
957,111.47156642999643,0.08499619046269927,10.430405542393675,21.559003829956055
958,111.12685076569646,0.0851851895970333,10.416101486969739,8.067661762237549
959,110.6855822580395,0.08522886008912267,10.381940472100041,6.986753702163696
960,109.9087264354591,0.08589172300338295,10.33812106737904,3.4400558471679688
961,109.72963917110451,0.08601106664291434,10.33473985670525,9.660659790039062
962,110.30234277939347,0.08592939909025765,10.371392458138198,17.39307999610901
963,109.71931935159954,0.08622395125320123,10.337678533556815,5.476556777954102
964,110.12212615808355,0.08602837840733588,10.344301748221246,13.392606496810913
965,109.18090489650271,0.08579309462326251,10.260858730739033,1.6575970649719238
966,110.19909584753768,0.08559867078603463,10.308250143431643,21.913626432418823
967,110.83710488906229,0.0854898105149559,10.345167641997326,18.21690273284912
968,111.12873384017168,0.0854920552669492,10.371715965577353,14.61186671257019
969,111.27744650176996,0.08558951566666066,10.39799880592158,13.181320428848267
970,111.80467203675227,0.08552630343682333,10.434018817862365,17.23888325691223
971,111.98662531638473,0.08559411732553202,10.459678629683742,13.687470197677612
972,110.97675906322088,0.08473817615227669,10.365081843386903,1.1659817695617676
973,111.84699147258867,0.08479988529984483,10.451431024953035,20.901541709899902
974,110.81852155786278,0.08395188644684638,10.356916714703504,0.9531455039978027
975,111.00033634228416,0.08412011952036241,10.393347547556468,13.688708305358887
976,111.23033297886131,0.08417444071321849,10.419414072080905,14.202617168426514
977,110.57802964907269,0.08441965282782543,10.375219931360096,4.817545175552368
978,110.99224935258196,0.08436492998375769,10.401467732046497,16.121577501296997
979,111.97232685905615,0.08419113714325026,10.447453054726031,19.92057728767395
980,111.8626035904656,0.08424031488072865,10.44297852417877,10.59216570854187
981,112.15397755456094,0.0843198975475242,10.478548738936983,14.808799505233765
982,112.87243777901533,0.08423756813726635,10.523763251547614,19.354369640350342
983,112.94371340122518,0.08464519245589369,10.578525619032138,12.538049459457397
984,112.84427626721293,0.08506087645366485,10.612740362841818,10.887585639953613
985,112.6058335045408,0.08477206544193719,10.5666129592134,7.897422790527344
986,113.06977516949539,0.08493063409569392,10.630946829621266,14.866722345352173
987,112.74907741780044,0.08531589565597154,10.634637361325053,7.048490524291992
988,111.85158664362244,0.08533230191680313,10.558290987711802,2.411229372024536
989,111.50307077718621,0.08538806980672602,10.532708077834684,8.099161624908447
990,111.56804006941435,0.0853816467357774,10.537380997056337,12.487643480300903
991,111.99235966872021,0.08530705104764041,10.562007187085774,16.277909994125366
992,111.65243607203301,0.0853514164345999,10.536387115214916,8.214054107666016
993,111.30591171131267,0.08553686330921494,10.521023244062766,8.070533990859985
994,112.42285259419955,0.0853541404160331,10.575813011622138,18.001750469207764
995,111.42862406825755,0.08450059901187278,10.480054881505916,0.6087193489074707
996,112.18433782757498,0.08451120799501607,10.545254332690856,9.391390562057495
997,112.41249444929922,0.08462905887802886,10.579801789363948,6.957537651062012
998,112.92836950480623,0.08457545121607785,10.614003771470308,8.319022417068481
999,113.22908580975817,0.0850583680325884,10.707863733755605,6.909369468688965
1000,113.0767949516606,0.08502411088287476,10.690785096418049,4.740303039550781
1001,112.96602700214399,0.08515426193090875,10.693877245453868,5.082517147064209
1002,111.94636673212254,0.08430271931159966,10.596938472999328,0.5505235195159912
1003,112.47690306480132,0.08424757090636245,10.630969088269335,8.010212182998657
1004,112.94213403415331,0.08428559834195291,10.674659397386643,7.842503786087036
1005,112.80271269381177,0.0844528433686344,10.677912803412775,4.885090351104736
1006,113.19468556687364,0.08446357809284279,10.711133675378647,7.416576862335205
1007,112.8727387112049,0.08485351021314892,10.71402233862486,4.02453875541687
1008,113.08401132409286,0.08490049749907713,10.736882115238611,6.587119817733765
1009,112.44317121085192,0.08527598232000473,10.699513294086225,2.519322156906128
1010,111.6787394987434,0.08525655583013803,10.632518161145361,1.7714953422546387
1011,111.03195210375596,0.0856805860165175,10.596192979533908,2.25373911857605
1012,111.4316325827184,0.08575093247423311,10.640231049738569,7.493649482727051
1013,112.3873162568912,0.0856180608306502,10.693828739241184,10.503548622131348
1014,113.28344309432228,0.08555395943026449,10.756890451848772,9.941263198852539
1015,113.45060866337906,0.08577534291288491,10.799321547330285,6.40932297706604
1016,113.48610257674527,0.08585776042392701,10.81132833185698,6.027292013168335
1017,112.74124155097782,0.08628123410173902,10.763215048538411,1.8571748733520508
1018,111.72382913546804,0.08541842176072163,10.665582898053026,0.5321400165557861
1019,112.08659084411336,0.08537504835392523,10.688927069072497,7.754608392715454
1020,112.59572493567222,0.08544154326915898,10.742037798381771,8.471801519393921
1021,112.1297676863155,0.0861022793516189,10.744617420397953,3.3698439598083496
1022,111.59847000945236,0.08625820571064509,10.707171246193973,2.805889844894409
1023,111.98248530935783,0.08619562365353864,10.730099533732034,7.314820766448975
1024,112.81266045626425,0.08615418023751607,10.792798538394713,9.797385692596436
1025,113.93453385170162,0.08600374954625202,10.854870553010766,11.068471431732178
1026,114.8151885131846,0.08588628630821524,10.906321847480658,9.949612140655518
1027,115.19703662805274,0.08581173717062328,10.927258629005852,7.556859254837036
1028,115.14506626177221,0.08595361979891705,10.937986042715792,5.583702087402344
1029,116.5736155991545,0.08575299832961004,11.008606182288634,12.664180517196655
1030,116.64787944316294,0.08570191995921717,11.008520120465747,6.185663223266602
1031,116.79140064873131,0.08568459541611353,11.018434919261088,6.421403169631958
1032,115.933486642244,0.08547291075227498,10.938250570068476,1.4504456520080566
1033,115.62415177582156,0.08555935811534046,10.918868064367791,4.288599252700806
1034,116.04791025806334,0.08546325820507314,10.939679383724114,7.58649754524231
1035,115.1174311554827,0.0854781908404137,10.860282589886872,1.1281516551971436
1036,115.58625684392788,0.0853641496727503,10.881679763988004,8.049050092697144
1037,115.85039427548861,0.08542600113376927,10.912862966348124,7.5747387409210205
1038,116.94189033273372,0.08528285223354269,10.973734336684643,11.558220624923706
1039,117.24247142940638,0.08531437745270387,11.003996993317797,7.4102959632873535
1040,117.43004671511231,0.0853435866193533,11.02395702338462,7.331450939178467
1041,118.72574624796118,0.08509743820255249,11.073717453150774,12.185588359832764
1042,118.98848878548158,0.0850740500274235,11.092980278619267,7.227378606796265
1043,118.16860389762677,0.08530439060823035,11.032050475833074,1.7452824115753174
1044,117.3369178586505,0.0853084895592909,10.961729971074742,1.803394079208374
1045,117.15354868006398,0.0855665157748091,10.972112671363995,4.8173723220825195
1046,117.77201319326335,0.08543710760030122,11.002391544650354,8.717577457427979
1047,117.22429306133071,0.08585257779413948,10.98236762920385,3.101093292236328
1048,116.6920501307174,0.08640030201619808,10.972543952911812,3.1408584117889404
1049,116.67512962941024,0.08649282073516654,10.982818513382693,5.63286018371582
1050,117.79837833311613,0.08632658248414675,11.042990328248866,11.152896165847778
1051,117.16039454978498,0.08657442777041638,11.002560424966378,2.639039993286133
1052,118.04879060428713,0.08638829514319765,11.042534820716714,10.116949558258057
1053,118.23830269824427,0.08632733189979488,11.052109472509546,6.655844211578369
1054,117.78591967126182,0.08655994899175584,11.03158837778445,3.451897144317627
1055,118.1580604745492,0.0867266075663544,11.091272494006606,7.984953165054321
1056,117.15647986980372,0.08697045260180196,11.01035976906654,1.0471701622009277
1057,116.07491507110568,0.08610074807578394,10.910256171375874,0.45987820625305176
1058,115.26416592039462,0.08609688345216897,10.841153609662115,1.9912030696868896
1059,114.64152426119067,0.08636799008934538,10.802742073565494,2.8933358192443848
1060,114.72510901857876,0.0864799199445495,10.82471465282984,6.040050029754639
1061,115.40785792839297,0.0863255032587652,10.856467506301541,9.195405721664429
1062,115.63377934910903,0.08633181344356886,10.877902831238528,6.875230550765991
1063,115.19744155561794,0.08630182864246651,10.839123802926142,3.69417405128479
1064,114.63546714006176,0.08628626798316048,10.790732564896881,2.9101011753082275
1065,114.35911246866115,0.08634294553321394,10.772825239247913,4.381909608840942
1066,113.81552134397454,0.08647951607788179,10.735096986855433,2.9575345516204834
1067,114.25736613053479,0.08637421458798905,10.75774601698688,7.878952264785767
1068,113.77479246922944,0.08657107850271523,10.730168556817011,3.156538486480713
1069,113.59704454453714,0.08664286771768807,10.72286687124884,4.679915189743042
1070,112.92107409909177,0.08642861295355467,10.65563820253635,2.2539539337158203
1071,112.76186335810085,0.08628597630855521,10.629081820510986,4.689409971237183
1072,113.38424472451985,0.08639454511689823,10.702791002305876,8.38682222366333
1073,114.01040227727465,0.08632605421118379,10.745763092282818,8.311595439910889
1074,113.6802982545019,0.08669736157030652,10.748305461359989,3.9006640911102295
1075,112.64349527195688,0.08583038795460346,10.65082240674639,0.4671194553375244
1076,111.91706031923732,0.08672208407505742,10.624314182678924,1.9839746952056885
1077,111.62788971604495,0.08657775480057192,10.588071040852135,4.048364162445068
1078,110.7916108188845,0.08642626296685191,10.512190330443612,1.3680236339569092
1079,109.79369471069565,0.08556200033718339,10.417068427139176,0.5248298645019531
1080,109.40575776358868,0.08569229582676931,10.392897742867785,3.4422457218170166
1081,108.48170018595279,0.0860118434567369,10.318968765439106,0.7624986171722412
1082,108.31688318409326,0.08612998589173475,10.315779077784715,4.425382137298584
1083,108.46371435225232,0.08640689741493122,10.362621287006867,5.795003414154053
1084,108.2490772087298,0.08669225372813824,10.368995074136798,4.0569007396698
1085,107.7965864366425,0.08693644230196797,10.34530512339543,3.0225017070770264
1086,107.28862057227607,0.08676883226491319,10.291852072161477,2.8133201599121094
1087,108.27573436655331,0.08667784297139026,10.358933551439863,10.869600057601929
1088,108.10297702288777,0.08680007553068735,10.355344215925465,4.34428071975708
1089,108.30194725265889,0.08694769977538047,10.39179077376621,6.291431427001953
1090,108.4289277801323,0.0872352475710151,10.437872866028549,5.925544261932373
1091,107.39463850233098,0.08636289509530494,10.343494137368262,0.24533319473266602
1092,107.70069211730767,0.08644129512985914,10.38005919599458,7.037036657333374
1093,108.23368519613459,0.08644644739595185,10.426258604034635,8.110233306884766
1094,107.70134834417324,0.08630925564926506,10.371996017994288,2.7066009044647217
1095,107.6943348607315,0.0862872845880995,10.368276057814345,5.3564393520355225
1096,107.39739151212419,0.08645005276785954,10.354593297236201,3.9285264015197754
1097,106.91341759700295,0.08643300986729958,10.311047364263839,2.960209369659424
1098,106.57428342103292,0.08652758387821563,10.2879368906212,3.5948007106781006
1099,106.17854058682259,0.08670708415883646,10.265057521714988,3.3798983097076416
1100,106.25675518095437,0.08671720629970424,10.272406946497838,5.676502704620361
1101,107.21418762914482,0.086642113444628,10.33968287703286,10.39259123802185
1102,108.18204575285337,0.0865600060356719,10.406286048262531,10.083527326583862
1103,108.09022529532483,0.08670450698541621,10.412223187779906,4.967104911804199
1104,108.64932304237158,0.08663014484239132,10.448100955902108,8.08534574508667
1105,109.28282981194786,0.08663593641722322,10.503619946343086,8.572005033493042
1106,109.14000151382838,0.08682220863199837,10.508583746879655,4.815499305725098
1107,109.3886014986901,0.0867002552023948,10.513497909410857,6.672883987426758
1108,109.15471548370319,0.08676348520851039,10.498362930316748,4.240891933441162
1109,109.12316832886616,0.0870279258281234,10.523379301013582,5.185055494308472
1110,108.85193664557748,0.08688935388691534,10.488145508003447,4.241596937179565
1111,110.21341727912171,0.08667352157253598,10.553264052923412,12.031507968902588
1112,110.36128310633049,0.08692678635681061,10.597731412394179,6.272836446762085
1113,110.6876702752672,0.08689667933240335,10.621754098270237,7.092297315597534
1114,111.35079357251452,0.08681867299105672,10.665536557287535,8.781288385391235
1115,111.32728563678937,0.08695966057307276,10.678881191714659,5.358959436416626
1116,112.07401278042147,0.08695027902110547,10.742092379797512,9.051470518112183
1117,113.17327265261726,0.08684654199666018,10.814671455999537,10.81361436843872
1118,112.2715399260911,0.08684764179408488,10.736524741439542,1.1455650329589844
1119,111.88882452683018,0.08719538159236025,10.729159494025145,3.69100284576416
1120,111.50993628156186,0.08753964399265286,10.721867899084893,3.604367256164551
1121,110.68483691874626,0.08769873031134702,10.654649220094043,1.3355274200439453
1122,111.8279885495588,0.08748840967490021,10.708102727893102,11.06826400756836
1123,111.64970866406321,0.08767735536538525,10.71102170061417,4.70454216003418
1124,111.71321157742258,0.08764803943885004,10.713911483608028,5.685856342315674
1125,113.50607946164835,0.08742448000666084,10.806772368771947,15.0214262008667
1126,113.29101866703188,0.08763719172833336,10.808704645084227,4.72748875617981
1127,112.77810848036157,0.08772856174653389,10.770617598633384,3.0303432941436768
1128,113.27032739555796,0.08790065884511794,10.84291142264705,7.838310956954956
1129,113.90762412160237,0.08792560705892664,10.90448230842058,8.717543601989746
1130,113.38854788038634,0.08801409292382124,10.865437485336374,3.014850616455078
1131,112.91466240158248,0.08834607320670423,10.84678311048301,3.315758228302002
1132,112.37551577756665,0.0881405785763321,10.78831527937818,2.877573251724243
1133,112.63176061979098,0.08827366554419197,10.830432126584398,6.851553916931152
1134,112.83544301359306,0.08851874843762224,10.882127805318554,6.59966254234314
1135,113.13708858345714,0.08847272179240685,10.90330652726537,6.965938091278076
1136,112.87571769762258,0.08873741986183911,10.904273461992716,4.267671585083008
1137,112.55696052064636,0.08883769998420837,10.885230727372788,3.965270519256592
1138,112.8313909154399,0.08880646584150916,10.90637842009906,6.799753189086914
1139,112.52307700628549,0.08877205971967943,10.877314635898069,4.07121205329895
1140,113.82784623622264,0.08862507986322336,10.958541489539087,11.748860120773315
1141,117.68956777386042,0.08799882906459112,10.988956074643697,24.92225408554077
1142,117.30267209612182,0.08813149900179332,10.96906651389726,3.962460994720459
1143,117.93964537516061,0.08796841605597427,10.999375848758289,8.78089427947998
1144,118.540248921409,0.08781906897406622,11.029382090270706,8.947499752044678
1145,118.22484643219492,0.08809030357168188,11.029088269367998,4.355836868286133
1146,122.04259796787298,0.08720940053596506,10.928797386674317,24.65671443939209
1147,121.25217198819425,0.08773265536781472,10.889509412807573,2.142768621444702
1148,121.1596502683123,0.087658900242708,10.880614318679497,5.501723051071167
1149,120.33805376562918,0.0875515420095117,10.8118081754927,1.8945484161376953
1150,120.2946732279729,0.08788292314114071,10.853690093737773,5.7462029457092285
1151,119.81172649569316,0.08825409390972931,10.845153192800396,3.530179262161255
1152,119.03360923073623,0.08880012439920346,10.806701660872392,2.0585689544677734
1153,119.91327313842886,0.08863676083637084,10.858634644263669,10.103468894958496
1154,119.61414040704457,0.08863928211689602,10.840048297821031,4.340339660644531
1155,120.03799900297413,0.08880227201177644,10.911647814842821,8.045780658721924
1156,119.79761901294438,0.08874758262499202,10.892531336694393,4.7295308113098145
1157,119.70964282281494,0.08894118787982319,10.91360602332745,5.388469934463501
1158,118.87254639458679,0.08860733155658052,10.834469963094175,1.771437406539917
1159,118.38382093064092,0.08914982966958614,10.836125263463233,3.450284957885742
1160,118.17998272133451,0.08907465790350251,10.8177640108286,4.754205226898193
1161,118.21818289412117,0.08908555066872978,10.829586370720314,5.942271709442139
1162,118.84600106517996,0.08907867306259497,10.89129050701311,8.95029902458191
1163,118.59754105452816,0.08935809909792646,10.902377601942979,4.563977003097534
1164,117.92156564398289,0.08905275340106485,10.833353825923547,2.513731002807617
1165,117.72234998754305,0.08908059321399298,10.82502028766431,4.773356676101685
1166,118.23512648766761,0.08889984645345068,10.846770084787668,8.292030096054077
1167,118.06277522279095,0.08909995689980726,10.85830238393979,4.976572751998901
1168,117.08214747056304,0.08970895733080919,10.789719360100392,1.0565006732940674
1169,116.70132599585742,0.0898245259853492,10.771822166499389,3.8834903240203857
1170,117.28431273589884,0.08966913786835284,10.804103944834395,9.464681386947632
1171,116.66146960853985,0.08968153739876022,10.756062905386052,2.6841800212860107
1172,116.94485491245445,0.08988817030063469,10.818502276332191,7.382082939147949
1173,116.7454063633299,0.08981403086566957,10.800317253568869,4.950401067733765
1174,116.91795229969661,0.08981141294507257,10.82231408103318,6.384271144866943
1175,117.19877277669964,0.08980985053975976,10.85409094022285,7.4096293449401855
1176,117.00678504893264,0.0897280785649744,10.835550030820622,4.833536386489868
1177,118.16671719844331,0.08943165614842337,10.877194530512416,11.574306726455688
1178,118.45505002645888,0.08955774775020443,10.928422585207292,7.3695948123931885
1179,118.48049952619428,0.08981919506609082,10.969138359355219,5.89366340637207
1180,118.32569453093234,0.08989187690183768,10.969446975761665,5.740436315536499
1181,118.21243758562301,0.09002099551599688,10.979752506004047,5.269311189651489
1182,117.47031320976677,0.09002987646992783,10.919954980944008,2.114410400390625
1183,116.80561007766912,0.08991389143071873,10.860755431134567,2.440053701400757
1184,116.82755397689242,0.09002315587775608,10.882147876823222,5.678836822509766
1185,117.09927843712349,0.08981736876342296,10.883326398054988,7.0060553550720215
1186,117.02828565275225,0.09010101325760692,10.914493134074439,5.326903820037842
1187,117.34800279622472,0.0901396004404671,10.955348202733695,7.045701503753662
1188,116.99452276826247,0.09033576541167218,10.945794720706358,4.040909767150879
1189,117.05457754057984,0.09040801751365302,10.966336773499295,5.9409401416778564
1190,118.15403176517404,0.09020878315349445,11.026673405764301,11.595420598983765
1191,117.3324914475223,0.09041780643307061,10.96640667170666,1.6573569774627686
1192,117.45916653304707,0.09035978221489374,10.976742604989592,6.4494922161102295
1193,117.3845748677166,0.09027436621092662,10.966975178939697,5.435142278671265
1194,117.71072911903943,0.09037162254881735,11.0173054271503,7.495218515396118
1195,116.78362182784903,0.09066790632332919,10.947132372878796,1.3422040939331055
1196,116.72578560957054,0.09066212816099681,10.947661049150007,5.464171886444092
1197,116.27852775347483,0.09086661799049794,10.928184438658507,3.6284866333007812
1198,116.29574247594009,0.09089015520042347,10.938902594271921,6.004939317703247
1199,115.91278505118069,0.09062227928944487,10.889513568329201,3.8819544315338135
1200,115.87365720066889,0.09060891363940757,10.890618432645908,5.5517473220825195
1201,115.8949206286622,0.090635027892844,10.901712248319448,6.202635765075684
1202,117.02597142237559,0.0903836994479767,10.952695125836254,11.605820417404175
1203,118.36571170815184,0.09003763137779972,10.99316817457789,12.483210325241089
1204,118.35205459107031,0.09016289608966274,11.013236492832112,5.814067840576172
1205,117.7685340451596,0.09059460046209945,10.993104127903791,2.965634346008301
1206,117.650848704708,0.09053771106125205,10.983173086624753,5.279571294784546
1207,118.23434021766091,0.09048460667791226,11.033341355758505,8.866745471954346
1208,118.3319968154843,0.09051726061113313,11.05300794220092,6.314911127090454
1209,119.77867684732945,0.09029649865140962,11.132477862778911,13.215787649154663
1210,120.86089007885616,0.09005142840173763,11.181153084151122,11.42861557006836
1211,121.47228117806759,0.08992014488695103,11.219341553309611,9.149415731430054
1212,120.59755836628692,0.089903296379258,11.147148137776515,1.7139172554016113
1213,120.12158278262405,0.09010015382642432,11.125676656398749,3.5071818828582764
1214,119.9403669547978,0.09017954444502282,11.12441988983476,5.237088918685913
1215,120.52096328524982,0.09023280518034789,11.193175690936412,9.04819917678833
1216,119.42575365239732,0.0893304771285444,11.091243934027048,0.5171256065368652
1217,119.76149611587334,0.08922148608274914,11.110331494686779,7.60968017578125
1218,121.21388115471461,0.08900851650494052,11.18922817973991,13.162211656570435
1219,121.40174234316747,0.08911843133989111,11.227335897942512,7.312747240066528
1220,120.5577249197358,0.08930832810757329,11.165062538963086,1.8536829948425293
1221,121.20214767053844,0.08938821779947052,11.243411913573455,9.161237955093384
1222,120.85012619383305,0.0895408472493828,11.23097779443772,4.826980829238892
1223,121.03162493189471,0.08950874812940696,11.248668016493344,6.866856575012207
1224,121.07130868257576,0.08957366064811288,11.266181336328412,6.163430690765381
1225,120.63059559575,0.08971688508059279,11.243519522965128,3.839407205581665
1226,120.3742896397925,0.08976708465083949,11.231084327735477,4.790280342102051
1227,121.06054674339457,0.08966306459798189,11.278773484458123,9.386813402175903
1228,120.24994127596062,0.08976643395200207,11.215985749613543,2.29329252243042
1229,119.21744186320102,0.0894570049065997,11.123825892117408,0.9350235462188721
1230,118.97526744456901,0.08972032959437581,11.132587633196232,5.022493839263916
1231,118.88551477012332,0.08982312629843206,11.14126175686427,5.457599878311157
1232,119.27665962242209,0.08987426212405533,11.189849139295626,7.597506999969482
1233,119.67389302619787,0.08979312956570785,11.21795064790267,7.704483985900879
1234,119.57715409593588,0.0898042891791417,11.215771141423643,5.364580392837524
1235,120.00138255497653,0.08970871542315274,11.243613430009407,7.882100820541382
1236,121.30136872942677,0.08937162826892121,11.281177295709314,12.419352531433105
1237,120.51835504213251,0.08940814454437154,11.218365522752222,2.15126895904541
1238,120.42317149171119,0.08932487390973864,11.2061818675247,6.024154424667358
1239,119.48893977679407,0.08917236591138199,11.124120048849452,1.3745205402374268
1240,119.08405037902614,0.0896730473155593,11.132878848360956,3.7766075134277344
1241,119.61320987523588,0.08976468893542697,11.201550059877347,8.770658731460571
1242,119.02707777648352,0.08968671417722024,11.149534559278573,3.1566615104675293
1243,118.65680699871868,0.0898874080110578,11.138039213685786,4.008692026138306
1244,119.05023892873149,0.08962144532335228,11.136658821548927,7.877102613449097
1245,119.19973653944417,0.08977000698952174,11.175292233333439,6.825895309448242
1246,119.55773917404973,0.08971101659704588,11.203539311000105,7.65692138671875
1247,119.88216178230923,0.08966916958897014,11.231503917890103,7.524773120880127
1248,119.29334016448612,0.08975608445045749,11.189188878711203,2.9786462783813477
1249,118.75040676284127,0.08978160052902985,11.147296989924092,3.321352243423462
1250,119.26290269521286,0.08976613746491602,11.195824020024851,8.606676578521729
1251,118.98027366826072,0.08974759696938774,11.173865779824602,4.438791751861572
1252,119.94047093157812,0.08991988844155432,11.302127122026356,10.64046573638916
1253,121.50106622226234,0.08967286347018226,11.379105850806091,13.75472378730774
1254,121.82605556003972,0.08962029067963628,11.40531479229803,7.733736038208008
1255,121.03779500443933,0.08965432033097946,11.34126164437505,2.0366501808166504
1256,121.25741705439495,0.08987665824655078,11.397849027931299,7.211215019226074
1257,121.69484288385101,0.08994758863378224,11.453870537651985,8.070884227752686
1258,120.9978944550125,0.09000965120898288,11.399331832275466,2.4476113319396973
1259,121.45791551046237,0.09000775828970742,11.445338513952711,8.166868686676025
1260,120.87333635535774,0.09021879181792145,11.410885128813185,3.1185169219970703
1261,120.73460299180415,0.0906250151146955,11.446776277525053,5.22284197807312
1262,120.74725696188611,0.0905384370946961,11.442308514749802,6.023533582687378
1263,121.25978439226725,0.09067956435165611,11.517885429602304,8.451282501220703
1264,120.23718654834457,0.09082540028708692,11.43270657530628,1.0633184909820557
1265,119.95481468286113,0.09100410280595518,11.428379509553217,4.543083906173706
1266,119.2452665360325,0.091318551573814,11.384095714457684,2.4663400650024414
1267,118.98281387067219,0.09169568863872102,11.400254757313109,4.507953643798828
1268,119.97298573196547,0.09155854826609527,11.466252209739977,10.754942893981934
1269,119.43325587464581,0.09140053854101009,11.411589687642579,3.34629225730896
1270,120.06892331589935,0.09136085009549069,11.467473790766153,10.143562078475952
1271,120.20823408274036,0.09141739084826712,11.492799052858492,6.667442321777344
1272,120.24615174191295,0.091390313713978,11.497871062329907,6.184901237487793
1273,121.06369022449383,0.09141700463624416,11.582892351706606,10.102801084518433
1274,120.59305332224888,0.0915839156709628,11.55706342818954,3.6666598320007324
1275,121.0271227890264,0.09152173505083853,11.591492793907644,7.954657554626465
1276,121.21685156113614,0.09139223198604444,11.595577865968567,6.921299695968628
1277,120.78468304552477,0.09176036094823528,11.58962208730888,3.79502534866333
1278,121.09683621506952,0.09182959944401609,11.633725866435793,7.768216371536255
1279,121.60586785291882,0.09172525693794803,11.667388607771436,9.623924255371094
1280,122.47980917438963,0.09152570771785085,11.710714721693721,12.147652626037598
1281,122.84501108264574,0.09149095378532643,11.743607574476783,9.740520000457764
1282,123.41656097181928,0.0914093775808065,11.786171498732015,10.890927076339722
1283,123.21239536210109,0.09146615759140621,11.778309783744694,6.287790298461914
1284,123.43027140848008,0.09158597877411283,11.820526685907247,8.704187154769897
1285,123.52596869439527,0.09149718665554463,11.822321419048173,8.338806867599487
1286,124.26070900745133,0.09149592037274552,11.89409820485769,12.035045623779297
1287,124.7581019173768,0.09144303013453531,11.935157222809112,10.447842597961426
1288,124.86052089820303,0.09156563687022698,11.965805650581022,7.829625129699707
1289,125.941915689221,0.09133667578049467,12.01614759407521,13.938606023788452
1290,125.5824965323288,0.09164553124491195,12.015986118134457,5.584412097930908
1291,125.77667156700552,0.09155666213935938,12.025826256953113,8.93672227859497
1292,126.50890485133546,0.09134461310590548,12.055567994383582,12.07557463645935
1293,126.7338158028221,0.09130365019632294,12.075012314439746,11.156537055969238
1294,127.27647764479387,0.09121934297612767,12.11426219129535,19.540912628173828
1295,127.64371286834593,0.09122178369270786,12.153119569382396,17.289101362228394
1296,128.71727573966248,0.09107552330258929,12.22158837368857,25.078623294830322
1297,128.45010298226586,0.09114516022642614,12.209372489951685,10.772481918334961
1298,129.0656019524432,0.09118107704521451,12.277278765052166,18.931560039520264
1299,129.02494593291874,0.09154926627476237,12.324505977401644,6.458341598510742
1300,129.20469647358956,0.09185826340793311,12.391260917627628,7.278473854064941
1301,129.15264950885367,0.0920687130319183,12.417348308451352,6.275911092758179
1302,129.12112301376513,0.0919416766952499,12.403174825366838,6.5041117668151855
1303,128.74991178362748,0.09189182514568871,12.369143077113169,4.625898838043213
1304,128.12241266579122,0.09188199780332273,12.315451646342037,3.323906898498535
1305,128.0411885391333,0.09179651115862285,12.302297129878616,5.951911926269531
1306,127.89077665374195,0.09211748410013396,12.32927415857983,5.652328968048096
1307,128.05186888720453,0.09216853148135484,12.355981416994032,7.480083465576172
1308,128.48135019833248,0.09224099821332492,12.412421602824091,9.03391432762146
1309,129.00653669634914,0.09214731751295963,12.44829738679585,9.220308065414429
1310,129.60647132938564,0.09212531523730093,12.503814412927891,9.703392028808594
1311,129.4704066160918,0.09206613105044516,12.488776268798611,5.9189674854278564
1312,129.90570254993085,0.09212812869947827,12.543888506110624,8.596179246902466
1313,129.97664552443155,0.0923017379234324,12.578449621049518,6.928690433502197
1314,129.57687906918724,0.0926009427664203,12.572665124839022,4.671261310577393
1315,131.16111027849536,0.09233465556097832,12.64693847359063,14.400182723999023
1316,129.92949917571042,0.09141130900536854,12.530469088854723,0.40221619606018066
1317,129.8302041839533,0.09149719591531486,12.535164397966176,6.817237854003906
1318,130.48190214211374,0.09155658293052069,12.609812753986512,9.975509405136108
1319,130.4170831206926,0.09177004935928,12.633714626446647,6.441575288772583
1320,129.86291228948568,0.09178568219902053,12.58737748018218,3.6562037467956543
1321,131.06428316659083,0.09154782537703032,12.641503705380359,12.669626474380493
1322,130.7336403349249,0.09165275528652532,12.625088668326555,4.690635919570923
1323,131.73630393157566,0.09155873855617089,12.698837781643288,11.740927696228027
1324,130.9889408922599,0.09187122134604778,12.651849403826855,2.9309568405151367
1325,131.8790514833373,0.09177069095076912,12.715330909788586,10.966484785079956
1326,132.6602609685039,0.09175774594602333,12.788177600690698,10.354185581207275
1327,132.28365835881885,0.0919980632234052,12.78029582468379,4.649749040603638
1328,132.98082177523068,0.09182065684859689,12.812492866436953,10.119062900543213
1329,133.63101355747835,0.09181154118920183,12.874367937772583,9.70931077003479
1330,133.14470342190356,0.0920698963655451,12.855624258394856,4.267378330230713
1331,133.78325638768453,0.0918598573003668,12.877068015810908,9.95442008972168
1332,133.29542382380768,0.09211772931559843,12.858297335652798,4.249174356460571
1333,134.8824695855696,0.0919499766799767,12.959714362296271,17.25148057937622
1334,134.92364488971387,0.09196572871173808,12.970117218673309,8.028968572616577
1335,136.02440844081673,0.0920256632613554,13.090416046486576,13.196128606796265
1336,135.91416435640855,0.09230540662874186,13.11951188602171,6.274931907653809
1337,136.17502271284445,0.09212309330319518,13.118316767161494,8.274275541305542
1338,136.053272485716,0.09257283011209871,13.167133599489878,6.806284427642822
1339,136.07273976085884,0.09266159456460091,13.18546226349498,7.2281389236450195
1340,136.46201236325024,0.09264926433324061,13.22360764086003,8.600579023361206
1341,136.16739223961773,0.09247043524131007,13.181371564451428,5.265658140182495
1342,136.79571831722157,0.0924502535019623,13.239557848806914,9.939579725265503
1343,137.34776113404934,0.09230700096694268,13.267162270318845,9.400323152542114
1344,138.37428352270885,0.09213393095727325,13.324490647615656,11.942720413208008
1345,137.42054068748178,0.09260794048490982,13.2612457411395,2.203450918197632
1346,137.88633528060697,0.09266012194962595,13.318633283728104,9.29782509803772
1347,140.3174719278009,0.092310948551652,13.415446950890823,20.23178482055664
1348,140.1642972085229,0.09242783906613548,13.421292481381915,6.159343719482422
1349,140.47265423643768,0.09243923319009402,13.457079556568095,8.593077898025513
1350,140.0679276940733,0.09251484085819307,13.432508761002413,5.017874717712402
1351,140.60724841713255,0.09251752750115753,13.488183673392388,9.688581228256226
1352,139.84117593296122,0.09252985222614596,13.423301836658464,3.2351019382476807
1353,139.97276417363162,0.0927156648149956,13.469068818291879,7.7085652351379395
1354,140.3730365318953,0.09273295261129008,13.514378130108959,9.117388010025024
1355,139.12930616657636,0.09305562308517717,13.40923434880787,0.7841405868530273
1356,138.73801310491058,0.0929250668543254,13.36514200531979,5.140807390213013
1357,138.5306329738615,0.09309751110103638,13.371490585266592,5.83223819732666
1358,138.61532664412286,0.09298286252063825,13.367775679413928,7.228424072265625
1359,137.83917337768165,0.09303664045280892,13.304097922619789,3.0297977924346924
1360,138.21078164390482,0.09313484547685226,13.36105694339359,8.65418267250061
1361,137.95867382746576,0.0932654439247386,13.357446373959656,5.706950426101685
1362,139.14908708919108,0.0931499101080593,13.443871910220059,12.850073337554932
1363,139.47759621829917,0.09309050403023453,13.469433191117858,8.566405057907104
1364,139.01282025611619,0.09344992157057735,13.46473885920668,4.801288604736328
1365,138.50269205355502,0.09342451326396249,13.420091470614613,4.492686033248901
1366,138.08766513301947,0.09341810318286926,13.385890555908468,4.76675820350647
1367,137.04678848168928,0.09366039273927586,13.302031650349383,1.715261697769165
1368,138.0363205968724,0.09340175491357802,13.339011333845889,11.960134983062744
1369,137.86595739090367,0.093790051414029,13.37562122050743,6.136735439300537
1370,137.46729781699463,0.09428072232846015,13.391865008302355,4.959818363189697
1371,137.41262483882468,0.09432276359002403,13.397946358219333,6.299774885177612
1372,138.01849859043642,0.09444014201472986,13.48396689463714,10.576986074447632
1373,138.24831360453206,0.0944274176132161,13.509127225690769,7.761279106140137
1374,137.88583046848674,0.09436549637826042,13.47403595343386,4.929553985595703
1375,137.38697216380186,0.0946718414144778,13.45929559389952,4.432480573654175
1376,137.33310244216383,0.0947857290609391,13.474702637960526,6.308125019073486
1377,137.2097714177422,0.09471787177032971,13.45995561158092,6.257076025009155
1378,137.09767370356477,0.09456434384627721,13.43535605546511,6.311680793762207
1379,137.09669696652912,0.09449461281657356,13.43100249491046,6.867464065551758
1380,137.92572999686382,0.0943223939611351,13.476692469961355,11.445942401885986
1381,138.1064726968952,0.09434070848306221,13.501925545261741,7.714727878570557
1382,138.45540796992623,0.09432215688956107,13.536906289809124,8.125019550323486
1383,138.79085389022697,0.09448358648345616,13.601537226911033,8.257449865341187
1384,138.57294535132468,0.09447892155879255,13.585521854641922,5.452152729034424
1385,139.25721589781142,0.09450031591808385,13.659666636095503,9.218364477157593
1386,140.0146437388333,0.0945785685728565,13.753069969734549,9.6444993019104
1387,138.89449730144497,0.09434706860141365,13.645539270037203,1.1840903759002686
1388,139.65555232843053,0.0942408072177251,13.69908387733683,9.687846660614014
1389,140.0189968051462,0.09420749005463876,13.732093038563463,7.921368360519409
1390,139.82880683709476,0.0944224399474808,13.744772108177829,5.56385064125061
1391,140.2705187687238,0.09472821554800599,13.84732438709605,8.042952299118042
1392,140.88781358103657,0.09477103240242692,13.91885114322509,9.137359619140625
1393,141.0289354452262,0.09492009627195103,13.95966263179284,6.932638168334961
1394,141.68864609077394,0.09484046052662282,14.010066005474911,9.51304841041565
1395,141.51175962986622,0.09494044301813079,14.009965345420163,5.65757942199707
1396,142.47664203356754,0.09499944194929402,14.11986569196596,10.861688375473022
1397,142.31187561323185,0.09523992372027727,14.138667035046302,5.872688055038452
1398,141.31875685709954,0.09545031518074891,14.057280364695838,2.0617384910583496
1399,141.01556928852855,0.0955768931100225,14.04670756104888,5.077520370483398
1400,139.75541359564326,0.09595445751225562,13.93624048543839,0.6276252269744873
1401,139.73785945968683,0.09600940569075625,13.946878080584005,6.519412994384766
1402,140.29048086508996,0.09597238855692562,13.997409299778164,9.06185793876648
1403,140.69757605643906,0.09606238842826245,14.057435206780381,8.14224886894226
1404,141.37060029587468,0.09620753377474905,14.156860854712578,9.8965482711792
1405,141.67689429291593,0.0961756909951411,14.185292246165453,7.986974000930786
1406,141.45012534998676,0.09605427021964347,14.153439323703799,5.711928129196167
1407,141.3056240964869,0.09627482987965176,14.171904930466761,5.965097188949585
1408,140.55256785552203,0.09652420279297645,14.120185881162094,3.0500595569610596
1409,140.7770421769668,0.09654055585707123,14.148984022350472,7.532049179077148
1410,141.06927175519712,0.09663397382791228,14.197494182126967,7.9517998695373535
1411,140.48857903764517,0.09675197143903073,14.155519240305697,3.808461904525757
1412,140.5536932472687,0.09673683267702138,14.16396404790264,6.437690258026123
1413,140.648156314796,0.09683613101691782,14.192324407423614,7.2582621574401855
1414,139.49167475164805,0.09666776970674863,14.080401163349377,1.0304536819458008
1415,139.84675800413157,0.09655823486682401,14.099597151715884,7.90827488899231
1416,139.54829042409025,0.09650174342724668,14.068601180198725,5.017576217651367
1417,140.06280751984934,0.09647913436993757,14.117915168396737,8.29482913017273
1418,139.97217944465086,0.09635403768272674,14.096736016712768,5.908823728561401
1419,139.43245765020436,0.09643700893380645,14.05576865654564,3.9013161659240723
1420,138.4181330737023,0.09652527042341576,13.965210969980184,1.8078720569610596
1421,138.50395174296528,0.09651239867156255,13.975558860280383,6.7009804248809814
1422,139.17891222553564,0.0965181484712547,14.04580327167758,9.54369568824768
1423,139.0771231032803,0.09632816078499176,14.015345238960803,5.493298053741455
1424,137.93635187224749,0.09616487917714184,13.905191786571194,1.1446359157562256
1425,136.946988353525,0.09622887141101144,13.816139868705482,1.656881332397461
1426,136.80751846998973,0.09656739570503141,13.847978470018427,5.485487937927246
1427,136.76944328528984,0.09650397738707883,13.839498685318244,5.870995283126831
1428,136.02174885243696,0.09682926019385321,13.791103698465061,2.9598548412323
1429,136.3715313639126,0.09673816057437082,13.81319266148041,8.06650424003601
1430,135.64781605027346,0.09686452896862711,13.755060734865607,2.7641003131866455
1431,135.50133788977072,0.09713555310042846,13.777510127516951,5.283986568450928
1432,135.23632451087303,0.09726511500061683,13.769735026241783,4.8251683712005615
1433,134.7639612657643,0.09754246385061066,13.752037675979365,3.983764171600342
1434,135.07632165310665,0.09759113559764672,13.79451729921957,7.569987058639526
1435,134.95555843657556,0.09775343562378408,13.806572126227376,5.641707897186279
1436,135.49600285220978,0.09756955206119702,13.828506404965102,8.611938953399658
1437,134.64104282368768,0.09759385654058506,13.750221340915452,2.215482473373413
1438,135.4146323954508,0.09737263495631128,13.782719127506297,9.667970895767212
1439,136.05048607149632,0.09740393373237631,13.854891936231235,8.80738091468811
1440,134.99998121078136,0.09772021697569772,13.766343016868923,1.3650078773498535
1441,134.90998139867352,0.09785412591705184,13.778679586700234,5.676680564880371
1442,135.4408815846868,0.09772664848766856,13.81089279083323,8.137932777404785
1443,136.0864727688399,0.09779938200279187,13.8927838629249,8.716388702392578
1444,137.1356080411515,0.09760976992550253,13.95385602429565,10.56662392616272
1445,136.82425196073999,0.09767140807530411,13.934317464052693,4.743962049484253
1446,136.74600944113257,0.09777996531238052,13.944974289412167,6.0000786781311035
1447,137.79854934672125,0.09766993425429804,14.025524546518046,10.898554801940918
1448,139.48056385325404,0.09747754863724525,14.135269301052865,13.651474237442017
1449,139.3557582147215,0.09729017472567596,14.103916608042336,5.710214376449585
1450,138.6122006325743,0.09800958067072689,14.082877441961912,2.8949356079101562
1451,139.07607862624855,0.09805651189104665,14.142048667542293,9.001250982284546
1452,140.43531783998606,0.09787594677213618,14.23062818086687,14.60422968864441
1453,141.20096466158617,0.09772668039197242,14.2783218990582,10.286471605300903
1454,140.7789550149703,0.09775951459815371,14.245538680067618,7.26846981048584
1455,140.2511654648206,0.09803191945217217,14.22308329326694,9.156035900115967
1456,139.93865381017238,0.0981525176888431,14.210852460334271,11.39869475364685
1457,140.13926727207064,0.09817099251195467,14.238743935730929,16.679014444351196
1458,139.86787459934993,0.09842822063993246,14.24635649637362,11.818946599960327
1459,139.53919585335643,0.09856543376063594,14.233892931409885,11.22734546661377
1460,140.36380389482287,0.09852572536897553,14.311554002095788,23.176296949386597
1461,140.13016585587462,0.0985661091409268,14.29843846207483,12.295499324798584
1462,140.17886419731587,0.09868389632537959,14.325454077454083,15.0964994430542
1463,140.3770755553427,0.09882205736212579,14.372199536679542,16.638728141784668
1464,139.40330479978928,0.09899662748617895,14.288477541312746,3.9818856716156006
1465,139.65927175179138,0.098855146059802,14.295592765899618,12.247148990631104
1466,138.71267903427346,0.09875548348809286,14.202636838240624,4.66638445854187
1467,140.00555224393074,0.09847688387709252,14.260610469858216,28.672040462493896
1468,140.3354967214914,0.09847477399785917,14.298004365159633,18.282320261001587
1469,140.6721417542765,0.09840956648776564,14.325024321508037,18.05148959159851
1470,139.75542033673375,0.09885404225145941,14.261774078292957,4.1583168506622314
1471,139.7578661333664,0.0989369304003734,14.279156337510027,12.669778823852539
1472,140.93028747203275,0.09876468171893776,14.356364774134928,26.71599578857422
1473,139.9109845973124,0.09905908618379966,14.27280112639358,4.0677406787872314
1474,141.30187475133926,0.09882118349400466,14.350073115129645,25.960285663604736
1475,140.97885600382585,0.09875040285172516,14.316572383978347,11.279737949371338
1476,141.2590674437876,0.09865047278770495,14.333406660138563,17.680655479431152
1477,140.77647676934973,0.09884676375875263,14.310072593537177,7.306329727172852
1478,140.77871200165623,0.09885120392258354,14.316971867601804,14.565511703491211
1479,140.60092488163966,0.09900090326547152,14.323802148925786,12.69199013710022
1480,140.07491563282326,0.09891998514190772,14.270564127436527,9.178442001342773
1481,140.79416647649504,0.09877984189426223,14.317858486162162,19.13197350502014
1482,140.03622481173008,0.09871512039839653,14.244679901300541,3.701855182647705
1483,139.1258625636128,0.099156540622984,14.182233102287537,5.112889528274536
1484,138.19460393797667,0.09925193173849328,14.100410771264661,4.790309190750122
1485,137.2226578985969,0.09923502217720591,14.009406663552015,4.272341728210449
1486,136.09043131961096,0.09949267195543385,13.909312596916495,2.479562520980835
1487,137.37952700641486,0.09925246221701159,13.98021947094733,28.03252601623535
1488,137.96573173635073,0.09912728453361698,14.020417276237858,20.46358609199524
1489,138.26607441898724,0.09902886883113794,14.040213103475478,17.516613483428955
1490,139.03341367479737,0.09901532432887307,14.119810972440725,23.744484424591064
1491,138.59307953804938,0.09907780266453171,14.088612862716317,7.704427003860474
1492,137.99714874266888,0.09909968286573449,14.037726734089153,4.136495351791382
1493,138.30717725524218,0.09923294639210674,14.09734946674826,8.930166482925415
1494,137.92410548268975,0.09934061692818567,14.076375972080777,5.279518365859985
1495,137.78486442786286,0.09931495269438768,14.06561221235997,6.59463357925415
1496,137.17701578358424,0.09923089407653472,14.00495609023637,4.10138201713562
1497,139.5452456257484,0.09901398620528809,14.164906529334006,20.298810958862305
1498,140.51979316949092,0.09890992229260229,14.243257464040667,13.174733400344849
1499,141.47459523779602,0.09876828069679491,14.31082488940026,13.140317440032959
1500,141.03984928541806,0.09869896523676573,14.267716640506258,5.164702653884888
1501,140.7094507925639,0.098637901510324,14.235039474101194,6.138112545013428
1502,141.07235628463826,0.09878146599804562,14.302689079360183,10.564622402191162
1503,140.88163272179187,0.09902315953478646,14.319662188566582,6.829813241958618
1504,141.23281639457394,0.09899883703034769,14.356465566680916,9.704159498214722
1505,141.8304882306282,0.0990536247794472,14.432900911014107,10.821223735809326
1506,140.85218334832192,0.09942672489528907,14.358571901903966,2.4219930171966553
1507,139.62366151483872,0.09898801320189174,14.234986182884926,1.0018422603607178
1508,140.27742489969035,0.09882740136255574,14.272636321056076,10.99583911895752
1509,140.05465065069345,0.09885607650147256,14.259909957845515,6.402446508407593
1510,139.9441041441865,0.09879774829459737,14.247310858267062,7.674154996871948
1511,139.96466310274462,0.09879568630460914,14.254837749684391,7.3922998905181885
1512,140.86501647171718,0.09863381639808479,14.312289372187546,12.170902013778687
1513,140.086366307,0.09844112902775473,14.229166478465672,3.471381425857544
1514,139.79550264393,0.09862788890864836,14.226874813681015,6.247849702835083
1515,139.2475476174907,0.09881808060779718,14.194606065544203,4.492105722427368
1516,139.6450721413158,0.09883548639389797,14.24266000488876,9.585339307785034
1517,139.43862141990266,0.09885553489130353,14.230233404839874,6.652948379516602
1518,138.30423520570363,0.09825159492700587,14.107931070791475,1.336747646331787
1519,138.0811928536466,0.09821735483980479,14.08685176008356,6.317645788192749
1520,138.64038092511012,0.09811146995120056,14.125983242482723,10.962514400482178
1521,137.983977115859,0.09808925936127759,14.064723410057896,3.7931387424468994
1522,139.0141373447004,0.09789674851040339,14.124076175957317,16.671117305755615
1523,138.6039959712534,0.09793818918856466,14.092835414197744,5.293477535247803
1524,138.74795601154085,0.09806991840779011,14.131907060055767,8.247194051742554
1525,140.39047645142543,0.097881298431633,14.240587989455209,16.770094633102417
1526,139.04657168691116,0.09690248544731667,14.108182109560657,0.29309535026550293
1527,139.81610597004206,0.09667420133358423,14.13710028846505,11.64535140991211
1528,141.24794491034166,0.09655551585735087,14.2457292855804,15.582245349884033
1529,142.12546546123824,0.09637598689965073,14.293271992724595,12.203680753707886
1530,142.00421080662585,0.09648915010757729,14.300339272797348,7.009525537490845
1531,141.36416869855958,0.09642169450393741,14.237335880069375,4.239511728286743
1532,141.65052701157398,0.09657512461772157,14.294962521268681,9.02829360961914
1533,141.61402174145823,0.09669632989328347,14.312012896055995,7.415280342102051
1534,142.05788152404367,0.09680463541155493,14.378892767095437,10.789169073104858
1535,143.2773027088032,0.09655628602713634,14.435103839424482,14.712134838104248
1536,144.10452968171515,0.09647567891907737,14.500752801030238,12.32409954071045
1537,144.423484384898,0.09653364940261386,14.545745273019936,9.712259769439697
1538,143.119249541049,0.09628259862287343,14.420287820289737,0.7098262310028076
1539,142.97805704563848,0.096715121473854,14.46608494208684,7.002785921096802
1540,141.71827647518208,0.09692444084735075,14.35142409266597,0.9056782722473145
1541,140.40109371043025,0.09595519643887723,14.21790985173931,0.5298454761505127
1542,139.77708277332593,0.09589308037192434,14.155730753221917,4.242419481277466
1543,139.21931194559266,0.09624367337772892,14.134173445689697,4.644112586975098
1544,139.71711882613673,0.09612779749051248,14.1628317112328,10.0880765914917
1545,140.56994763787534,0.09618874173782957,14.261203394120471,12.35789966583252
1546,141.2842481614966,0.0959344014902626,14.278591360179266,11.284019947052002
1547,141.18140567988164,0.09604375976543632,14.285805446577474,7.128564357757568
1548,140.31959162308283,0.09671968580414558,14.242947392111699,2.9684150218963623
1549,141.426395706852,0.0965891423325583,14.320517918190582,13.678012132644653
1550,141.18213174978345,0.09656342184940367,14.297312739008674,6.966818809509277
1551,142.23031043228562,0.09661404779351127,14.414339611618587,13.429364919662476
1552,141.45800732796278,0.09657098423865308,14.3401962155024,3.2637672424316406
1553,140.91342725468314,0.09663975715488723,14.296794253347375,4.790864944458008
1554,140.35429298213631,0.09732041840686778,14.303826310813902,4.299113988876343
1555,139.44075005231497,0.09757170401871747,14.230788047705763,2.6246776580810547
1556,139.4363425517918,0.0976031812231346,14.238480167228706,8.444737672805786
1557,140.79197912627387,0.0972816948654487,14.286095365556418,15.440271854400635
1558,141.63405933501113,0.0971088779167942,14.333234411900854,11.916778087615967
1559,142.24771874166103,0.0971230108125031,14.399902067781847,10.828289031982422
1560,142.23524155424442,0.09714468850579652,14.405903047104028,7.7405314445495605
1561,141.902889138702,0.09736590217119727,14.401844016632987,5.831853866577148
1562,141.07386024731497,0.0975786838274514,14.337825576466658,3.364832878112793
1563,141.0531216448418,0.09789786101795386,14.384447320701991,8.116666793823242
1564,141.27259042839339,0.09783912780654733,14.400602847494971,8.5037100315094
1565,141.21986452410945,0.09796367770495244,14.416596819020022,7.746706008911133
1566,140.79766587886837,0.09809515203901402,14.39243085082982,6.297652244567871
1567,142.04968922007967,0.0979412681877968,14.478506542321522,14.271705389022827
1568,143.04919232787887,0.09795359104310891,14.583721476898306,13.454598426818848
1569,144.14870040460008,0.09788314604176873,14.677884262129323,13.90600061416626
1570,143.3872134005541,0.09793372634605692,14.61110541950803,3.805556535720825
1571,143.99334126654853,0.09788576163161596,14.66499436531295,10.632710218429565
1572,143.65340785388304,0.09808872219711798,14.658344421659821,5.743313312530518
1573,143.5968737753442,0.09812232772876998,14.661760977443222,7.719711542129517
1574,142.39090503759073,0.09844545227756925,14.555143367668789,1.2600479125976562
1575,142.44699598721482,0.09854207883587464,14.5795919339921,8.115704774856567
1576,142.37252602734267,0.09851962101047884,14.57379601465218,7.527188301086426
1577,143.05880076706927,0.09852968546388116,14.648058054505658,11.280473947525024
1578,144.41821275939856,0.09829707678128535,14.721577473960602,15.11067819595337
1579,143.06403063180457,0.0973141060134725,14.584361699220995,0.4898536205291748
1580,142.63339032548652,0.09714096495333777,14.528518082228786,5.347855091094971
1581,142.47705642223167,0.09719317735104849,14.523232901406498,7.214923620223999
1582,142.25228585800934,0.097221245577538,14.508000572392433,6.2725372314453125
1583,141.67976299942924,0.09742550370999792,14.472920566668508,4.476057529449463
1584,140.80296536943493,0.09756235978400904,14.398191361001823,2.839198112487793
1585,140.5149357157406,0.09783673618616895,14.404209447391805,5.91808819770813
1586,140.24978635858318,0.09808643899974585,14.410167352917888,6.2576069831848145
1587,139.80728849499735,0.09825140794308172,14.38606567938871,5.204292297363281
1588,141.35921561004736,0.09811635149076955,14.502205022594822,15.974459171295166
1589,140.7256234539469,0.09828903412970802,14.457182972368873,4.214609146118164
1590,141.84836721940744,0.09817570900580223,14.542611142645185,13.370270252227783
1591,142.77988354721336,0.09804501574553146,14.607185031218734,12.749794960021973
1592,143.0420847117412,0.09818882594310573,14.661113180906545,9.048459529876709
1593,141.8416638646238,0.09894606811845727,14.56450204909748,1.3565082550048828
1594,142.76324722597755,0.09889677837744364,14.648857028606507,13.274091005325317
1595,142.62561475371777,0.09914812067118857,14.672368458320442,6.94052267074585
1596,143.9393586061806,0.09892306282214092,14.745644773737238,15.448829889297485
1597,142.78996502011879,0.0993131425387471,14.648188325999866,1.458664894104004
1598,143.52206536991758,0.09947741852076704,14.761706442739868,11.51630711555481
1599,144.6468447162184,0.09938108183555937,14.85408937831247,13.81125783920288
1600,145.7103762690562,0.09930360567855837,14.945548484529345,15.543710708618164
1601,145.04327250636564,0.09957639240658292,14.90609299968405,5.002909183502197
1602,145.16283978130198,0.09972712529780371,14.947032069687209,11.361630916595459
1603,145.24121138348897,0.09984096515593678,14.977561748990336,10.94551396369934
1604,145.82879926965407,0.09967588883771075,15.007786131500433,14.124924898147583
1605,146.09051127695753,0.09955122297258946,15.017708270185429,9.311820268630981
1606,146.63960616418794,0.09945123313092327,15.057531187483574,10.850732326507568
1607,145.80321010254605,0.09956783191072514,14.98695587560874,4.07972526550293
1608,146.1151780015206,0.09953260556901902,15.017086316852652,9.554776906967163
1609,145.9740262215054,0.09952212799817732,15.006915453684126,7.063291788101196
1610,145.30428595929033,0.09953956494604364,14.946846299147284,4.230337381362915
1611,146.29124309969743,0.09948679224740288,15.03737783615581,13.270564317703247
1612,146.57833066870046,0.09940621003921457,15.057004057794252,9.761101961135864
1613,147.38254736201347,0.09933725807098102,15.12643401721631,12.412382364273071
1614,147.23872188839334,0.0994717050391434,15.135169677044146,7.3897340297698975
1615,147.8063346695094,0.09945738014561471,15.193817980273705,11.222216844558716
1616,148.3282713228143,0.09956280634415857,15.271879800470968,10.69775915145874
1617,149.56498860958615,0.0994127665160111,15.359161002466259,14.676472902297974
1618,149.2293387234903,0.0995393285060234,15.345569392441597,6.441058397293091
1619,149.4470453362554,0.09971352586423801,15.402113698517182,9.340947151184082
1620,149.53257488289285,0.09966575769420323,15.40809256153201,8.985904455184937
1621,149.00724913406393,0.09939074960179728,15.33401163591669,5.079355239868164
1622,149.40717664272327,0.09934922305816025,15.370671519557522,10.311645030975342
1623,150.14310487629604,0.09934227791278044,15.446964804361947,12.24228549003601
1624,150.67167382753308,0.09933407680852947,15.502495156318329,10.976657390594482
1625,149.44495708925774,0.09941216461187274,15.387470204755145,1.7638185024261475
1626,149.33050751836515,0.0995774632556091,15.403595502707594,7.543221712112427
1627,149.0772024431815,0.09987201120369817,15.419559547680517,6.800218105316162
1628,149.3464304187497,0.09989601836438845,15.455363952203712,9.53721308708191
1629,150.10296611456218,0.0998303915140779,15.520810312681675,12.127545595169067
1630,150.30193645341654,0.09983208759893712,15.545602209554858,9.223189115524292
1631,151.3489170888824,0.09973572750726148,15.630146187459308,14.318516254425049
1632,151.38542791799358,0.09970611216767272,15.633844725584716,8.07634973526001
1633,152.31157363881366,0.09952872317714354,15.68750627832887,13.233741521835327
1634,153.0484579024255,0.09946263948519511,15.750631215545582,11.790993928909302
1635,151.64797332340123,0.09923724385957393,15.613124903390124,0.769737958908081
1636,153.0814935901672,0.09909232904809684,15.716993654356223,16.01941442489624
1637,153.47067865426553,0.09909098909094921,15.75982371781266,10.59983229637146
1638,153.18597186772288,0.09914007920003971,15.742225480634534,6.743129014968872
1639,153.06411214904566,0.09942527415272016,15.774803225828189,9.031484365463257
1640,153.2534710275552,0.09947753303909994,15.807055193569907,12.428259372711182
1641,153.04093631727966,0.09969487892083015,15.818984641634207,9.176444053649902
1642,154.19052695410687,0.09978001968386065,15.960794795217867,18.64400339126587
1643,153.8086216845658,0.09973049534909101,15.921186847265687,8.149564266204834
1644,152.7205354677201,0.09962207928448898,15.811974978793032,3.200650453567505
1645,154.02333011304293,0.09943857933970061,15.893855229005101,19.371586799621582
1646,153.7030968119125,0.09926386567745116,15.84491667671505,7.157641887664795
1647,152.90606584379339,0.099622578372028,15.796467509947899,3.953125476837158
1648,153.82700518535543,0.09936104646585874,15.82850283484842,13.386754989624023
1649,152.5287351335019,0.10003410266786682,15.720217806499937,1.3249173164367676
1650,151.8634477821669,0.10008027326909512,15.663015628434938,4.507281541824341
1651,152.38481330434522,0.10001084308542377,15.706385472150588,10.953125953674316
1652,151.94096517130177,0.10012184576568063,15.679321617429082,6.11532187461853
1653,152.20155551958877,0.10001950371251819,15.69252840125479,9.822935581207275
1654,152.4595399643929,0.10008672440573009,15.735603117242242,9.930344581604004
1655,151.61494456474895,0.10026232774990808,15.668247086069819,3.705479383468628
1656,152.34879511910145,0.10019303780574232,15.731564615209122,13.037803649902344
1657,153.03530716791045,0.10005083593447221,15.77424896905703,12.112702131271362
1658,152.37495409623133,0.09996986780501255,15.70650647936646,4.462826251983643
1659,152.18120455526903,0.10009798867583461,15.709441414572796,7.838096380233765
1660,151.02939250971636,0.0996375493296168,15.582347000427067,2.173971176147461
1661,150.87909858461921,0.0996705856010265,15.576523530422797,7.394739389419556
1662,151.070307598773,0.099732703274428,15.610758295118568,8.981589555740356
1663,151.6896045227853,0.09948654995060391,15.624650712167382,11.132758617401123
1664,152.16270847755743,0.09959721208928882,15.698404205045708,10.818098068237305
1665,152.94108139278185,0.09942732692491767,15.74142016299525,13.252067565917969
1666,153.65167057885404,0.09941519651281135,15.814005961365298,11.842886924743652
1667,153.7751538730655,0.09950538189708082,15.845865901751644,8.907931566238403
1668,153.57740233433486,0.09970435792885628,15.857407242734126,7.185291051864624
1669,153.56162831099152,0.09982573540219929,15.878833170306784,8.18552851676941
1670,153.27601202788162,0.09994747804817729,15.870044838603716,6.804632663726807
1671,152.2632519076028,0.10010184942154167,15.78134439021768,2.68804931640625
1672,153.58061938852677,0.10005153515267837,15.903530946315502,15.42453908920288
1673,153.4348131946415,0.10013015649179906,15.904495636852348,8.264603853225708
1674,153.94046506269507,0.10015826669158694,15.965450680483825,11.220391035079956
1675,153.6310604120681,0.10037619621979302,15.965796173678987,6.250136852264404
1676,154.27474980794744,0.1003816085695217,16.036138211942195,11.628736734390259
1677,154.52200230986796,0.10032751315421755,16.055776829822772,10.250488519668579
1678,154.74678228676927,0.10045418152550023,16.105219061524544,9.66317367553711
1679,154.35931446390157,0.10031170867576247,16.0541668709093,6.424153566360474
1680,154.19572131926256,0.10039554811074397,16.053625202200205,7.663103103637695
1681,153.50376410606992,0.10068571027669534,16.013088950178204,4.569699287414551
1682,153.6387264650092,0.10051717652722181,16.00295806067642,9.295075416564941
1683,153.49233920035908,0.10059114145259707,16.002928480069656,7.837515592575073
1684,154.57741580835548,0.10034858881669706,16.05289919526896,15.000443696975708
1685,154.30164165027193,0.1004474651332545,16.04237020331627,6.96102499961853
1686,154.5986252337692,0.10052994700366108,16.091946501283108,10.759675741195679
1687,154.71263898143152,0.10054874391916664,16.111027036270276,9.016891956329346
1688,154.03551259161722,0.10046279670986002,16.039916765907574,4.796995401382446
1689,152.98515746570106,0.10109082180398592,15.969517598248498,2.5350613594055176
1690,152.88530589104406,0.1011288646348971,15.969822422266013,7.833950757980347
1691,152.84645283213362,0.10099005921002464,15.950124198043353,8.253968238830566
1692,152.56798830381229,0.10102015861792439,15.93062295606292,7.495104074478149
1693,153.01230842077416,0.1008729011941817,15.95131672650229,12.689827919006348
1694,153.79218533656643,0.10090313322120091,16.041803559237266,12.433165311813354
1695,152.34426348320076,0.10211632411121112,15.911385523644892,0.4833848476409912
1696,152.47082084836876,0.10230728208222022,15.962271668408444,9.24863886833191
1697,152.05611263988507,0.1023652903424791,15.93264895172436,6.27575159072876
1698,152.68555151348622,0.10222535836928687,15.973322462207115,11.623661518096924
1699,153.59869599835136,0.10198179331018416,16.013589237585045,13.138372659683228
1700,153.17270903836786,0.1020430564581634,15.983453345209195,6.0992255210876465
1701,153.2909819479842,0.10187111074206662,15.973618811757104,10.280156135559082
1702,152.16807212850435,0.1023158142687923,15.883882623639533,2.2219536304473877
1703,152.00639140721933,0.10268971494963379,15.925043797403136,7.276351451873779
1704,151.59632749314716,0.10292407906139871,15.915793359429104,5.839410781860352
1705,150.7403642182157,0.10280392917987563,15.826635425834814,3.5901942253112793
1706,151.2129605760335,0.10278599089817789,15.878369071576467,10.649907112121582
1707,151.26083097027316,0.10278377201483713,15.889585380860701,8.41471791267395
1708,150.24822266057043,0.10255593429468875,15.780689527052095,2.6020939350128174
1709,150.01574043396474,0.1027902174714269,15.792882631781573,7.3755059242248535
1710,150.16558302962508,0.10285322438762172,15.824953805463757,9.139620065689087
1711,149.87392719932885,0.10289907230903475,15.80670426740912,6.714150905609131
1712,149.42518792733557,0.10320341491927774,15.79863722473503,5.977934122085571
1713,150.71093604806222,0.10303469012260294,15.89065085248768,15.293635129928589
1714,150.8238266875816,0.1030537259374263,15.911744343962802,9.080445051193237
1715,151.95558842070577,0.10285652201138537,15.982626900523174,14.237869024276733
1716,152.2860325364987,0.10307120003451477,16.06280063151794,9.990439891815186
1717,152.9131722111337,0.10306374384812311,16.13217262520276,11.511269330978394
1718,153.30404048902236,0.10302268974297521,16.170850898950732,10.882888317108154
1719,151.84100008413213,0.10199246284554546,16.019142389961225,0.40180158615112305
1720,151.0725900832908,0.10243920488375667,15.978950966061612,4.365614891052246
1721,151.7818641824579,0.10227066869077496,16.019161456400997,12.08482813835144
1722,152.06404554063332,0.10224796200386721,16.04896984183699,9.823932409286499
1723,151.503405085227,0.10247548238382853,16.018480143418618,5.850377559661865
1724,151.6883710343747,0.10239190403057848,16.028295341984432,9.037639141082764
1725,152.73148732403095,0.10230548499027269,16.118012388564587,14.10630464553833
1726,153.28417245079066,0.10224396860190842,16.16683226467894,11.161698579788208
1727,152.81133072628276,0.10244794401022896,16.145163942032152,5.9160754680633545
1728,152.04321741901992,0.1023445172017056,16.06371230261183,4.154499292373657
1729,151.5927852448297,0.10244256735679136,16.033075179585712,5.940311670303345
1730,151.34685739238142,0.10267798420290848,16.042744427789856,6.859246253967285
1731,151.35338881845763,0.10276962541351096,16.06231698351196,9.149579048156738
1732,150.46985493027304,0.10269431011175681,15.97169381367684,3.6679463386535645
1733,150.9751563809703,0.10271214313004222,16.03197687554007,11.394938468933105
1734,151.44540481716058,0.10274562775934787,16.09165710678467,10.614296436309814
1735,150.21095076898897,0.10278960005318295,15.970740535716821,1.600708246231079
1736,149.2588412612991,0.10285261314356021,15.881033130359652,2.900850296020508
1737,148.4762528486861,0.10323253771634996,15.832222799056055,3.7788243293762207
1738,147.83149032019924,0.10339068852966266,15.783900571065494,4.6442060470581055
1739,149.47317541699724,0.10309396113154551,15.86606156535484,16.584656238555908
1740,150.38844366282726,0.10289289703890225,15.917400949701292,13.034493446350098
1741,149.97455922619898,0.10287314238043985,15.878226940204279,5.893230676651001
1742,151.94481363393697,0.10265132738314842,16.009444670802235,18.421708822250366
1743,152.6153654975976,0.1024467319175361,16.039350224094214,12.379030704498291
1744,151.63921184262162,0.10214953732563346,15.928956721853272,3.313594102859497
1745,152.7428197241954,0.10189140073100308,15.97966715463474,14.491819143295288
1746,151.28539152695345,0.10087248672369305,15.829870483088392,0.3128974437713623
1747,151.2325376116839,0.10089115911673008,15.831571778257508,7.7386794090271
1748,150.90021223556707,0.10089919667810515,15.803256060474935,6.382593870162964
1749,149.6412101132114,0.10069020471132409,15.675223499870185,1.3861157894134521
1750,150.40479801207928,0.10056825841642324,15.728471264871484,12.416316509246826
1751,152.2407500319585,0.10016137822746858,15.781186552222769,18.26086735725403
1752,153.6883425316389,0.09993417521960467,15.86337468670054,16.127505779266357
1753,154.1014591063225,0.09985791039048555,15.894740939833534,10.671143293380737
1754,155.17044451525928,0.09966392898773012,15.9557935304352,14.29833173751831
1755,153.81874007010668,0.09966728969785282,15.826235595130846,1.0437891483306885
1756,154.4005526694056,0.0996140130272894,15.87797323917954,11.569198369979858
1757,155.06654714271156,0.0995228502725821,15.929193506787744,12.709924459457397
1758,156.10588167128444,0.0993384325806671,15.989901571719868,14.387363910675049
1759,155.8448228545716,0.09926812517793736,15.960002556002669,7.359905958175659
1760,155.47637462602586,0.09919981367405714,15.920402530442642,6.4242870807647705
1761,156.7116108797656,0.0990321882971732,16.001198505138216,14.9017014503479
1762,155.81449477096794,0.0995344037276343,15.951186520086834,3.9979329109191895
1763,154.78634982325826,0.09967113516205606,15.861674654885965,2.9424965381622314
1764,154.4584863250257,0.0997399975809273,15.843057908337105,7.2722008228302
1765,155.09390146177543,0.09975177191704464,15.914627329253735,12.302321910858154
1766,155.27296244715765,0.09985252009382795,15.955481055961197,8.9752037525177
1767,155.5302328226861,0.09984847003101122,15.985926245401584,9.493617534637451
1768,154.4849304944592,0.0996342990561913,15.876066982947568,2.6086349487304688
1769,154.8600811895146,0.09983587273229606,15.957306313118092,10.275986433029175
1770,153.43148037761947,0.09967084733830645,15.817733249986912,0.6234796047210693
1771,154.93716557384326,0.099496507285976,15.919555917487042,16.42051362991333
1772,154.44779391810482,0.09944493843953134,15.87036035831217,6.293367624282837
1773,153.22331597892378,0.09938798905513602,15.751656754729048,1.759833812713623
1774,153.12108281913456,0.09937313014360563,15.744140187181758,7.744563341140747
1775,152.32987199094322,0.09946047992325066,15.67669878530994,3.881392002105713
1776,152.49657327103378,0.09964930707668088,15.72993179745684,9.366325378417969
1777,152.92160753832343,0.09962717298027304,15.77263247948227,10.404141426086426
1778,153.0123914629402,0.0996802839665197,15.794906154687448,8.74993348121643
1779,153.2622675483108,0.09969471708191069,15.826957093140573,9.689168214797974
1780,153.98964487282768,0.09962697345091459,15.888687522209167,12.311651706695557
1781,154.7797484240994,0.0994890728151179,15.939800646987077,12.894922971725464
1782,153.6219509398584,0.10003264362542827,15.850402640517206,2.113821029663086
1783,153.2757314304598,0.10004072055051853,15.821898614112035,6.516019582748413
1784,153.2229741161552,0.10025652956122956,15.853679627970914,7.808588981628418
1785,154.01074437499364,0.10020224012768623,15.925142831691206,12.444937944412231
1786,154.3006369312437,0.10018382428378642,15.955891403374293,9.72400164604187
1787,153.04763056193124,0.09987164121336234,15.82633248934055,1.5315659046173096
1788,153.51715425631193,0.09982292480122872,15.868069164447142,10.77053952217102
1789,152.8719827137488,0.1002853697105198,15.849388472802671,4.797261714935303
1790,152.3532628866113,0.10037162492430568,15.810894588074643,5.237176418304443
1791,153.1997302577452,0.10033837281008372,15.892785642193896,12.561817407608032
1792,154.42773295516773,0.10020455429937418,15.983857785771956,14.396624088287354
1793,155.03345562561606,0.100086229686613,16.024019207914236,11.80001711845398
1794,154.2731210693599,0.09997144333911395,15.943779015835094,4.295398473739624
1795,154.3403898586663,0.09990340592435636,15.944341225676743,8.656190872192383
1796,154.48698596007964,0.0999102890248761,15.964897813419975,8.87851071357727
1797,154.96211610047885,0.09995079009502338,16.025248835285776,10.743908166885376
1798,155.85249493947407,0.09989390514489283,16.104996346932918,13.464548110961914
1799,156.19396999007932,0.09978970293554916,16.12394638346359,10.278563499450684
1800,156.33203029017852,0.0999094529650172,16.162706919628953,9.9631929397583
1801,155.70870998727673,0.09986780524387766,16.101079850432665,4.894593000411987
1802,156.95162288740397,0.09972627004858174,16.19006905192834,14.808269739151001
1803,156.41210665852992,0.09989405589178524,16.158168361409057,5.62814998626709
1804,157.09798559194462,0.0998284486662007,16.216586677794965,11.985158920288086
1805,158.71700573602516,0.09967655916386473,16.334420811017015,18.856510639190674
1806,158.5698356786649,0.09972146023889274,16.331076602906844,7.838664293289185
1807,158.46413732187824,0.0998053267175849,16.33776583687778,7.946145296096802
1808,157.61949594865948,0.1001586248017604,16.284388178509,3.8395419120788574
1809,157.30330098917287,0.10018878458548883,16.261544296723912,6.702941179275513
1810,156.98026797928114,0.10022689673963393,16.238928853756672,7.799781084060669
1811,157.03046529948833,0.10015055369816352,16.236539565219104,8.554808616638184
1812,156.12016064649345,0.10036116937330308,16.164174169566913,3.527064561843872
1813,155.94895904002848,0.10058057926230386,16.182532427871244,7.5224549770355225
1814,156.4994694496282,0.10057003413318794,16.24070710359253,12.043969869613647
1815,156.43447475513193,0.10063100045852272,16.248300032556607,7.953040361404419
1816,157.4501300075806,0.10047740363223207,16.315817032231042,13.857147693634033
1817,157.2656287075048,0.10055176628655722,16.31265886190873,7.489428520202637
1818,157.59297242042973,0.10054624862369164,16.349532273289643,10.331081628799438
1819,158.96704269622543,0.10032044715440389,16.426036950556746,15.732062101364136
1820,159.6473722692632,0.1001542470881462,16.46177658105118,12.289444923400879
1821,159.31089854657057,0.1000257204902806,16.41715881524067,6.669112205505371
1822,159.54778956110488,0.10006371465149802,16.45298722708826,9.86067008972168
1823,159.07231166549383,0.10013450607641161,16.418457354817377,5.960696697235107
1824,158.2315885488389,0.10019982768231415,16.344272781269204,4.04070258140564
1825,158.1192726633505,0.10021823756875632,16.34083005345651,7.773008346557617
1826,158.748079936717,0.10030202804374748,16.427421752921944,12.837180137634277
1827,159.15059913734984,0.10040453540150096,16.493147535392726,10.573228359222412
1828,159.56909314597632,0.10049501741067003,16.5582160600388,11.073834419250488
1829,159.93340221451658,0.10045945499166536,16.59263389943841,12.106791019439697
1830,160.7740681923714,0.10031551617945363,16.646707560444025,14.923514604568481
1831,160.60632751044767,0.10049291657321464,16.660240484839584,7.9994354248046875
1832,161.0802642353432,0.10035337202286711,16.683638079991187,11.366852760314941
1833,161.02946159298978,0.1003113767641769,16.676801699191277,8.4510018825531
1834,161.7591669770599,0.10024843393670607,16.740033682199364,12.91568636894226
1835,161.7515753072893,0.10030185021845703,16.75263334537737,8.626463174819946
1836,161.3840595542164,0.10041883171627246,16.735107011923592,6.715086936950684
1837,161.60021895867425,0.10045289476522995,16.767755941804356,12.223424434661865
1838,160.34421676908752,0.10055947692868876,16.650078382386315,2.446094036102295
1839,161.13077460139664,0.10047438425145208,16.713577598562452,15.797300100326538
1840,162.27946685538265,0.10033920562632886,16.796441822576828,15.650660753250122
1841,161.8766721868288,0.10064728897990163,16.79847740435106,6.645309686660767
1842,162.96790546496052,0.10063712605320224,16.91049263030755,15.220203161239624
1843,162.8782264103109,0.1006047807666962,16.901387704004478,8.419827222824097
1844,162.3194441462078,0.10072022828613204,16.862373826964433,6.1079065799713135
1845,160.89624970474568,0.10071302600327073,16.72375008869479,1.1040759086608887
1846,162.03728720769823,0.10046953210687438,16.77651258780784,15.347093343734741
1847,161.68691433562125,0.100803419462971,16.788747461929763,6.8246989250183105
1848,160.12004519226505,0.0997953852683413,16.630859987310465,0.32993388175964355
1849,160.0388447403424,0.09971848404723682,16.61455138743736,7.925367593765259
1850,159.488456292939,0.09986415634962159,16.578405873562986,5.63694953918457
1851,158.8635717300096,0.09989644262117692,16.522621814827357,5.172243595123291
1852,159.5049360127095,0.09974949613218488,16.557395596679083,11.974392175674438
1853,159.8698866525824,0.09977240933412834,16.60182164071229,10.802670240402222
1854,160.77118778605657,0.09985468524078706,16.715803424305168,13.432626247406006
1855,161.033475908196,0.10003260897661448,16.778645390062117,9.790893077850342
1856,160.34314114911405,0.1004453263651092,16.750858936161496,4.675277948379517
1857,160.98970973762292,0.10032976199034699,16.793350346799883,12.323368549346924
1858,159.84981264024668,0.10017752820023075,16.675416843331885,2.456697940826416
1859,158.62131451384423,0.10079737453985006,16.578662674898567,1.9176337718963623
1860,160.0451013687058,0.10055352039578046,16.65287604814958,16.462032318115234
1861,159.56465035501873,0.10079798519182265,16.636347287668084,6.1083455085754395
1862,159.27900385146853,0.10108771526356855,16.6499838147914,6.995609521865845
1863,158.01621381295385,0.10068289871699347,16.51348397664349,1.7195994853973389
1864,159.3160516748243,0.10064829195204576,16.638349136877054,15.77210521697998
1865,159.69289115807607,0.10070779888024103,16.691965645508283,10.783003568649292
1866,159.9659622464953,0.10066328773635841,16.715045989053202,10.084872961044312
1867,159.89630262403037,0.10070240649298175,16.71789552916267,8.483292579650879
1868,160.33733959779005,0.10062675497707153,16.750716573871046,11.001126050949097
1869,159.12396620181212,0.10090253870935209,16.643209408132332,2.108644962310791
1870,159.892726539794,0.10086808959344501,16.716777314051008,13.133270978927612
1871,159.26379927439606,0.10130270766658273,16.699609540910497,5.240901470184326
1872,160.2611612816521,0.10125493155516786,16.792613445501395,14.45021653175354
1873,161.39854966883559,0.10108179829801034,16.864687311046378,15.35111141204834
1874,160.87456417214725,0.10144712710402105,16.856040437935913,5.936734914779663
1875,159.79581853042578,0.10137605205939594,16.747480033556553,2.8648929595947266
1876,160.28786034512152,0.10117568866798858,16.760005233220987,11.3262357711792
1877,161.7349817416703,0.10091803014196443,16.832405180888774,16.6462619304657
1878,161.9376319242536,0.10100775093944588,16.874081129079887,10.029474973678589
1879,162.57825560501104,0.10083838139465319,16.905340317789086,12.674656629562378
1880,162.56247304896092,0.10082378640058243,16.906286914611197,8.665643453598022
1881,163.8368483184713,0.10071210026071453,17.007224045465083,15.812131643295288
1882,162.9284798352866,0.10052689706632656,16.907151805010432,4.081076383590698
1883,164.41919503693373,0.10032291014694535,16.99808028696033,16.995683193206787
1884,164.0750030865644,0.10024275796855282,16.958099484090727,7.207262754440308
1885,164.7942530556988,0.10034202530412152,17.05851848924982,12.857590675354004
1886,165.28631052514177,0.10027318449033264,17.097933304357323,11.84110951423645
1887,164.55344741989035,0.10046610481934236,17.04695397131375,5.023309230804443
1888,165.53791294569143,0.10048805974073068,17.156484431600614,14.695014476776123
1889,167.16253381623451,0.10030634987503069,17.26491958728461,17.971471786499023
1890,166.39090847807216,0.10063661970961373,17.22227039141176,4.994486570358276
1891,166.37699939329144,0.1005393444216085,17.210047687497642,9.078031778335571
1892,165.77322939935854,0.1002886679585245,17.127947210622665,5.872166395187378
1893,165.54549710536497,0.10026480225796022,17.106667738516435,7.796334266662598
1894,164.13004213431134,0.10009548756871396,16.965601061131274,1.3552846908569336
1895,163.66874171296823,0.10028097337099291,16.94594505051996,6.89800763130188
1896,162.23205429583854,0.10077816363728298,16.816485600014758,1.1153991222381592
1897,161.76973375288014,0.10071865786297912,16.768320744014613,6.292670249938965
1898,161.12203641535135,0.10094858468641119,16.730637536574466,5.288213729858398
1899,161.20081605119782,0.1011225307922098,16.773331161208723,9.195718765258789
1900,162.57880789068585,0.1009474258856255,16.865597849596636,16.251824378967285
1901,161.023019811779,0.09993795162676924,16.70694187110067,0.389693021774292
1902,161.8427896136612,0.09984392190474024,16.769872452389667,13.247050523757935
1903,161.7643617175246,0.09975457359478375,16.752173727865767,7.897437572479248
1904,161.42671810034935,0.09992890285883592,16.74465199058711,6.520343780517578
1905,162.23245091934584,0.0997560601112393,16.787205470681236,12.20018196105957
1906,161.62012641015238,0.0996495886190378,16.719333415974425,5.149982213973999
1907,162.43392514605085,0.09951729026371162,16.77214008181468,12.366416215896606
1908,162.20958589459036,0.09937926021821736,16.73441868099653,6.896591663360596
1909,161.15749003564446,0.09943809919498256,16.637074494186564,2.949859380722046
1910,162.135915135288,0.09929313905245357,16.7007037492447,12.718587875366211
1911,162.1845559839351,0.09937805197330629,16.723696711752254,8.335171699523926
1912,162.06271042409574,0.09938427145357323,16.716459744634733,7.428377866744995
1913,162.51208331985478,0.09930830313517276,16.749295147188384,10.357389450073242
1914,161.97696248665625,0.09969136689281186,16.7418021957165,5.303502321243286
1915,161.64719286178968,0.10001228268124808,16.754384173759334,6.473438739776611
1916,161.67072093317176,0.10010972083004535,16.77684033202174,8.184007406234741
1917,161.16401372384007,0.1000095245226458,16.719071928701524,5.507204055786133
1918,160.95237358660168,0.10000942927741935,16.70188120941451,7.192131996154785
1919,162.21284985073567,0.09984557191844305,16.784862397320364,13.922621726989746
1920,162.4807213522283,0.09995822731036973,16.83701377334716,9.252362728118896
1921,161.79591413870602,0.10002247482450008,16.778643635613687,4.743004322052002
1922,161.78795499731896,0.1000781506973731,16.790857199257548,7.965283393859863
1923,161.01007544734577,0.10026784538087555,16.73294862726497,4.2437522411346436
1924,162.19997469287233,0.10001516692706679,16.78561914099232,13.954494953155518
1925,161.33797494594359,0.10006764683674349,16.707762949582396,3.761108636856079
1926,161.73459519648415,0.10021124897534123,16.78068532008657,9.92805290222168
1927,162.3372492445193,0.10024517252162385,16.852878466885702,11.110007524490356
1928,162.01387675207414,0.10024272079640761,16.824349682216845,6.378031253814697
1929,161.71373798455338,0.10022514207329203,16.796106185394677,6.551938772201538
1930,161.20660060470786,0.1002138816435501,16.74814512354073,5.685309886932373
1931,162.12453459866077,0.10023941081130433,16.850663672305323,12.563839673995972
1932,162.50328925267416,0.10028701670319128,16.90215703558227,10.10611081123352
1933,163.09825636014742,0.10014000239201522,16.933135465226446,11.021072387695312
1934,163.03727379654595,0.1003487934508976,16.96380411057418,7.694041013717651
1935,163.79690105858046,0.10030764861262292,17.034166069468437,11.590244770050049
1936,165.99893204799466,0.09998165545983002,17.13382440877375,18.721534729003906
1937,165.5689427275147,0.10020135110035368,17.122486164686013,5.991696834564209
1938,166.85325330023954,0.09991362330363585,17.171261303039152,14.370817422866821
1939,166.42472076723715,0.100043519328664,17.14954869000876,6.156330823898315
1940,165.77047355956478,0.10013219304626844,17.098053203108673,5.04407811164856
1941,165.45276882396914,0.10017564723520875,17.077072671077584,6.795839309692383
1942,165.86824113572945,0.10009176515899192,17.10630194436681,10.50101351737976
1943,166.03955872437217,0.0999651644472927,17.105238924923142,9.058913469314575
1944,166.78916313712844,0.10000285720116002,17.19418653567391,11.954807758331299
1945,167.47127150575716,0.09985389245893565,17.232244670317172,11.466041326522827
1946,167.30655879069957,0.10004740651447874,17.249922223614,7.210997581481934
1947,168.28349320279258,0.10002806452480564,17.34742300137786,13.247779130935669
1948,169.61065827076465,0.09989157125497287,17.44394877136408,14.800723314285278
1949,168.884551688057,0.10002667616097985,17.38950928365044,4.6323325634002686
1950,170.71570617117644,0.09967981849027914,17.455614190813936,17.19414186477661
1951,171.46854910946467,0.09953667884196171,17.501058048905794,12.426300048828125
1952,171.07386361837,0.09967767568990572,17.486047468416736,6.346399307250977
1953,170.9331249821863,0.09976370148077736,17.49118699373257,7.561753511428833
1954,170.80379373236445,0.09977872269381768,17.486275123795245,7.761136770248413
1955,170.1957557950408,0.09959911728506132,17.411412372557294,5.395818471908569
1956,169.8037982370904,0.09974816428014964,17.39729824883172,6.519860744476318
1957,169.6757602547195,0.09983348518511884,17.403325266343405,7.843409776687622
1958,169.06900265217232,0.10011955400299241,17.37929201367997,5.41451096534729
1959,167.84831262565058,0.0995438903778561,17.23549909354317,2.388201951980591
1960,167.06982949939407,0.09977067369629976,17.183144102607738,4.47905969619751
1961,167.07913120440014,0.09972534791171772,17.18131266158166,8.417418003082275
1962,168.04833989235613,0.09956142776593388,17.239499534965844,13.133157014846802
1963,168.70785649343256,0.09946324938571043,17.287104539616184,11.80915117263794
1964,168.64077792849824,0.09951799960790271,17.294233494220023,8.295414686203003
1965,168.97437014921326,0.09956242357221973,17.341291159277823,10.29362964630127
1966,169.02462644772112,0.09954381083075041,17.347878247685045,8.843323230743408
1967,167.8243801832439,0.09977286251836127,17.244399465208197,2.542004346847534
1968,166.97613638141146,0.09997995317028609,17.181955470556115,4.085412263870239
1969,165.67637501759737,0.10033150498993458,17.070135915850553,1.8720099925994873
1970,165.7796112674214,0.1003509172127625,17.089434556692048,8.88007402420044
1971,166.37181515474717,0.10010296359619042,17.098540211125126,10.973630666732788
1972,168.2980970031997,0.09974260248390539,17.167554809013872,17.68414545059204
1973,167.79511603316772,0.10001636289974429,17.155879260923733,5.718281984329224
1974,166.45716487283605,0.10078090515309979,17.054320468314497,1.658541202545166
1975,166.93259322410768,0.10070767554082112,17.093777263631353,10.591459274291992
1976,166.7032672918666,0.10067282100763512,17.072839490995037,7.049005031585693
1977,166.48623461894792,0.10063161003893807,17.052111096085085,7.043678522109985
1978,167.64137227275842,0.10040543578252031,17.111589985124233,13.902385473251343
1979,167.24495855003084,0.10057325642469511,17.100474085272992,6.4461586475372314
1980,166.74250896453051,0.10059316488608919,17.05946934442026,5.846031665802002
1981,166.9250838748852,0.10050615215614721,17.06887465097606,9.110276937484741
1982,167.7358330361363,0.10030754224748896,17.1081859044663,12.578052759170532
1983,166.14847470577496,0.10041557793612517,16.957104045421637,0.44165563583374023
1984,165.1869899587172,0.10041142215676392,16.86753300496742,3.424058198928833
1985,164.53512005913,0.10050730793519629,16.818857674917748,5.252489805221558
1986,164.3597688585387,0.10045461580822528,16.80066909816857,7.20829701423645
1987,164.35617116995329,0.10048665501599668,16.812662407186885,8.098064422607422
1988,165.22260945825374,0.1003184418522909,16.864535783115013,12.305038928985596
1989,164.21038336367118,0.10025275743376798,16.765890425283864,3.183354377746582
1990,164.97827953003446,0.10020458670590333,16.838231521031023,11.871848821640015
1991,163.9684967347341,0.1006087908388443,16.769849205820716,3.1355764865875244
1992,164.56881176738676,0.10067413150188442,16.85215071376251,10.929461002349854
1993,163.49312364971289,0.1010708989587954,16.773629206624882,2.8769359588623047
1994,162.25819241321577,0.10156018996920745,16.675892914558634,2.2284154891967773
1995,162.68561048908361,0.10147141733780805,16.709133985413047,10.16830325126648
1996,164.44875438419277,0.10113516924112614,16.782042645558914,16.718857288360596
1997,164.18426684035083,0.10113831030233807,16.764222219103324,6.754979372024536
1998,164.48242417194732,0.10115785503436622,16.80657999691229,9.59958791732788
1999,164.40759993022783,0.10110169049676142,16.798514196943167,7.866779565811157
2000,165.06352393092556,0.10113415185266336,16.880529054973735,11.548754215240479
2001,165.0928886916163,0.10131328652461291,16.921723764423998,8.281784057617188
2002,165.54195980470013,0.10130015365936679,16.972506526779757,10.271470308303833
2003,166.54654020665313,0.10133978370172049,17.092781461511958,13.491820096969604
2004,166.3910748045866,0.10125353818258408,17.071853646896837,7.403730392456055
2005,167.44716405654071,0.10119688515369941,17.17113511042787,13.58096694946289
2006,165.85269241597533,0.10018491630216242,17.009423759323592,0.4178643226623535
2007,166.00416549181557,0.10017754227726235,17.029329521730357,8.84947919845581
2008,167.39412383689742,0.10002822587088317,17.129036226513055,14.937914848327637
2009,167.93018259852846,0.09984242325018339,17.147745864247927,10.785469770431519
2010,168.4908807725432,0.10000471330339583,17.24626840560545,10.984164953231812
2011,169.08597196481776,0.10005729774930924,17.323805721549395,11.14545226097107
2012,169.44511224516958,0.10017867599132835,17.3905676643339,10.601330995559692
2013,169.1106611227179,0.10027983040788564,17.37666198769056,6.819687604904175
2014,170.1795545114907,0.10014659732119809,17.452895367813657,13.59850811958313
2015,169.18775896637578,0.10041273698178893,17.37836641413552,3.4332385063171387
2016,168.49588137671202,0.10060860961197104,17.334582749994166,4.8041064739227295
2017,170.0409225629449,0.10040747707622284,17.43123692249422,15.869714498519897
2018,170.02051333731546,0.100534354686413,17.45692455326928,8.346081495285034
2019,171.2103082039423,0.10042866511878763,17.552355307736583,14.389084339141846
2020,172.2082051219029,0.10034688769269201,17.63683175465922,13.384851455688477
2021,171.32612307068388,0.10029579976814604,17.550463437112626,3.999119520187378
2022,171.79286183997704,0.10030201608239118,17.6049588027415,10.79586410522461
2023,172.43493322157727,0.10035831795546557,17.688909214714087,11.554560422897339
2024,172.7005838893615,0.10025925738897624,17.702020122566946,9.7958242893219
2025,172.98357805046788,0.10025168969070837,17.734999921341277,9.836570978164673
2026,171.9137422699632,0.1001582637028922,17.627649922127866,3.305265426635742
2027,171.33460484726353,0.10020931264481066,17.581373422906587,5.648833513259888
2028,172.23125879879092,0.10031833062947365,17.70555968867752,12.687123775482178
2029,170.878946210803,0.10066649867453026,17.588504091790746,1.7095739841461182
2030,170.51015674869498,0.10085386353853122,17.58261905087284,6.658314228057861
2031,170.58505518120802,0.10068802153235938,17.56679286036411,8.747276782989502
2032,170.60920462939592,0.10054819334015717,17.55112493176047,8.845309972763062
2033,170.97311258310194,0.10055720416037879,17.595613682442863,10.255061149597168
2034,170.72338145727093,0.10078450883110378,17.609657545618436,7.105168342590332
2035,169.40614764269822,0.10080230476843377,17.48356097016225,1.9048714637756348
2036,169.58208616627124,0.10064989669401146,17.47872536046063,9.484782695770264
2037,168.53626530460852,0.10087416695784057,17.393938106856023,3.4466264247894287
2038,167.19090265156242,0.10104189587649746,17.269998725787463,1.6468803882598877
2039,166.40899362504678,0.10115507242335048,17.207298738529587,4.336540699005127
2040,166.9149036887963,0.10097301478667457,17.225225751144293,10.743178844451904
2041,167.42575465190833,0.10078897271220232,17.242973493632853,10.900099515914917
2042,166.21149710538927,0.10108543081116725,17.140543758696523,2.307056427001953
2043,165.36938213433538,0.10117213747866534,17.06913832110956,3.958472490310669
2044,164.79568831299204,0.10136411980758239,17.038446937898463,5.402908802032471
2045,165.98773142986212,0.10119554903204177,17.11806246851948,13.92487120628357
2046,164.8278541155635,0.10118359354172135,17.006881843834282,2.533855438232422
2047,164.63957557440787,0.1014046343186329,17.026813025395942,7.273550510406494
2048,163.4631798186638,0.10145441776268062,16.916544895141982,2.3211262226104736
2049,164.80854802047716,0.10124524271257059,16.99737944619056,15.016460657119751
2050,163.64046254027238,0.10148279028544488,16.897405651728654,2.5002431869506836
2051,163.87405791486967,0.10127010142002359,16.88843159521137,9.530196189880371
2052,162.94531733572097,0.1016658511100487,16.829547279259256,3.5030999183654785
2053,163.74586416236377,0.1015133901298124,16.88125180646666,12.334385871887207
2054,165.0584055207401,0.10137961216071767,16.982439288401995,16.309636116027832
2055,165.39782146553273,0.10132058990845723,17.012614895517974,10.45377254486084
2056,163.8438432508774,0.10130738400937266,16.862488746562793,0.42837071418762207
2057,162.28540481836865,0.10029431016927892,16.703863859097165,0.376772403717041
2058,163.28255077018497,0.10020739760193728,16.786825220506195,13.064615488052368
2059,163.25972526248313,0.10044755965076263,16.828956968301135,8.114418983459473
2060,162.5871280098583,0.10058891738758834,16.780667398618125,4.730398416519165
2061,163.53125672975972,0.10051688035379028,16.862860724631943,12.909942865371704
2062,164.2859441624621,0.10055773665485489,16.954232117385626,11.985562801361084
2063,164.34308472083748,0.1007874534059534,17.004689796211768,8.548568964004517
2064,164.0396538736291,0.10097360872264012,17.004642898249653,6.628995895385742
2065,163.8192573348928,0.10102021066358273,16.994596469267158,7.360753059387207
2066,165.55106476154387,0.10069250113854927,17.064650504574484,17.070476293563843
2067,165.13555411392844,0.1008146083852283,17.044003999528737,6.216330528259277
2068,165.71419857278914,0.10074816633725045,17.093563959533448,11.145660638809204
2069,166.15705658706125,0.100788303721497,17.152628319938113,10.407486200332642
2070,165.78548602119062,0.10109825014164638,17.161102036738733,6.326557636260986
2071,164.99763116097873,0.10123669292758622,17.099491016371346,4.343527555465698
2072,165.17765484936896,0.10115328774694424,17.10849610620763,9.030202150344849
2073,165.33587830087527,0.10119147862638088,17.137411145145556,8.899674892425537
2074,165.89251951786653,0.10122028782201753,17.2060370336941,10.991315603256226
2075,164.70359432268788,0.101697446645925,17.113976663357157,2.387516975402832
2076,164.616558379461,0.10170611320510678,17.112836896723586,7.659288644790649
2077,165.38039279566638,0.10168490269546235,17.19170852775635,11.876051664352417
2078,164.62658886770973,0.10189027589072995,17.13979144247879,4.475816488265991
2079,164.22032297903263,0.10200040538988717,17.118393528054,6.08903694152832
2080,163.83811974924228,0.10193278228836924,17.07720959277346,6.305975675582886
2081,164.24973855174986,0.10174272275816848,17.086437496845726,9.878739356994629
2082,164.98724116623237,0.10164966527848594,17.14557312187727,11.473341464996338
2083,164.24736875457003,0.10184195983449229,17.094117390658496,4.533337593078613
2084,165.49489506702432,0.10165399006313698,17.173176216751912,13.987034797668457
2085,165.63994611635408,0.10158189460695005,17.181444454584394,8.52187180519104
2086,165.08354665519053,0.10174789384269874,17.14963001003855,5.519860506057739
2087,165.2227111886386,0.10162426965287509,17.148133709938165,9.282218217849731
2088,166.3004840767522,0.10170692805524743,17.28665237283878,13.622436761856079
2089,166.6574792359847,0.1015314429331108,17.293785849110392,10.371135234832764
2090,165.09090444362485,0.10051612850377968,17.13084799061929,0.4944756031036377
2091,165.5999953991886,0.1005294857372604,17.189539510713097,10.67820692062378
2092,166.1439954451967,0.10066055451625142,17.277644115605966,11.108668804168701
2093,166.24255549074473,0.10067667624381617,17.294867674449907,8.8544762134552
2094,166.0701299358373,0.10067662089077398,17.281918997705407,7.329112529754639
2095,166.2594286364789,0.10080498981700137,17.32909980772835,9.257938861846924
2096,166.8168343501141,0.10078793090982234,17.385808809651067,11.064574480056763
2097,165.98866600661296,0.10073243255310507,17.301950721554554,4.168734073638916
2098,165.70877934654683,0.1008845285174291,17.29893121433901,6.904386758804321
2099,166.75169155308134,0.10080160915818073,17.385941902195622,13.251049280166626
2100,166.95417463755052,0.10080963584734759,17.412082483173666,9.342726230621338
2101,166.72463289117502,0.10105153948887412,17.427961658341932,7.124839782714844
2102,167.93738656226327,0.10087435742731872,17.503682041758513,14.013975381851196
2103,168.30801269664065,0.10093878458475285,17.558645221340928,10.08710241317749
2104,169.33493256967424,0.10081500559499387,17.63305876912752,13.212757349014282
2105,168.6915832439775,0.10075923649142489,17.566728181436243,5.089720249176025
2106,168.65466741153773,0.10090315927802579,17.59106089962188,8.173442363739014
2107,168.67812073742235,0.10082980019986541,17.585150290625663,8.463129997253418
2108,167.09133953004812,0.10082150219786676,17.429298787719407,0.5048582553863525
2109,166.69042613474764,0.10107312969557314,17.425005799842214,6.297302961349487
2110,168.05352187340017,0.10098649080785832,17.540755741843792,15.398219585418701
2111,169.06298665466616,0.10083164448714033,17.605348184425353,13.131043195724487
2112,169.4423567881195,0.10103105751086797,17.6892947025811,9.924628734588623
2113,169.60793322023832,0.1011497791938238,17.732401755555287,8.987744092941284
2114,168.91185388803595,0.10143828140188556,17.695077737999735,4.9516966342926025
2115,167.73273534915558,0.10140429074472944,17.578126960619738,2.5390939712524414
2116,167.29540799566402,0.10151928009534666,17.55234569101354,6.199390888214111
2117,167.3024539157074,0.10187313491344081,17.616822234103402,8.210229635238647
2118,167.4194293765503,0.10174825831290975,17.61065401176237,8.900841474533081
2119,168.8952350827848,0.1014926804916854,17.68454747164475,15.500003099441528
2120,168.61628273195694,0.10161250545981819,17.677701996928302,6.80246901512146
2121,168.36011990463737,0.10171526152410112,17.67092497695902,7.498340368270874
2122,167.616518705591,0.10197470465354096,17.62421572718943,4.615391254425049
2123,168.1003535185351,0.10188088353293147,17.657973569917537,10.808767557144165
2124,167.38934998334975,0.1018930025326537,17.591393834218362,4.880215167999268
2125,166.75545648351624,0.10183561096886562,17.525479895876177,5.040919780731201
2126,167.79790191868108,0.10162906297725814,17.580225096917417,13.594996929168701
2127,167.06992289949426,0.10219171971590661,17.564422845948243,4.696948528289795
2128,166.04922367049932,0.10224672559567062,17.46877861748876,3.0963568687438965
2129,166.15873143379434,0.10235420184253877,17.50409083131387,8.802172660827637
2130,166.2271441194564,0.10237112225185904,17.519049923000733,8.625530481338501
2131,167.15487267826182,0.10227405195598137,17.593859423770724,12.825185298919678
2132,167.0433239514792,0.10234105502616514,17.597920829533017,7.595470666885376
2133,166.8228907119644,0.10249005826900694,17.601941621237685,7.2227137088775635
2134,166.39466180484476,0.10235225446051041,17.54592220502531,6.251837730407715
2135,165.63071518679632,0.1023287319159053,17.470462982975057,4.565588712692261
2136,166.08440803492837,0.10234809862518227,17.525758353145307,10.398664236068726
2137,165.6135639545791,0.10258512184061111,17.510500769613852,5.942245960235596
2138,165.3174283150333,0.1027357412104403,17.505395761917715,6.751935958862305
2139,165.23425403188298,0.10266379781107475,17.490341804298538,7.992687940597534
2140,165.88191149156415,0.10255020331122487,17.535438386255553,11.622581720352173
2141,166.77309237664852,0.1026227404937989,17.650084002392997,12.73993468284607
2142,166.46536145288204,0.10262592485356678,17.623583162369066,6.53153920173645
2143,167.26070783835323,0.10257527536112868,17.697347330745377,12.469907760620117
2144,166.8681007599697,0.10264327260751739,17.670373857437923,6.722015619277954
2145,166.34941975237,0.10274727466405091,17.633670118863545,5.64644455909729
2146,165.67592555484632,0.1029319231295316,17.58733341767491,4.9882731437683105
2147,165.46916629929785,0.10300605217409835,17.58146008349816,7.218484401702881
2148,164.0844746363049,0.10345747313383885,17.45564548266318,1.5162808895111084
2149,164.72362988994183,0.10347552998144784,17.531089027836547,11.377748966217041
2150,166.6963935910424,0.10332475258218585,17.68577813755818,17.994274616241455
2151,167.629429655132,0.10336842813328706,17.7989203561826,12.926190853118896
2152,166.31313535858067,0.10289029940750975,17.650931152620775,1.7114388942718506
2153,165.57000400499484,0.10283965728299987,17.57442184109457,4.358412981033325
2154,167.2643039649449,0.10255752936688628,17.658677622683626,16.39614725112915
2155,166.92166092529547,0.10288533753186403,17.67209084645679,6.579709053039551
2156,166.8824443160425,0.10320617740807912,17.725369937992223,7.974241733551025
2157,166.72361987288207,0.10316749311744204,17.708116238612302,7.491376161575317
2158,166.63638367415325,0.10321176755335622,17.711035076226178,7.7590460777282715
2159,166.27001983741172,0.10333349603166882,17.693924725463916,6.473330497741699
2160,166.7873196390376,0.10330933538327874,17.746985478209275,10.772205829620361
2161,166.22944644264723,0.10335732311052703,17.69951562342718,5.519772529602051
2162,166.40715197822075,0.10341070640116089,17.73252046719291,9.047475099563599
2163,166.10308045843857,0.10340601110185516,17.705195262520977,6.690173625946045
2164,166.19204965385418,0.10340052241940803,17.71814330989577,8.816364765167236
2165,164.76012915731562,0.1036708650213009,17.58096187679681,1.2158737182617188
2166,163.80252786574246,0.10393850419717486,17.505152258028843,3.3945906162261963
2167,162.98450258708502,0.10387472891130067,17.420100735448553,4.3196940422058105
2168,162.88465756121417,0.1038817332561746,17.415899728094068,7.631126880645752
2169,162.08581098560205,0.10416821712843212,17.36174073081313,4.121792316436768
2170,162.53495287574603,0.10409271853202702,17.398123323504997,10.351399183273315
2171,163.91960334698857,0.10398202390484629,17.514142090269946,15.23283576965332
2172,164.0804073135187,0.10410887033246449,17.559000669367244,9.124686479568481
2173,164.2696032403835,0.10410603299526007,17.583410662673572,9.248891353607178
2174,163.57690720797964,0.10411760424425484,17.517576556046837,4.718047857284546
2175,164.46113813589986,0.10402880915419324,17.59240079048637,12.15929913520813
2176,164.88652675454085,0.1040030138162745,17.636476782581504,10.175676345825195
2177,166.03766148699546,0.10389155510668319,17.730112014755687,13.716758728027344
2178,166.3072848721255,0.10388890898566817,17.76281089460813,9.018518924713135
2179,165.35421202340424,0.10411762552961432,17.68518278566205,3.43829083442688
2180,165.5206699031702,0.10423029542816432,17.72833095780543,8.855306625366211
2181,167.0754632041385,0.10409141926515994,17.851047648227375,16.078931093215942
2182,166.38470857209708,0.10407091323577364,17.7825371717451,4.719740152359009
2183,166.05086148637614,0.10408283568236328,17.75471180002765,6.524536848068237
2184,165.79035287151237,0.10432772161125392,17.767164682027374,7.06083607673645
2185,166.33244934279722,0.10432989894059592,17.8294930352071,10.789747953414917
2186,167.61912484936923,0.1042696507986476,17.95119810485503,14.43350601196289
2187,166.57293360087553,0.10433806540177222,17.85168612380648,3.0744359493255615
2188,165.83720426486678,0.10458500732839966,17.803169262568414,4.41938328742981
2189,164.39883222221812,0.10399370270966113,17.64513756994273,1.0792577266693115
2190,164.73484389999592,0.10401437174317057,17.6886861942433,9.916168451309204
2191,166.37749546099596,0.10376450158196987,17.781799332300867,16.277910470962524
2192,166.33372050638602,0.10389969607232301,17.80398133897786,7.677346467971802
2193,167.04038330132215,0.10387335733944787,17.87594152558808,11.774211168289185
2194,166.29997946830895,0.10380236570153725,17.797182110332198,4.550474643707275
2195,165.67697967362585,0.10411049589067572,17.769210289228873,5.189377546310425
2196,166.1402098768896,0.10405995696950482,17.81151818633658,10.46475625038147
2197,167.40880777812072,0.10394085910629441,17.913403004473217,14.676458358764648
2198,167.5847197003395,0.10392847754225851,17.934268974428484,8.952694177627563
2199,169.41887250333608,0.10374389362153677,18.064926284684198,17.606765031814575
2200,168.4346837783027,0.10369237017827915,17.964277021837354,3.502589225769043
2201,169.03033694051967,0.10370807805544373,18.034634251618982,11.47741174697876
2202,169.83003357111448,0.10367501333914632,18.114287909102792,12.4648118019104
2203,169.09173323540335,0.10378409653908818,18.053145030011766,4.848457098007202
2204,168.5008159030493,0.1039280737555155,18.012613579711648,5.570335626602173
2205,168.5658077440188,0.1041459358751032,18.06248744391453,8.467853307723999
2206,168.4201496665786,0.10427330768518332,18.071862569475385,7.676135301589966
2207,169.3759481699128,0.10417754430530118,18.15114394378063,12.936340570449829
2208,170.70218868821368,0.10396358343178459,18.229632504342828,15.002235174179077
2209,172.04516680133156,0.10377640661386019,18.3173361792994,15.105642080307007
2210,172.19471513331825,0.10375468532847025,18.334162817506403,9.21740984916687
2211,171.36276798198506,0.10361601487967992,18.24082118933134,4.337482213973999
2212,170.8891403021652,0.10370888698894763,18.208412977438023,6.133610248565674
2213,169.25024889914354,0.10267179811905816,18.036328847663643,0.35151219367980957
2214,168.6777464101521,0.10298436585215329,18.015965559187006,5.682348728179932
2215,167.3709689460506,0.10300715377257913,17.885805903595138,1.8437414169311523
2216,166.54725925659008,0.1030359057642651,17.806947844559186,4.181010007858276
2217,166.3217866640242,0.10311665781773356,17.798878366113595,7.074575185775757
2218,166.30856879738394,0.10317640033046531,17.81088958245246,8.227003812789917
2219,166.56548310941008,0.10308213632716065,17.822780686627937,9.744875192642212
2220,166.91982827831598,0.10299190902329498,17.844552879761657,10.216429948806763
2221,165.99062999553283,0.10331334128441338,17.77610735096404,3.8023123741149902
2222,166.0507236955775,0.1032685799645925,17.7783462774544,8.51374363899231
2223,165.36021645862172,0.10367919313401874,17.750562814679853,4.884990215301514
2224,165.3666142940355,0.10378697951593156,17.773057186533052,8.233354568481445
2225,165.97294815109512,0.10358981768537402,17.79532661466772,11.31614375114441
2226,169.31321866958416,0.10253391950852027,17.617373348521042,24.45253825187683
2227,169.70008648288834,0.10242204185189661,17.64119961503583,10.349693059921265
2228,170.80308561805947,0.10229067857623479,17.724787618885475,13.809391975402832
2229,169.7150547618789,0.10239680404853696,17.62753974269662,3.134321928024292
2230,168.5479042142601,0.10231623223446669,17.51126434526965,2.712798595428467
2231,168.1324251721175,0.10239543211684643,17.486151701816954,6.883665084838867
2232,168.16110092039634,0.10230715031029786,17.481290184798787,8.639034986495972
2233,168.60948991119236,0.10250473608419018,17.576477282950798,10.601466417312622
2234,169.6533950120804,0.10235880960246917,17.650712510121288,13.474703550338745
2235,171.0868610619596,0.10216589243296205,17.744205385020074,15.872884035110474
2236,170.69599245134,0.1022048395692385,17.716763331169872,6.54339599609375
2237,171.6190325268266,0.1020192930746868,17.769595697858175,13.08096170425415
2238,171.54284220155833,0.10215763672930578,17.791899740879593,7.96583890914917
2239,171.97741377954276,0.10220582780387319,17.853980743470796,10.81228256225586
2240,171.62763964174732,0.10213267463532351,17.81544093603609,6.917864799499512
2241,173.32136324532985,0.10190313674527526,17.91728652667573,16.708799600601196
2242,173.58814961287655,0.10203410537782251,17.978113661408972,10.050443887710571
2243,173.2122681167478,0.10204317608875016,17.948332524794882,6.569745302200317
2244,172.56014543558032,0.10213385543897376,17.89884919954693,5.42102313041687
2245,173.08454398122453,0.10217918355125068,17.96986070755146,11.365632772445679
2246,174.14369854141228,0.10208929135731522,18.060162100475946,13.80276894569397
2247,174.88226155599816,0.10195549521793561,18.109560479471188,12.012580633163452
2248,174.57343894043817,0.10197760693242292,18.088464874676475,6.9916322231292725
2249,175.24770455103376,0.10203221102838794,18.17758022592971,11.938210487365723
2250,175.5952275055234,0.1020595079657231,18.22580442367041,10.697779655456543
2251,175.8592752304682,0.10207851684646191,18.263546379433706,10.045913219451904
2252,174.48068247816352,0.10158404746747098,18.11091091563937,1.8899962902069092
2253,172.84587565338188,0.10056820699279627,17.939801806482976,0.5416736602783203
2254,171.82741689684806,0.10068928548624859,17.850403788418145,3.4898180961608887
2255,171.22914272787958,0.1009323926313861,17.821899750533962,5.5664167404174805
2256,170.2568513006008,0.10127442005642359,17.753680753028622,3.5006263256073
2257,169.97428278759477,0.1014588589544509,17.756143945498334,6.86212158203125
2258,170.02453995971882,0.10175855607919211,17.81858250604335,8.552555322647095
2259,170.48429456012164,0.1018983779258076,17.900396680982915,10.493243217468262
2260,170.8394516145204,0.10185026793295729,17.931392714173086,10.027599096298218
2261,171.74105709837522,0.10178961965975798,18.012078787031356,12.6395742893219
2262,172.36364652739147,0.10184009953153647,18.091957999161043,11.608935594558716
2263,173.19001006211755,0.10172365932053484,18.15103841916943,12.750785112380981
2264,172.80810996149637,0.10166938569029245,18.10952803497774,6.918113470077515
2265,174.0500288618814,0.10156178274248044,18.208432754627964,14.747594118118286
2266,173.40952857326258,0.10136434673323745,18.126348427081684,5.45037579536438
2267,172.30543328752995,0.10162054453574634,18.035084942810865,3.173275947570801
2268,173.30237895465464,0.10133963320803593,18.064734093382757,13.517630100250244
2269,173.7093551651081,0.1012608163152079,18.09408675244893,10.909689903259277
2270,173.29226161345701,0.10138457178841946,18.07314588492444,6.661964654922485
2271,173.64933899732245,0.10137551075953048,18.112414426075194,10.635658979415894
2272,174.41284560734923,0.10120175565193518,18.15129028181444,12.195849180221558
2273,173.74871715127574,0.10120825661393434,18.089777378996295,5.309866666793823
2274,174.11122997976298,0.10105331690493786,18.098879605206335,10.336713790893555
2275,173.77011767996535,0.10132849802160276,18.107890809154274,6.909872770309448
2276,172.1224165031657,0.10031521304138674,17.936811901062732,0.41110682487487793
2277,171.58119233813406,0.10032901006351524,17.887443782052102,5.955949306488037
2278,173.16538041475272,0.1001439017810619,17.988569344231582,16.33109450340271
2279,174.50372661060518,0.09998936830071056,18.078683650789266,15.3247811794281
2280,175.7986893444991,0.09981184303875608,18.157896814281376,15.393312454223633
2281,175.43070245105412,0.09989286129901599,18.136317846138564,6.7591845989227295
2282,176.05639542654356,0.09990233604737038,18.20495466767718,11.82279634475708
2283,175.6758314722781,0.10006273297675175,18.192905121000408,7.256341934204102
2284,174.21907315755533,0.10039543898031757,18.060976069790403,1.4628245830535889
2285,174.84688242597977,0.1004463369111895,18.1403663090925,12.13429307937622
2286,173.75841360171998,0.10065399475419881,18.048962646001574,3.199028491973877
2287,172.37082946570277,0.10079031194951396,17.91847301954156,1.7418127059936523
2288,171.10712117104575,0.10108675665610578,17.809288289346142,2.2973599433898926
2289,172.2460499593353,0.10095308207200086,17.89119540645268,13.948394775390625
2290,172.73358945974195,0.10102952410195958,17.962283452388153,11.006260395050049
2291,171.40625356514454,0.10151922886093998,17.85266061786427,2.014147996902466
2292,172.9121910294931,0.10143571359096412,17.984134011685626,15.866254568099976
2293,172.21306911919817,0.10139223024146225,17.91429267156877,5.145304918289185
2294,170.8309384280062,0.10155477852728292,17.785149744853083,1.7704904079437256
2295,171.68262904372614,0.1015939182420101,17.88729824740455,12.821480989456177
2296,171.51580275328888,0.10173926938217065,17.898425264930506,7.74094033241272
2297,170.170644725756,0.10180295776943002,17.769441012281202,1.9326152801513672
2298,170.39893827849846,0.10176938415028494,17.79174660215839,9.484278202056885
2299,169.9049488957135,0.10223929361456721,17.80382913613681,6.332873582839966
2300,168.28589940675636,0.10246690067842154,17.64579084477544,0.46933484077453613
2301,166.83304041268877,0.10187701428033298,17.489332936327685,1.1970653533935547
2302,168.0347100085619,0.10183385389362722,17.60443960696441,14.420665740966797
2303,168.64436290847627,0.10168887780010578,17.638395210894764,11.524758100509644
2304,169.8279192793915,0.10161275557262738,17.742011258785816,14.0385160446167
2305,168.7896400865976,0.10211177953205261,17.674591146197958,3.234498977661133
2306,170.1617436857316,0.10197301467790855,17.77784523473598,15.335464715957642
2307,170.3101262488743,0.10192625750410243,17.79006678238862,9.06698203086853
2308,170.56702498638555,0.10182536227600018,17.802166114564734,9.734274625778198
2309,170.5113547365217,0.10189801774414926,17.81414445341909,8.099980354309082
2310,170.7662411891565,0.10184842532180981,17.836003008884898,10.119994878768921
2311,169.81857877726492,0.10188257264753908,17.747642978796048,3.797553300857544
2312,170.26039298949226,0.10189178430424126,17.800166549008086,10.727209329605103
2313,171.80778905959733,0.10161132799966038,17.872164883518003,16.031376600265503
2314,171.26971116900137,0.10178165539762987,17.843443234682823,5.850334882736206
2315,170.33701405731136,0.1017894798692946,17.755008802335993,3.799862861633301
2316,170.02364391673822,0.10177877931520596,17.727458714312633,6.799930572509766
2317,169.58340747757083,0.10195146771253008,17.710184127169505,6.157854795455933
2318,169.8675734027951,0.1019420540455058,17.74308228589781,9.4817955493927
2319,168.94889766876716,0.10194827453069176,17.655651463038833,3.8216733932495117
2320,168.1294086920795,0.10242304465894807,17.619094948408446,4.249478578567505
2321,166.7081146051587,0.10293727575082014,17.492903998924362,1.293916940689087
2322,167.0810334591071,0.10283927554233155,17.517974958935117,10.05345630645752
2323,168.56022312451603,0.1026680256440511,17.622795209345767,15.46332335472107
2324,168.72462089327087,0.10266837241463762,17.646567257252308,9.71643614768982
2325,168.31737468433815,0.10250106369049124,17.590101584679786,6.410040616989136
2326,166.78420093749477,0.10214271972025299,17.43420056883299,0.7173953056335449
2327,166.90635892811983,0.10229447688059234,17.479858563144656,8.619214057922363
2328,166.59729533883865,0.10252153211178643,17.48505997751321,6.616953372955322
2329,168.45132238545028,0.10237699860885038,17.630209377738076,17.187597036361694
2330,168.69680916159578,0.10249312499581886,17.683907283960696,9.360294818878174
2331,169.4498410699798,0.10236983309012297,17.73706821112109,12.136592864990234
2332,168.53534265928002,0.10275639116947816,17.679697529009882,3.9506993293762207
2333,168.59998923268722,0.1027573986863548,17.692900553719785,8.855385780334473
2334,169.34398934036037,0.10263517449372994,17.745971548182588,11.813620805740356
2335,170.31054944695677,0.10273664229766483,17.87851183270076,13.447625637054443
2336,171.11744395248718,0.10262561053604276,17.93972671437375,12.90567135810852
2337,171.10626951296229,0.10254053090127056,17.930329447230015,8.495620965957642
2338,172.03520681783266,0.1023105801377124,17.971026152757712,13.267054080963135
2339,170.49485474965434,0.10350969655855749,17.841315891230135,0.9108476638793945
2340,169.67990620215778,0.1038229141997135,17.79290273231783,4.383671045303345
2341,168.3731071401362,0.10329750557053688,17.644973704994655,1.9255907535552979
2342,169.71937606873485,0.10318862292407242,17.758523967944708,15.471039056777954
2343,169.66218230804748,0.10337624888995366,17.79093872826526,8.095033884048462
2344,169.155560484967,0.10351895698928941,17.763029340982605,5.941519260406494
2345,169.42400488011734,0.10350417558266183,17.79539904757278,9.427278280258179
2346,170.01976483131617,0.10342983251679154,17.84744505709705,11.198182582855225
2347,171.05956718300303,0.10323495025001779,17.90897060652608,13.436730146408081
2348,170.198971511173,0.1033790713357529,17.839880900460816,4.329266309738159
2349,169.53698179606127,0.10369143446854921,17.811482091456206,5.273346424102783
2350,169.54161197810063,0.10371334365327549,17.823367270541645,8.308475494384766
2351,169.00619585831961,0.1039693136650186,17.805133597836228,5.620156764984131
2352,168.32613389973642,0.1042167492412397,17.767082261857865,4.911233901977539
2353,167.24287256073904,0.10400791508216065,17.649411439239284,2.979748249053955
2354,167.21044383513163,0.1041263725167049,17.67291732484689,8.081996440887451
2355,166.15833939678032,0.10421414104960236,17.57618815159842,2.937830686569214
2356,167.3667560028125,0.10407792298405408,17.670426270082434,14.174293279647827
2357,166.9030884427844,0.10419416854760197,17.64372200738161,6.001803159713745
2358,167.63405755835655,0.10423556019545929,17.737284787307793,11.635090112686157
2359,167.68771698277297,0.10440707742587464,17.779911939434715,8.635806560516357
2360,167.54083981294525,0.10467019619409955,17.81211282004037,7.565015554428101
2361,167.0754314148158,0.10461522976934863,17.763991691839966,6.360202789306641
2362,167.22467710066763,0.10455808846066612,17.77635177492157,9.19947600364685
2363,165.99243032966095,0.10396705303060493,17.628588257172353,2.159332275390625
2364,166.25250602636433,0.1040732158336322,17.68230237460063,9.664883136749268
2365,166.56998096610067,0.1039415745843868,17.695479350854626,9.886366844177246
2366,167.49428115643965,0.1037901897265738,17.758524557346078,13.29336953163147
2367,167.84933834487526,0.1038360316716726,17.810939311772618,15.277164697647095
2368,167.2108449614265,0.10395151750880204,17.76282991865489,11.254475593566895
2369,167.14873651181225,0.10378156755110532,17.73520161946834,14.215325355529785
2370,168.13724914669413,0.10364600751469201,17.80784960327366,14.9822416305542
2371,168.0358766552272,0.10374878794587421,17.819771107240925,7.756141901016235
2372,166.95551788867493,0.10387796673308212,17.721573396168512,2.989518404006958
2373,168.06596270978818,0.10370249641826929,17.794357662206828,13.525458097457886
2374,167.98530308269028,0.10372797145408659,17.796414085584757,7.933448076248169
2375,167.01545005186338,0.10395829737334854,17.71844994472891,3.6881444454193115
2376,166.24529555134475,0.1042520477329484,17.67126544528162,4.530308961868286
2377,165.0428425958313,0.10407909247301021,17.544552790828803,2.340843915939331
2378,165.39241416987298,0.10413830154828012,17.599107262920516,10.080177307128906
2379,165.36849002817425,0.10426256270457646,17.62311619029131,7.772711992263794
2380,165.6848051278925,0.10428592692524642,17.666885028388396,9.491477727890015
2381,165.8279570766136,0.1045764009893273,17.74021617810451,9.006646633148193
2382,166.58967750584745,0.10439840557447536,17.782814016323464,11.89245867729187
2383,168.14378073078896,0.10406870723301631,17.844985876160226,15.952529668807983
2384,168.36234292348107,0.10392275700279141,17.846536017398623,9.527547359466553
2385,168.12871949424624,0.10426283977759108,17.878070657224637,7.203428506851196
2386,169.04743229930378,0.10422021137981517,17.96928995065239,12.993686437606812
2387,170.37695797631076,0.10417138674946072,18.099597051145864,14.635979652404785
2388,170.01318839654766,0.10424907586704074,18.078601080634407,6.516217947006226
2389,170.3030565125822,0.10421161023399847,18.107815069828064,9.861101865768433
2390,171.16002594745638,0.1039898066316585,18.146736919129783,12.56135368347168
2391,172.2684256879818,0.10394281636676034,18.255269549938482,14.11992335319519
2392,172.18574143110195,0.1038789979591903,18.2427168544391,8.359255075454712
2393,171.35388401679091,0.10418852258633997,18.190289685894708,4.3924031257629395
2394,169.870345176623,0.10358141996917222,18.02838678903576,1.0950844287872314
2395,170.7516417248568,0.10359211739738748,18.128102921145405,13.111200332641602
2396,170.86412530760822,0.10371004237725977,18.16682189193395,9.110984086990356
2397,171.40548405453214,0.10356183084237605,18.195153673014612,10.934528827667236
2398,172.34142921398683,0.1036205521565938,18.313202136284467,13.138221025466919
2399,171.44801492184698,0.10378916591213629,18.240070114921622,4.2331767082214355
2400,171.3635347726285,0.10373286934503946,18.227669413772407,8.170626878738403
2401,170.9098994249022,0.10380665176270017,18.195392719634683,6.3847432136535645
2402,171.41080043065318,0.10371881148941706,18.233438792438335,11.111096858978271
2403,171.45669242634665,0.10381798701088651,18.26110440451395,8.746519565582275
2404,171.87212550208318,0.10395351606096545,18.338493360468814,10.74557089805603
2405,172.86340424706236,0.10383649012544804,18.415108426864126,13.389835596084595
2406,174.22477020459175,0.10357482425331976,18.480957342595485,15.382891654968262
2407,175.26252250254583,0.10340238536330454,18.54614776916953,14.084008932113647
2408,175.01989727752036,0.10349418932424102,18.540686291477833,7.548434734344482
2409,174.22969830474517,0.10391758076433195,18.505279428563053,4.916348457336426
2410,175.54740132169772,0.10376075789786511,18.600226634277423,15.070171594619751
2411,176.21192730848074,0.10350827428582861,18.614224367934646,11.661033630371094
2412,175.27980803539594,0.10391897467550044,18.5580821242553,4.1056904792785645
2413,173.767009955042,0.10371311826207878,18.40250130301275,1.126183032989502
2414,173.14933985549158,0.10410455850802942,18.388476289982624,5.3922507762908936
2415,174.08784645693666,0.10399984251096411,18.4645915270828,12.623904705047607
2416,175.7069679923673,0.10379317741918781,18.56994561181197,16.37715196609497
2417,175.88989831244362,0.10383771987180004,18.60424615569385,9.684638738632202
2418,176.6909993293192,0.10365871767308203,18.648203694136914,12.52561330795288
2419,175.50408933602603,0.10417385463428225,18.561721657195545,2.8648078441619873
2420,177.75904844266574,0.10385530810788955,18.67610444062359,19.75886106491089
2421,176.47145795823909,0.10383716319007597,18.549343396217353,2.348029613494873
2422,176.08674337865668,0.10395821184803028,18.533849962255182,6.8947412967681885
2423,176.75587594487013,0.10390628405053763,18.59851146263263,12.120012760162354
2424,176.67831718542143,0.10434651115086065,18.672526348006304,8.70608115196228
2425,175.7915340135672,0.10455304603935205,18.60580108452624,4.413694858551025
2426,176.13361867343153,0.10450751557895853,18.63974307368098,10.212536334991455
2427,176.2622824866972,0.10446773142845996,18.653345642944167,9.204343557357788
2428,176.26965966183022,0.10444000326671772,18.656812186514728,8.936571598052979
2429,176.09696306521192,0.10433899946046564,18.63024406464958,7.803645610809326
2430,176.9059934345598,0.10411273008842908,18.663941624003083,12.761737823486328
2431,177.6369335002142,0.10391160278754479,18.69730220776305,12.411624670028687
2432,177.58056416521208,0.1038608588526926,18.69032918568542,8.513837337493896
2433,178.40475852355996,0.10370686564878105,18.743425893828565,12.49453330039978
2434,178.89071093832436,0.1037270657147602,18.80599163489028,11.106511116027832
2435,178.9818038289411,0.10370043335548494,18.817931718541377,9.605254411697388
2436,179.2019857906517,0.10380770762889527,18.86975240135596,9.893054008483887
2437,179.92996593274518,0.10380137658435235,18.9510548773424,12.244472742080688
2438,180.3006662734177,0.10377718770330145,18.991544328568978,10.783661603927612
2439,179.6576596106835,0.10386010548144085,18.94162888528329,5.7432637214660645
2440,179.21108301457667,0.10400668961181164,18.92221259643046,6.668539047241211
2441,179.43897218443092,0.10400622667608957,18.952990470466155,10.189306497573853
2442,180.2145824625866,0.10401674806691621,19.043460565761492,12.787344694137573
2443,179.88243663796072,0.10413304317128107,19.033025960103878,7.302370071411133
2444,182.38361227158111,0.10376613134421941,19.142695700502838,21.186755418777466
2445,181.6597761488653,0.10400119730350449,19.10126874349781,5.50328803062439
2446,180.89317838737665,0.10410404247332658,19.04025605606283,5.279999494552612
2447,179.3942466035029,0.10435332462923848,18.899853495502203,1.4815731048583984
2448,178.7103041374679,0.10439087246402717,18.84085496054718,5.442486763000488
2449,177.7332010960932,0.10458153164062146,18.762446410941706,4.044035911560059
2450,177.61586908513226,0.10443933078204658,18.734821946832287,8.207097291946411
2451,177.71971039428092,0.10456515024018355,18.777473727363965,9.396716356277466
2452,177.32251329033812,0.10460645525952084,18.749698990090327,6.996333360671997
2453,175.89928815743474,0.10527467642121134,18.632202000189423,1.8253777027130127
2454,175.74029527586038,0.10534692965699922,18.63587998018753,7.945460796356201
2455,175.95289232310176,0.10535945020814497,18.66952118038565,9.804355144500732
2456,176.76336339987074,0.1053175288578145,18.752825968581792,12.613465309143066
2457,176.80572976587203,0.10531407732614242,18.765297708895975,9.12494158744812
2458,175.40767246821332,0.10534201763396209,18.627644731807017,1.9257421493530273
2459,173.90359574353118,0.10508859745762246,18.471368284488946,1.292447805404663
2460,173.88455978609588,0.10514236264583693,18.486654601644055,8.904412269592285
2461,176.8857141882349,0.10459726813330261,18.551788055627615,23.061370611190796
2462,177.97685704635256,0.10449535139602553,18.64627017507134,14.003570079803467
2463,176.88708847588904,0.10460981817192036,18.549807473320627,3.394350051879883
2464,176.24821759113016,0.10462566689285602,18.49430939858742,5.612343788146973
2465,177.10573541521885,0.1045336086972099,18.569366304601544,12.771294832229614
2466,178.00467806106664,0.10438714901473217,18.633672641555528,12.76256513595581
2467,177.89463128045597,0.10436124159644113,18.627335915139973,7.967561721801758
2468,176.57568496765143,0.10462197700656367,18.511062555988573,2.262868642807007
2469,177.73992811797493,0.10453138863581544,18.615951930428686,14.561429738998413
2470,177.58252883679518,0.10453545746550667,18.6097924111244,7.904670238494873
2471,178.70670354842724,0.10424872358050677,18.653694487013155,14.281213998794556
2472,180.38963651294296,0.10407078965882274,18.777157542143023,17.302369356155396
2473,181.12574014781353,0.10401433373073846,18.849385966721595,12.689872980117798
2474,180.66448274633538,0.10393715335639403,18.80089210705438,6.775792598724365
2475,179.41783791887204,0.10432635325140152,18.702883185983836,2.7351326942443848
2476,180.2536595396833,0.10423366006109282,18.775854354124,12.736539363861084
2477,181.03112294428647,0.10412155601862143,18.83809581058276,12.746466636657715
2478,180.8108117148436,0.10408662976661132,18.819714852476935,7.941242933273315
2479,179.99270359769517,0.1042578846810664,18.761517703952165,5.012599468231201
2480,180.8127765617182,0.10424584018540078,18.853902526912645,12.927710056304932
2481,180.79464879610103,0.10420896837572555,18.85536350164352,8.995833158493042
2482,181.01670230814003,0.10420136145058898,18.886809866627082,10.059404611587524
2483,180.72653528505865,0.10427776888871466,18.87794176796081,7.563441276550293
2484,180.46926993220808,0.10426724926434364,18.859162350281203,7.756994962692261
2485,180.89457723288598,0.10439049605421141,18.94057072677839,11.007971048355103
2486,180.42563146055713,0.1047645015414305,18.951165019510604,6.453591823577881
2487,179.87137514595156,0.10483685652601618,18.911653369315495,6.242959260940552
2488,180.41266139449203,0.10472865890092696,18.95253683562234,11.629923582077026
2489,180.5785347805471,0.10454431647435425,18.943011467266114,9.789648532867432
2490,180.29274943274163,0.10461729436224228,18.933581352593453,7.755925416946411
2491,180.01982193841422,0.10461687305260678,18.91424553906752,7.729302644729614
2492,178.92962371903008,0.10469746488546099,18.815103083676842,3.5226693153381348
2493,178.45032748183976,0.1048718642824079,18.796952052840076,6.6423163414001465
2494,179.34582420702137,0.10483060832615099,18.888982532311676,13.232463836669922
2495,179.26236596495116,0.10471797475750937,18.87009270698856,8.59875226020813
2496,178.79974230530166,0.10479861455880646,18.841391779918677,6.503623723983765
2497,179.22174488224866,0.10461035692000571,18.852977862119488,10.750666618347168
2498,180.04952743342616,0.1045566197630194,18.934448083498292,12.77119755744934
2499,181.4390321590919,0.10432610058733277,19.01510360266331,15.282205820083618
2500,180.34464183750097,0.10439395069257054,18.914952566636675,3.59212589263916
2501,180.85119541912596,0.10425910209473575,18.945803040970308,11.08798360824585
2502,181.8726834649347,0.10402923192184492,18.996345010560603,13.619560956954956
2503,180.58395663028537,0.10449837356489061,18.896381560454998,2.5887703895568848
2504,181.9181170639825,0.10431326244070668,18.98741774485045,15.5484299659729
2505,183.69893589334265,0.1040479075940774,19.087543567401944,18.060820817947388
2506,183.9019465344092,0.10413487949852877,19.136668131727923,9.903768539428711
2507,183.92292706906514,0.10416879952074778,19.155301450410644,9.380690336227417
2508,182.72369779837447,0.1045333615255403,19.06374843590654,3.1980795860290527
2509,182.32646082039074,0.10474676916902616,19.063110951547475,6.759503126144409
2510,183.71319621218683,0.10450927032468793,19.142479842032,15.606135129928589
2511,183.83606425006496,0.10453560619286963,19.171055043611677,9.592393398284912
2512,183.74770360756432,0.10457596441665522,19.17934449317556,8.608991861343384
2513,183.59022657148867,0.10466115715344106,19.187551048243805,8.159613370895386
2514,184.7743243057738,0.10460792306535036,19.305675537761363,14.934377908706665
2515,184.51658106271606,0.10456813314287296,19.28261878238375,8.061281442642212
2516,184.7614152520889,0.10447938961048729,19.299792594559914,10.420479536056519
2517,183.453801099568,0.10510126238104908,19.206794668614318,2.708786964416504
2518,183.83926308857232,0.10490610561309445,19.214726721928173,11.027064323425293
2519,183.9108704576866,0.10495652099675408,19.24257945470889,9.351057767868042
2520,183.52176175310973,0.1050104040626486,19.220153660161802,7.375674724578857
2521,184.51654413557864,0.10487902793721646,19.297952123560183,14.551625490188599
2522,185.21137869422284,0.10469637939012776,19.33497260232458,12.59840440750122
2523,185.2392649072806,0.10476643687282222,19.361622876301332,9.393583536148071
2524,184.2068722582078,0.10493828469921596,19.27800664753832,3.8845508098602295
2525,185.20480353562573,0.104733972274759,19.335226581062937,14.164286851882935
2526,185.69275550026947,0.10484047870585757,19.421874315252307,11.930306911468506
2527,184.49582794526677,0.10485267997940506,19.307655572099783,3.3539879322052
2528,182.7308696658141,0.103804153179611,19.124579016378785,0.39023709297180176
2529,183.73356096915597,0.10357883249587142,19.173333226214996,14.213060140609741
2530,183.7862253594644,0.10354833517620372,19.181599893952846,9.442126989364624
2531,186.04836310586975,0.10324455914151486,19.299783895013316,20.927934408187866
2532,186.04787947481105,0.10317985548558357,19.296786056063183,9.316460371017456
2533,185.87740068006295,0.10333148888339046,19.313818195502552,8.894347429275513
2534,184.8386266732623,0.10388353984821509,19.26068001354753,4.103780031204224
2535,184.73024040652967,0.10393665847272145,19.268073213412052,8.781829595565796
2536,185.4129380024644,0.10388543418048435,19.335392481277932,12.44647479057312
2537,186.11880862243973,0.1037840798386795,19.392038556465153,12.699827671051025
2538,185.89762053621533,0.10396575123541466,19.4081181709005,8.301093339920044
2539,186.45864433085316,0.10391782926025059,19.464036989191495,11.756170988082886
2540,185.80405788754464,0.10411832038913568,19.42939661929958,6.029780864715576
2541,186.17601730866917,0.10410852731977346,19.475102653106582,11.04218864440918
2542,186.9242571355825,0.10394866810021557,19.520351626575515,12.684736728668213
2543,187.47501456422665,0.1038595946423539,19.565148110309757,11.552451610565186
2544,186.35026441858437,0.10428766536259704,19.48949662920666,3.6824212074279785
2545,185.43676177439852,0.10471847291949739,19.44460166291459,4.648295640945435
2546,186.04239415665455,0.10452494672688778,19.47015564628544,11.79167103767395
2547,185.601970215088,0.10446561275257665,19.425454089822587,6.833723306655884
2548,185.2259505129371,0.1046371728412671,19.421199548924363,7.114250659942627
2549,185.1936910078077,0.10479959232164564,19.45698755343512,8.577385425567627
2550,184.46175409772962,0.10509088211271489,19.422417677900768,5.3023521900177
2551,184.35713655675232,0.10518939857894405,19.43819350112176,8.44377875328064
2552,185.1035651911848,0.10498692544257544,19.47381156611054,12.691447973251343
2553,184.11252953927297,0.10498356781605667,19.379073450449436,4.257308483123779
2554,184.9414042438802,0.10483260854239047,19.43528271594494,13.2907133102417
2555,185.5419902014414,0.10484550694676248,19.51092988878549,12.240067958831787
2556,186.00657029942698,0.10496084498074312,19.595820589897638,11.654012203216553
2557,186.48650459643272,0.10480867242837158,19.61986238399866,11.45228624343872
2558,186.06163955046839,0.10494114125964342,19.603663760158675,7.066013336181641
2559,184.4610231549637,0.10504557600089315,19.447627122557087,1.293609619140625
2560,184.51641292341407,0.10510038339877895,19.473150851331514,9.68982195854187
2561,186.9012487941799,0.10468767743713159,19.5584193428182,20.94914698600769
2562,187.4522363062381,0.10488047008424788,19.672835149390018,11.935800790786743
2563,186.63771394317573,0.1049637408551035,19.606106797896118,5.409891605377197
2564,187.33133680374397,0.10492972844655248,19.680045729917158,12.943292140960693
2565,188.42802343570654,0.10482319210484789,19.773245272617984,14.726839780807495
2566,189.11374320134945,0.10466990181804064,19.815512819891804,12.927053213119507
2567,189.25260576933596,0.10480546880971245,19.867357691692884,9.96574330329895
2568,188.2000797116426,0.10506693793113914,19.788684114775958,4.148943901062012
2569,187.71807891452616,0.10501626855182775,19.740797273628196,7.14130973815918
2570,188.4008981253809,0.10482548086630947,19.773389300891914,12.805225610733032
2571,189.5468891441271,0.10466831516655727,19.855655407882995,14.709961652755737
2572,189.41142025268582,0.10470117746943715,19.857098853804164,8.861631393432617
2573,191.00730605015897,0.10459972443399779,19.998527865266123,17.383517265319824
2574,191.07723298965738,0.1046648383007689,20.02854258661346,9.871286392211914
2575,191.9064606597608,0.1045305986768853,20.08825716074733,13.479745626449585
2576,191.2873960531632,0.10448529269011644,20.027374589139857,6.37516713142395
2577,192.47452209263156,0.10427914944063463,20.09710084324846,15.299246788024902
2578,192.12977687170525,0.10418572503483588,20.056129834815973,7.670637845993042
2579,190.51847910298818,0.10443419036513268,19.905568536467815,1.5711700916290283
2580,190.1232943119583,0.10464812660717672,19.906512851103138,7.486992835998535
2581,189.0620613688387,0.10491116915062877,19.827447722592108,4.14583158493042
2582,188.3314407551503,0.1049827471142949,19.769173245366186,6.087622165679932
2583,188.1381263475988,0.10499800840054839,19.761481512912525,9.135893821716309
2584,188.19674508412282,0.10482431697633672,19.7438666977834,10.262650966644287
2585,187.74477763328161,0.10475509478559432,19.696428030805563,7.522632837295532
2586,187.8273298569488,0.10482999281733021,19.72946375049751,9.667604684829712
2587,186.28905655837931,0.10466404583033338,19.572169112992533,1.712015151977539
2588,186.6861659927955,0.10463510448707429,19.616447421862606,11.167810440063477
2589,186.92930433286756,0.10463140747063956,19.65028294764398,10.587144613265991
2590,188.51001128953888,0.10442567310607809,19.75378011816754,17.17266845703125
2591,188.3349111766435,0.10443404795396467,19.746242316985867,8.510834217071533
2592,188.65156206487703,0.10429879838351594,19.75877989381601,10.910576105117798
2593,188.00504644422827,0.10422355233516464,19.69119209487785,5.968838453292847
2594,188.57499597978597,0.1041609086485477,19.74428017392907,11.639595746994019
2595,187.4192460199881,0.10421518997302112,19.636837372189778,3.604290723800659
2596,188.2450535597882,0.10413600103625387,19.710468998467878,13.489413022994995
2597,188.32260302419033,0.1040130083728301,19.7033643084832,9.399620294570923
2598,188.09937699394843,0.10417769756621023,19.716330665398367,7.973517179489136
2599,186.31838322400893,0.10413592059054813,19.539167358744383,0.4800565242767334
2600,185.55519939176884,0.10418547047555174,19.473775685156937,5.387866735458374
2601,186.47964739785115,0.1042227524614437,19.589037928305366,14.228630781173706
2602,187.17485092387264,0.10400083743682927,19.61314754902231,12.650404214859009
2603,186.8131024146339,0.10415288204259342,19.60701607353209,7.338914632797241
2604,188.04497139048755,0.10404683709313522,19.71094591279677,15.230756998062134
2605,187.71452167658268,0.10410314291575225,19.6938364536688,7.532803535461426
2606,187.36737645981685,0.10423858207483001,19.686898089132114,7.262681722640991
2607,187.90370269521867,0.10415055310055475,19.730029108240792,11.680988073348999
2608,188.4846656682665,0.10396270610613458,19.752728817158385,12.155715942382812
2609,187.71981901158384,0.10417307904507322,19.705201528986798,5.495069980621338
2610,187.992620821468,0.104108092440669,19.72814951369693,10.59764838218689
2611,187.73269461325333,0.10442503620762034,19.76086801855996,7.9614338874816895
2612,188.9653676671208,0.1042811073889525,19.85325933837436,15.571397066116333
2613,188.7257139904496,0.10457162964839631,19.88472674499062,8.24244999885559
2614,189.2084568505451,0.10462295976541446,19.955879477540712,11.822652816772461
2615,189.49637228203966,0.10458590447968692,19.986320682765307,11.170071125030518
2616,189.65140855921928,0.10451565519098761,19.996457475937653,10.296669244766235
2617,189.62489447362708,0.10437958954816866,19.976492901178275,9.251380920410156
2618,189.90864552889082,0.10429909640498054,19.996727972166493,10.873162984848022
2619,190.02955907360192,0.10444422425281193,20.046760692444828,10.124590635299683
2620,190.35926348286588,0.10452085824346767,20.10629308552038,11.105911493301392
2621,192.0556708480372,0.10428120521658855,20.205230154665177,17.61748480796814
2622,190.79511413955683,0.10445051437654387,20.093177853118526,3.2050437927246094
2623,189.44716299816128,0.104477437804207,19.96224607458734,2.8561766147613525
2624,189.62269136817966,0.10430222864355623,19.952623613841467,10.254541873931885
2625,191.49646445449787,0.10408148752422942,20.073097377703053,18.620063066482544
2626,192.9614998099529,0.10392824661348417,20.18236640392602,17.11125683784485
2627,192.77188481185337,0.10380850437723438,20.150542739886763,8.850342750549316
2628,192.49416596373484,0.10386132842437112,20.139037312487897,8.190692901611328
2629,192.3092243040975,0.1037997266343803,20.117646939363016,8.909432411193848
2630,193.77613206105653,0.10358768807010138,20.206470469969386,17.066118478775024
2631,194.34837074044594,0.10346814585075495,20.24440576526969,12.478419303894043
2632,193.50488703304148,0.10379710075588376,20.20196170761699,5.319256782531738
2633,194.01983816271107,0.10357545627893716,20.20994209054082,12.363372564315796
2634,194.78963978108396,0.10353601167924742,20.287842669635413,13.480095148086548
2635,196.05174338327313,0.10343523100170728,20.394964242939057,16.202943563461304
2636,196.1412259494404,0.10347404942339752,20.421014600509668,10.082486152648926
2637,196.269813689946,0.10358763428801522,20.466804454504572,10.115871906280518
2638,196.08711555304654,0.10356299390019125,20.45213640995953,8.728458881378174
2639,196.1762443975161,0.10345419322948202,20.447615045859934,10.528184413909912
2640,197.30448195354091,0.10322871278586034,20.503138895401335,15.345691204071045
2641,196.85143713400552,0.1033148467106333,20.478107506447323,7.484654664993286
2642,196.29292276266546,0.10348737200239222,20.45332643138285,7.136456251144409
2643,194.9599935350388,0.10340487923474925,20.31879316706902,3.0588338375091553
2644,195.1403935996884,0.10354453936258956,20.375605235398332,10.836368083953857
2645,194.9189896636915,0.10354955639670933,20.36184918304435,8.572938442230225
2646,194.25979976705457,0.10367685153041666,20.318230691213905,6.415256023406982
2647,193.607201769384,0.10372535433294194,20.265048384301764,6.471941232681274
2648,193.06112975169015,0.10376723748026,20.222397900458745,6.937647819519043
2649,194.20051845417325,0.10357647064291668,20.29017392145416,15.115160465240479
2650,194.24851326963153,0.10364623357467846,20.317272182239616,9.918720483779907
2651,194.0060281369352,0.10355094770951992,20.28409946041722,8.383637189865112
2652,195.14596785556589,0.1034894642064507,20.391258465813046,15.375671625137329
2653,196.7645081770102,0.10326689449435818,20.487345881154916,18.083723783493042
2654,195.1768630952401,0.10276054133888828,20.31247242234337,2.0112152099609375
2655,193.95509446428767,0.10310279893919802,20.219347698119936,3.5763213634490967
2656,195.68554351964477,0.1028347137290976,20.307154221138735,18.0058012008667
2657,196.71868808444833,0.1026424869931444,20.36408267892735,14.871095418930054
2658,195.69150120360385,0.102679891910447,20.270441852138074,4.83060884475708
2659,194.19458619156782,0.10317483212177732,20.14773743361669,2.306520462036133
2660,193.12264032965214,0.1034074516166515,20.066260059280523,4.261454343795776
2661,193.05141392635562,0.10334111903596885,20.055597458687718,9.33377981185913
2662,193.04089978709206,0.10334937451227583,20.065041484100842,9.534223556518555
2663,193.24049078922113,0.10325484790330329,20.074391069259836,10.397475719451904
2664,194.38808588132892,0.10300152020349104,20.123647158567238,15.095674753189087
2665,193.62420502251564,0.1029884541539985,20.052410686981563,5.801305532455444
2666,195.7079629722905,0.10277946513484658,20.191886580111746,19.892278909683228
2667,195.63088334256759,0.10297507473881727,20.229967714310625,9.41143536567688
2668,196.1245745091419,0.10280246684857196,20.247668037167518,11.887213945388794
2669,196.63332876405048,0.1027865879290741,20.305191356795845,13.165932178497314
2670,195.77699547640998,0.10292989322095453,20.242139443227888,5.40595817565918
2671,196.57922552164587,0.10269769573802034,20.26971804879561,13.763269186019897
2672,196.7034332664294,0.10272335035958752,20.297020868307655,10.590644836425781
2673,197.07639893376512,0.10267902283889763,20.334050659624577,12.811989784240723
2674,198.39563494442746,0.10256408671385212,20.44071015302833,15.94588041305542
2675,197.85167859498318,0.1026495569578247,20.40630305149805,6.931859016418457
2676,197.05316180903336,0.10272475630350068,20.34224002098307,5.8118367195129395
2677,196.79263019094302,0.10269166078724931,20.31881762077324,8.742659568786621
2678,196.37470388903358,0.10282603450195746,20.305629444565508,7.6927649974823
2679,197.34095685014324,0.102651016477757,20.362573150119854,14.225439548492432
2680,196.0475472816418,0.10280097690121472,20.248947418618656,3.283883810043335
2681,194.7970718088254,0.1030405727660054,20.14645794443247,3.6685447692871094
2682,197.43910109073715,0.10266376180958717,20.254993364988145,23.890198230743408
2683,197.69471007982978,0.10257882822736573,20.272443431338264,11.049715518951416
2684,197.15776297903147,0.10273359550064763,20.249718997024882,7.055502653121948
2685,196.48618534924117,0.10270625954564115,20.187221807054634,6.408591985702515
2686,197.36132349574876,0.10252426737271994,20.235349588984086,14.328054428100586
2687,198.04771026079126,0.10240128033809048,20.282996093094244,14.253074645996094
2688,198.24723315818335,0.10266167120443434,20.370166132163302,11.134163856506348
2689,198.62476082660152,0.10273674940764423,20.436464470841667,11.788789510726929
2690,198.8785132183355,0.1027361676278535,20.47209982613325,12.114141464233398
2691,199.01972808615216,0.10283556651495523,20.517378827871916,10.760798215866089
2692,198.89953080529062,0.10287672956638322,20.522205039593196,9.294214725494385
2693,199.5905354972377,0.10270617122594328,20.556982989197262,13.657896757125854
2694,198.28463014226534,0.10327331241223457,20.47141315930529,3.435375452041626
2695,199.1417838408427,0.10319128351346434,20.546699027712236,13.914673805236816
2696,197.69036600243425,0.1032704817894408,20.411232037435113,2.662041664123535
2697,197.9134623424099,0.10319232242609185,20.427119717060762,11.00973892211914
2698,196.8043277189858,0.10342476701792289,20.342848519890154,4.325729846954346
2699,197.50628444179594,0.10321448938519684,20.369420034691252,13.552677869796753
2700,197.881221597378,0.10307596151262147,20.38572583434434,11.649291038513184
2701,199.6024093814042,0.10293709378938713,20.521868576000895,18.380422115325928
2702,198.30638528759013,0.10319343713720754,20.416649890240887,3.581883430480957
2703,196.47332143471422,0.10216150276583547,20.22248339133848,0.7380619049072266
2704,196.50858822036707,0.10218988773817711,20.240258557425093,10.304308414459229
2705,194.93350233816338,0.10245004014284662,20.09785597185084,1.9499249458312988
2706,194.42416731478176,0.10253665085252925,20.066877412132335,7.874709606170654
2707,194.92992564163393,0.10249087618073865,20.116208638011013,12.24099850654602
2708,195.11062638521759,0.10249883126869652,20.1450465516309,10.281154870986938
2709,194.0995201213654,0.10285682167941382,20.083596086114593,4.768491744995117
2710,192.26852492015175,0.1045555261898924,19.922760125253447,0.4806857109069824
2711,192.53583967095022,0.1044232129371259,19.933532524000913,10.78357982635498
2712,192.5004812742407,0.10464882207759592,19.984197198760903,9.520365476608276
2713,191.47547646149832,0.10493566719015329,19.914355226773292,4.692554712295532
2714,191.43072169688332,0.10500930517065818,19.93521167450556,10.00661015510559
2715,190.5364144799145,0.10513568270718689,19.8658595577605,5.19245719909668
2716,190.82105033511536,0.10513455419061729,19.907200962182895,11.003824949264526
2717,191.3928398317642,0.10501062800354984,19.948128952561063,12.923037052154541
2718,191.04891143344656,0.10510701853880096,19.938647663035454,7.821977138519287
2719,191.9784223191121,0.10486580750834253,19.979261186405097,13.890311002731323
2720,192.65863809592096,0.10481714943325911,20.049468574541045,12.026872158050537
