game,avg_count,avg_reward,avg_jabuka,vrijeme
0,9.96,-0.0016666666666666668,0.0,14.883683681488037
1,9.910400000000001,-0.00365,0.0,0.11796212196350098
2,9.921296,-0.004522590909090909,0.0,0.23195838928222656
3,9.88208304,-0.0061440316666666675,0.0,0.1447911262512207
4,9.9332622096,-0.006749258016666667,0.0,0.29416990280151367
5,9.993929587504,-0.0073067654365,0.0,0.3085362911224365
6,10.00399029162896,-0.00814278869122591,0.0,0.23096108436584473
7,9.95395038871267,-0.01006136080431365,0.0,0.10650753974914551
8,9.944410884825542,-0.011071858307381626,0.0,0.17489242553710938
9,9.934966775977287,-0.012072250835418921,0.0,0.16679859161376953
10,10.125617108217513,-0.012296355913271629,0.0,0.5553169250488281
11,10.164360937135339,-0.012887678068424627,0.0,0.2788834571838379
12,10.252717327763985,-0.01275880128774038,0.01,0.36564207077026367
13,10.220190154486346,-0.012631213274862977,0.0199,0.13266968727111816
14,10.477988252941483,-0.012782678919892125,0.019701,0.714449405670166
15,10.473208370412067,-0.013654852130693205,0.01950399,0.19705486297607422
16,10.728476286707945,-0.01379608138716405,0.0193089501,0.7078080177307129
17,10.721191523840865,-0.01465812057329241,0.019115860599,0.1916210651397705
18,10.693979608602456,-0.015761539367559488,0.01892470199301,0.15365290641784668
19,10.727039812516432,-0.01631820968816961,0.0187354549730799,0.27797698974609375
20,10.679769414391268,-0.01782169425795458,0.0185481004233491,0.11513948440551758
21,10.642971720247356,-0.017643477315375033,0.02836261941911561,0.14012956619262695
22,10.686542003044883,-0.01813370920888795,0.028078993224924454,0.27862548828125
23,10.659676583014434,-0.019202372116799073,0.02779820329267521,0.1592118740081787
24,10.65307981718429,-0.020010348395631084,0.02752022125974846,0.19672727584838867
25,10.626549019012447,-0.021060244911674773,0.027245019047150976,0.16381478309631348
26,10.580283528822322,-0.02251630912922469,0.026972568856679466,0.13119292259216309
27,10.7144806935341,-0.02270781270459911,0.02670284316811267,0.4648435115814209
28,10.877335886598757,-0.02285110494792349,0.026435814736431543,0.5418357849121094
29,10.84856252773277,-0.023872593898444257,0.026171456589067228,0.16059589385986328
30,10.790076902455443,-0.025633867959459815,0.025909742023176557,0.10104751586914062
31,10.782176133430887,-0.026377529279865218,0.02565064460294479,0.1951127052307129
32,10.854354372096578,-0.026113753987066567,0.03539413815691534,0.3633246421813965
33,10.825810828375612,-0.0271026164471959,0.035040196775346186,0.15219664573669434
34,10.767552720091857,-0.02883159028272394,0.034689794807592725,0.09292078018188477
35,10.739877192890939,-0.0297932743798967,0.034342896859516796,0.16074085235595703
36,10.752478420962028,-0.030328674969431063,0.03399946789092163,0.23119878768920898
37,10.834953636752408,-0.030551704009210437,0.03365947321201241,0.3738889694213867
38,10.796604100384885,-0.030246186969118332,0.04332287847989229,0.1335744857788086
39,10.828638059381037,-0.030658010813712864,0.04288964969509337,0.27133965492248535
40,10.800351678787226,-0.031601430705575737,0.04246075319814243,0.15132737159729004
41,10.742348161999354,-0.03328541639851998,0.042036145666161005,0.0909566879272461
42,10.96492468037936,-0.03325559253756508,0.04161578420949939,0.6559033393859863
43,10.915275433575566,-0.0345897032788561,0.0411996263674044,0.11207270622253418
44,10.86612267923981,-0.0359104729127342,0.040787630103730356,0.12347054481506348
45,10.817461452447413,-0.03721803485027352,0.040379753802693055,0.11353778839111328
46,10.789286837922939,-0.03809585450177079,0.03997595626466612,0.15511560440063477
47,10.74139396954371,-0.03938156262341975,0.03957619670201946,0.10935378074645996
48,10.783980029848273,-0.03965441366385222,0.03918043473499926,0.28579044342041016
49,10.77614022954979,-0.0402578695272137,0.03878863038764927,0.19675493240356445
50,10.748378827254292,-0.04110529083194156,0.03840074408377278,0.15397429466247559
51,10.72089503898175,-0.041944237923622146,0.038016736642935055,0.19655823707580566
52,10.953686088591931,-0.04181891319144475,0.0376365692765057,0.6646032333374023
53,10.994149227706012,-0.04206739072619697,0.037260203583740645,0.2883598804473877
54,11.074207735428951,-0.042173032608408684,0.036887601547903236,0.3736906051635742
55,11.07346565807466,-0.042660393191415506,0.036518725532424204,0.21889710426330566
56,11.092731001493915,-0.043003020028732124,0.03615353827709996,0.2520923614501953
57,11.051803691478977,-0.044001561257016236,0.03579200289432896,0.1394650936126709
58,11.001285654564187,-0.04522821231111274,0.03543408286538567,0.11200332641601562
59,10.951272798018545,-0.04644259685466827,0.035079742036731816,0.11584258079528809
60,10.92176007003836,-0.047228170886121586,0.0347289446163645,0.15782594680786133
61,10.902542469337977,-0.04786700028837148,0.03438165517020085,0.1840839385986328
62,10.853517044644597,-0.04905499695215443,0.03403783861849884,0.12530279159545898
63,10.804981874198152,-0.050231113649299546,0.033697460232313854,0.11146211624145508
64,10.75693205545617,-0.05139546917947321,0.033360485629990715,0.11442351341247559
65,10.729362734901608,-0.052131514487678485,0.03302688077369081,0.15501856803894043
66,10.782069107552593,-0.0516101993428017,0.0426966119659539,0.30889010429382324
67,10.754248416477067,-0.05234409734937368,0.04226964584629436,0.15738320350646973
68,10.696705932312296,-0.05382065637587995,0.04184694938783142,0.10840177536010742
69,10.649738872989174,-0.05494911647878781,0.0414284798939531,0.1215367317199707
70,10.653241484259281,-0.05530871622309084,0.04101419509501357,0.21018147468566895
71,10.646709069416687,-0.05575562906085993,0.040604053144063436,0.19681930541992188
72,10.61024197872252,-0.05662664419882276,0.0401980126126228,0.13918757438659668
73,10.554139558935296,-0.058060377756834536,0.03979603248649657,0.09625625610351562
74,10.708598163345942,-0.05786438936388157,0.0393980721616316,0.508756160736084
75,10.751512181712481,-0.05795241213690942,0.039004091440015286,0.3088538646697998
76,10.713997059895357,-0.05880145944411176,0.03861405052561513,0.13492417335510254
77,10.656857089296404,-0.060213444849670644,0.03822791002035898,0.1022493839263916
78,10.77028851840344,-0.059611310401173935,0.047845630920155396,0.41300129890441895
79,10.722585633219406,-0.06068186396382886,0.04736717461095384,0.1222531795501709
80,10.675359776887213,-0.061741711990857234,0.046893502864844304,0.12284350395202637
81,10.68860617911834,-0.06112429487094866,0.056424567836195864,0.2368152141571045
82,10.781720117327156,-0.06101305192223918,0.0558603221578339,0.3873171806335449
83,10.803902916153884,-0.06117215217224756,0.055301718936255566,0.2528116703033447
84,10.765863886992346,-0.061989002079096515,0.05474870174689301,0.1372082233428955
85,10.738205248122423,-0.06261911205830555,0.05420121472942408,0.15683960914611816
86,10.780823195641199,-0.06265958760438915,0.05365920258212984,1.5532634258270264
87,10.903014963684788,-0.06203299172834526,0.06312261055630854,3.172133684158325
88,10.87398481404794,-0.06266266181106181,0.06249138445074545,1.1199052333831787
89,10.915244965907462,-0.06270270185961786,0.061866470606238,1.9752919673919678
90,10.886092516248388,-0.06332567484102168,0.06124780590017562,1.0912375450134277
91,10.997231591085905,-0.06314696354715692,0.06063532784117386,2.865990161895752
92,11.217259275175046,-0.06281852421471565,0.06002897456276212,4.401649475097656
93,11.195086682423295,-0.0633014500836796,0.0594286848171345,1.2048261165618896
94,11.153135815599063,-0.06409700701141424,0.058834397968963156,0.913848876953125
95,11.191604457443072,-0.06412270360796676,0.05824605398927352,2.0118324756622314
96,11.149688412868642,-0.06491004800045852,0.05766359344938079,0.9695248603820801
97,11.108191528739956,-0.06568951894902536,0.05708695751488698,0.9085366725921631
98,11.047109613452557,-0.06703262375953511,0.05651608793973811,0.6748297214508057
99,11.00663851731803,-0.0677908689505112,0.05595092706034073,0.9148826599121094
100,11.16657213214485,-0.06748333063137646,0.05539141778973732,3.6025075912475586
101,11.114906410823401,-0.0668084973250627,0.06483750361183994,0.8087325096130371
102,11.073757346715167,-0.0675689837803835,0.06418912857572154,0.9206752777099609
103,11.343019773248017,-0.06689329394257966,0.07354723728996432,5.0647218227386475
104,11.509589575515536,-0.06658150386029672,0.07281176491706468,3.6993463039398193
105,11.524493679760381,-0.06668491959092453,0.07208364726789403,1.7165656089782715
106,11.789248742962778,-0.06628122828975212,0.07136281079521509,4.99221658706665
107,11.83135625553315,-0.0662434160068546,0.07064918268726293,2.087117910385132
108,11.78304269297782,-0.06700955327535749,0.0699426908603903,0.9488987922668457
109,11.885212266048041,-0.06679400319714937,0.0692432639517864,2.931607246398926
110,11.85636014338756,-0.06723717427628897,0.06855083131226854,1.1880409717559814
111,11.827796541953685,-0.0676759136446372,0.06786532299914586,1.1969892978668213
112,11.829518576534147,-0.06783248784152417,0.0671866697691544,1.6218576431274414
113,11.871223390768806,-0.06777916296310893,0.06651480307146285,2.10984468460083
114,11.832511156861118,-0.06835137133347784,0.06584965504074822,1.0921244621276855
115,11.764186045292508,-0.06966785762014306,0.06519115849034074,0.6848797798156738
116,11.716544184839583,-0.07039975047251307,0.06453924690543733,0.9074876308441162
117,11.709378742991186,-0.07060484387687885,0.06389385443638296,1.512139081954956
118,11.672284955561274,-0.07114879543811006,0.06325491589201913,1.0379414558410645
119,11.615562106005662,-0.07210397415039563,0.06262236673309894,0.89253830909729
120,11.549406484945607,-0.07338293440889167,0.06199614306576795,0.639599084854126
121,11.483912420096152,-0.07464910506480275,0.06137618163511027,0.7017340660095215
122,11.41907329589519,-0.07590261401415473,0.06076241981875917,0.6607489585876465
123,11.404882562936237,-0.07614358787401318,0.06015479562057158,1.3459396362304688
124,11.410833737306874,-0.07621548532860639,0.05955324766436586,1.593383550643921
125,11.376725399933806,-0.07670333047532032,0.0589577151877222,1.0273644924163818
126,11.342958145934467,-0.07593629717056712,0.06836813803584497,1.0439109802246094
127,11.539528564475123,-0.07549951484402273,0.06768445665548653,4.217623233795166
128,11.494133278830372,-0.07617309112415394,0.06700761208893166,0.9318985939025879
129,11.429191946042069,-0.0774113602129124,0.06633753596804234,0.7171077728271484
130,11.36490002658165,-0.07863724661078327,0.06567416060836193,0.5663547515869141
131,11.431251026315833,-0.07840642970023098,0.06501741900227831,2.3718881607055664
132,11.386938516052675,-0.0790509368318001,0.06436724481225553,1.0316128730773926
133,11.413069130892149,-0.07897471317776782,0.06372357236413298,1.7559707164764404
134,11.348938439583227,-0.08018496604599014,0.06308633664049165,0.6979422569274902
135,11.325449055187395,-0.08049422749664134,0.06245547327408674,1.1880316734313965
136,11.342194564635522,-0.0804585159909057,0.06183091854134587,1.720526933670044
137,11.308772618989167,-0.08090393083099665,0.06121260935593241,1.1166300773620605
138,11.295684892799274,-0.08109489152268667,0.060600483262373085,1.2864329814910889
139,11.69272804387128,-0.08048002103883235,0.05999447842974935,6.7640275955200195
140,11.675800763432568,-0.08067522082844403,0.05939453364545186,1.413846492767334
141,11.629042755798242,-0.08129704004873102,0.058800588308997336,0.9148671627044678
142,11.612752328240258,-0.08148406964824371,0.058212582425907364,1.3098254203796387
143,11.606624804957855,-0.08157831986085219,0.05763045660164829,1.4663701057434082
144,11.570558556908276,-0.08201253666224367,0.05705415203563181,0.9919755458831787
145,11.754852971339194,-0.08152574462895458,0.056483610515275486,3.9374794960021973
146,11.687304441625802,-0.08271048718266504,0.05591877441012273,0.6946525573730469
147,11.690431397209544,-0.08271671564417173,0.055359586666021504,1.5605692863464355
148,11.663527083237447,-0.0830006595988411,0.05480599079936129,1.1760334968566895
149,11.606891812405074,-0.08383731966951936,0.05425793089136768,0.7373921871185303
150,11.610822894281023,-0.08383227980615751,0.053715351582454,1.697523593902588
151,11.654714665338213,-0.08361895700809593,0.05317819806662946,2.106775999069214
152,11.588167518684832,-0.08478276743801498,0.05264641608596317,0.7252004146575928
153,11.632285843497984,-0.08393493976363484,0.062119951925103535,2.099294662475586
154,11.635962985063003,-0.08309559036599849,0.0714987524058525,1.5896008014678955
155,11.599603355212373,-0.0835146344623385,0.07078376488179398,1.0790905952453613
156,11.63360732166025,-0.08334615478438179,0.07007592723297604,1.9812400341033936
157,11.597271248443647,-0.08251269323653797,0.07937516796064627,1.1307451725006104
158,11.70129853595921,-0.08214211175871805,0.0785814162810398,3.065755844116211
159,11.664285550599619,-0.08257069064113087,0.0777956021182294,1.1357011795043945
160,11.667642695093623,-0.08257831706805291,0.07701764609704712,1.605820894241333
161,11.620966268142686,-0.0831811053259438,0.07624746963607665,0.9583091735839844
162,11.604756605461258,-0.08334929427268437,0.07548499493971587,1.3038454055786133
163,11.658709039406645,-0.08251580132995752,0.08473014499031871,2.2995212078094482
164,11.76212194901258,-0.0821451887712034,0.08388284354041552,2.912688732147217
165,11.734500729522454,-0.08243484799460248,0.08304401510501136,1.1982629299163818
166,11.737155722227229,-0.08244383284798978,0.08221357495396124,1.6033787727355957
167,11.779784165004957,-0.08224439451950989,0.08139143920442163,2.0891637802124023
168,11.881986323354907,-0.08187649602886025,0.08057752481237741,2.97424054145813
169,12.103166460121358,-0.08135184871563048,0.07977174956425363,4.565749645233154
170,12.112134795520145,-0.08130756099770495,0.0789740320686111,1.8736681938171387
171,12.101013447564943,-0.08140357629681881,0.07818429174792499,1.529176950454712
172,12.130003313089293,-0.08125620720051728,0.07740244883044574,2.03824520111084
173,12.0787032799584,-0.08187221655708354,0.07662842434214127,0.9329814910888672
174,12.037916247158817,-0.0823034943915127,0.07586214009871986,1.1444933414459229
175,11.97753708468723,-0.08314712611426424,0.07510351869773266,0.761641263961792
176,11.937761713840358,-0.08231565485312159,0.08435248351075532,0.961230993270874
177,12.138384096701953,-0.08180499830459037,0.08350895867564777,4.284723997116089
178,12.097000255734933,-0.08223694832154446,0.0826738690888913,1.3033781051635742
179,12.056030253177584,-0.08266457883832902,0.08184713039800239,1.0122642517089844
180,12.245469950645807,-0.08216051369510702,0.08102865909402236,4.165250539779663
181,12.22301525113935,-0.08133890855815595,0.09021837250308214,1.3290953636169434
182,12.300785098627955,-0.0810255194725744,0.08931618877805131,2.6768980026245117
183,12.277777247641675,-0.08121526427784866,0.08842302689027079,1.3085289001464844
184,12.214999475165259,-0.08040311163507016,0.09753879662136808,0.7620742321014404
185,12.142849480413608,-0.08159908051871946,0.09656340865515439,0.758141040802002
186,12.161420985609473,-0.08078308971353226,0.10559777456860284,1.869999647140503
187,12.379806775753378,-0.08026937646345576,0.10454179682291681,4.711095809936523
188,12.336008707995845,-0.08071668269882121,0.10349637885468764,1.102123737335205
189,13.262648620915886,-0.08000475396707109,0.10246141506614076,14.143325805664062
190,13.280022134706728,-0.07987137309406704,0.10143680091547935,1.8703951835632324
191,13.20722191335966,-0.08073932602979303,0.10042243290632456,0.850212574005127
192,13.155149694226063,-0.0811819327694951,0.09941820857726132,1.0181684494018555
193,13.123598197283801,-0.08137011344180016,0.09842402649148871,1.396841287612915
194,13.122362215310964,-0.08132564307661293,0.09743978622657382,1.713608741760254
195,13.191138593157854,-0.0810123866458468,0.09646538836430808,2.62847638130188
196,13.169227207226275,-0.08111135368847924,0.095500734480665,1.4615025520324707
197,13.117534935154012,-0.08155024015159446,0.09454572713585835,1.0915777683258057
198,13.046359585802472,-0.08240140441674518,0.09360026986449976,0.798203706741333
199,13.175895989944447,-0.0819620057571931,0.09266426716585477,3.4880852699279785
200,13.144137030045002,-0.08214238569962118,0.09173762449419622,1.289856195449829
201,13.172695659744551,-0.08194596184262497,0.09082024824925425,2.0766682624816895
202,13.100968703147107,-0.08279316889086538,0.0899120457667617,0.8197281360626221
203,13.129959016115636,-0.08259023720195673,0.08901292530909409,2.12630295753479
204,13.208659425954481,-0.08224052530612763,0.08812279605600315,2.861550807952881
205,13.166572831694936,-0.08252923116417746,0.08724156809544312,1.173659086227417
206,13.104907103377986,-0.08313251028110712,0.08636915241448868,0.9269075393676758
207,13.043858032344206,-0.08372975660686748,0.08550546089034379,0.905475378036499
208,12.993419452020763,-0.0828924590407988,0.09465040628144035,1.0904905796051025
209,13.423485257500555,-0.08188496302181937,0.11370390221862595,7.491084337234497
210,13.45925040492555,-0.08165434868571883,0.11256686319643969,2.1973719596862793
211,13.424657900876294,-0.08183780519886165,0.1114411945644753,1.3689219951629639
212,13.350411321867531,-0.0826860938135397,0.11032678261883054,0.8286917209625244
213,13.356907208648856,-0.08257351858969,0.10922351479264224,1.782444953918457
214,13.423338136562366,-0.0817477834037931,0.11813127964471581,2.9554147720336914
215,13.569104755196742,-0.08128744842689803,0.11694996684826865,3.7153899669647217
216,13.493413707644775,-0.08214124060929572,0.11578046717978596,0.8324592113494873
217,13.428479570568328,-0.08274839963177419,0.1146226625079881,0.8958804607391357
218,13.384194774862644,-0.08192091563545645,0.12347643588290821,1.206763505935669
219,13.340352827114017,-0.08221281759021298,0.12224167152407914,1.1948764324188232
220,13.266949298842878,-0.08305735608097752,0.12101925480883835,0.7897756099700928
221,13.20427980585445,-0.08365535394873917,0.11980906226074997,1.0010697841644287
222,13.222237007795906,-0.08348546707591845,0.11861097163814247,1.9489078521728516
223,13.200014637717945,-0.08355970331425018,0.11742486192176103,1.430577039718628
224,13.358014491340764,-0.08306893386731458,0.11625061330254342,3.9124741554260254
225,13.294434346427357,-0.08366681595721287,0.11508810716951799,0.8794467449188232
226,13.471490002963083,-0.08315272844280203,0.11393722609782281,4.182366609573364
227,13.426775102933453,-0.08343231226948511,0.11279785383684458,1.4030344486236572
228,13.35250735190412,-0.08426465581345692,0.11166987529847613,0.7843642234802246
229,13.328982278385077,-0.08433110016441327,0.11055317654549138,1.4692893028259277
230,13.355692455601226,-0.08411278916276914,0.10944764478003646,2.177502393722534
231,13.272135531045214,-0.08527166127114146,0.1083531683322361,0.6006374359130859
232,13.369414175734763,-0.0848537272671257,0.10726963664891374,3.0920095443725586
233,13.775720033977414,-0.08419037517963963,0.1061969402824246,7.21425724029541
234,13.687962833637641,-0.08534847142784324,0.10513497087960036,0.625054121017456
235,13.601083205301265,-0.08649498671356481,0.10408362117080436,0.6261787414550781
236,13.525072373248253,-0.08729670351309583,0.10304278495909631,0.791184663772583
237,13.439821649515771,-0.08642373647796488,0.11201235710950534,0.7314319610595703
238,13.405423433020612,-0.08655949911318522,0.11089223353841028,1.2970669269561768
239,13.371369198690406,-0.08669390412205337,0.10978331120302617,1.3893954753875732
240,13.577655506703502,-0.08612108272789165,0.10868547809099591,4.673842906951904
241,13.501878951636467,-0.0869265385672794,0.10759862331008595,0.8164060115814209
242,13.426860162120104,-0.08605727318160661,0.11652263707698508,0.8257722854614258
243,13.342591560498903,-0.08719670044979054,0.11535741070621523,0.6716785430908203
244,13.339165644893914,-0.08709396421452341,0.11420383659915308,1.728095531463623
245,13.275773988444975,-0.0876515960009496,0.11306179823316155,0.8826148509979248
246,13.233016248560524,-0.08788619115205121,0.11193118025082993,1.192145824432373
247,13.23068608607492,-0.08777656000976147,0.11081186844832164,1.8251845836639404
248,13.16837922521417,-0.08832736583823529,0.10970374976383843,0.8759496212005615
249,13.16669543296203,-0.08821332294908371,0.10860671226620004,1.7073314189910889
250,13.115028478632409,-0.08858118971959288,0.10752064514353804,1.1015772819519043
251,13.193878193846086,-0.08817156829858742,0.10644543869210266,2.7845726013183594
252,13.111939411907626,-0.08928985261560154,0.10538098430518163,0.6482493877410889
253,13.070820017788549,-0.08950806520055664,0.10432717446212982,1.188201665878296
254,13.110111817610663,-0.08920121984266872,0.10328390271750852,2.264228105545044
255,13.149010699434557,-0.08830920764424204,0.11225106369033343,2.3100640773773193
256,13.097520592440212,-0.08867611556779961,0.1111285530534301,1.0999407768249512
257,13.13654538651581,-0.08837758970623927,0.1100172675228958,2.1854088306427
258,13.305179932650653,-0.0878271471425102,0.10891709484766685,4.003535747528076
259,13.442128133324145,-0.08731924604145547,0.10782792389919017,3.576122522354126
260,13.377706851990904,-0.08787462500961235,0.10674964466019828,1.004284143447876
261,13.303929783470995,-0.08866254542618289,0.1056821482135963,0.8278970718383789
262,13.240890485636285,-0.0892044914004925,0.10462532673146033,0.8846962451934814
263,13.198481580779923,-0.08942355759759868,0.10357907346414573,1.1953790187835693
264,13.156496764972124,-0.0896404331327338,0.10254328272950428,1.199887990951538
265,13.124931797322402,-0.08974402880140646,0.10151784990220923,1.3054406642913818
266,13.173682479349178,-0.08940214406894795,0.10050267140318714,2.370086908340454
267,13.151945654555686,-0.08941721353734938,0.09949764468915527,1.5261609554290771
268,13.110426198010128,-0.089634152513087,0.09850266824226371,1.193542242050171
269,13.089321936030025,-0.08964690189704705,0.09751764155984108,1.4619176387786865
270,13.048428716669724,-0.08986154398918768,0.09654246514424267,1.20351243019104
271,13.037944429503026,-0.08979626188262914,0.09557704049280023,1.5135107040405273
272,12.977564985207996,-0.09032687069237427,0.09462127008787223,0.9704053401947021
273,12.937789335355916,-0.09053471309656164,0.09367505738699351,1.2418625354766846
274,12.998411442002356,-0.0901556817550697,0.09273830681312357,2.5053629875183105
275,12.958427327582331,-0.08925412493751901,0.10181092374499233,1.2216808795928955
276,12.918843054306508,-0.08947269479925492,0.1007928145075424,1.1742961406707764
277,12.949654623763443,-0.08920296785126237,0.09978488636246698,2.0503199100494385
278,12.920158077525809,-0.08831093817274975,0.1087870374988423,1.3465111255645752
279,12.880956496750551,-0.08853893990213335,0.10769916712385388,1.1918034553527832
280,12.852146931783045,-0.08865355050311202,0.10662217545261535,1.2927653789520264
281,12.793625462465215,-0.08919558642665233,0.10555595369808919,0.9467616081237793
282,12.735689207840563,-0.08973220199095724,0.1045003941611083,0.9287772178649902
283,12.678332315762157,-0.08883487997104766,0.11345539021949722,0.9076032638549805
284,12.651548992604535,-0.08894653117133719,0.11232083631730225,1.3183012008666992
285,12.61503350267849,-0.08916817697073492,0.11119762795412923,1.2029330730438232
286,12.688883167651703,-0.08877649520102758,0.11008565167458793,2.7029857635498047
287,12.661994335975185,-0.0888887302490173,0.10898479515784205,1.271427869796753
288,12.625374392615432,-0.08911095405763823,0.10789494720626364,1.2411623001098633
289,12.599120648689278,-0.08921984451706186,0.106815997734201,1.4085779190063477
290,12.573129442202385,-0.08932764607189124,0.10574783775685899,1.3486506938934326
291,12.54739814778036,-0.08943436961117232,0.1046903593792904,1.383413553237915
292,12.531924166302556,-0.0894491168241515,0.1036434557854975,1.451413869857788
293,12.52660492463953,-0.08938795898924333,0.10260702122764252,1.563720941543579
294,12.501338875393134,-0.08949407939935089,0.1015809510153661,1.3397798538208008
295,12.476325486639203,-0.08959913860535738,0.10056514150521244,1.346038818359375
296,12.481562231772811,-0.08870314721930381,0.1095594900901603,1.7164156436920166
297,12.446746609455083,-0.08892722685822187,0.1084638951892587,1.1835875511169434
298,12.762279143360532,-0.08758340913509419,0.1373792562373661,5.782818078994751
299,12.834656351926926,-0.08720757504374324,0.13600546367499244,2.6178088188171387
300,12.896309788407656,-0.08686181508277949,0.13464540903824251,2.6173455715179443
301,12.85734669052358,-0.0871043080430628,0.1332989549478601,1.1908507347106934
302,12.818773223618344,-0.08734437607374328,0.13196596539838149,1.1725585460662842
303,12.87058549138216,-0.0870264878685614,0.13064630574439767,2.396343946456909
304,12.861879636468338,-0.08615622298987578,0.1393398426869537,1.5959365367889404
305,12.803260840103654,-0.08672323218854845,0.13794644426008418,0.924595832824707
306,12.815228231702617,-0.08657028558094867,0.13656697981748334,1.8969786167144775
307,12.84707594938559,-0.08632958272513919,0.1352013100193085,2.281352996826172
308,12.818605189891734,-0.0864662868978878,0.1338492969191154,1.3113114833831787
309,12.770419137992818,-0.08685162402890892,0.13251080394992423,1.115410327911377
310,12.752714946612889,-0.08598310778861983,0.14118569591042499,1.4950330257415771
311,12.72518779714676,-0.08612327671073362,0.13977383895132073,1.2905480861663818
312,12.727935919175293,-0.08603127471285706,0.13837610056180752,1.6981289386749268
313,12.76065655998354,-0.08579596196572849,0.13699233955618945,2.1962621212005615
314,12.833049994383703,-0.0854380023460712,0.13562241616062756,2.592698812484741
315,12.944719494439866,-0.08500028898927715,0.1342661919990213,3.213848352432251
316,13.005272299495466,-0.08467660188885806,0.13292353007903107,2.6056928634643555
317,13.05521957650051,-0.08438539142552504,0.13159429477824075,2.2679829597473145
318,13.014667380735505,-0.0846526486223809,0.13027835183045833,1.2356061935424805
319,13.23452070692815,-0.08409183642187137,0.12897556831215373,4.875122785568237
320,13.232175499858869,-0.08402014882688343,0.1276858126290322,1.7482125759124756
321,13.28985374486028,-0.08317994733861458,0.13640895450274187,2.602045774459839
322,13.286955207411678,-0.08311737863445921,0.13504486495771445,1.743978500366211
323,13.34408565533756,-0.0828125206375883,0.1336944163081373,2.499770402908325
324,13.500644798784183,-0.08232922301741931,0.13235747214505594,3.9195144176483154
325,13.455638350796342,-0.08261704189835622,0.13103389742360538,1.1899065971374512
326,13.601081967288378,-0.08214801433651553,0.12972355844936934,3.682371139526367
327,13.585071147615494,-0.08132653419315038,0.13842632286487566,1.6428608894348145
328,13.689220436139339,-0.08051326885121887,0.1470420596362269,3.157738208770752
329,13.652328231777945,-0.08070813616270668,0.14557163903986464,1.3447599411010742
330,13.665804949460165,-0.08056772146774628,0.144115922649466,2.057661771774292
331,13.609146899965564,-0.08101204425306882,0.14267476342297133,0.9976258277893066
332,13.653055430965908,-0.08075747936609369,0.14124801578874163,2.37781023979187
333,13.656524876656249,-0.08066419028671847,0.1398355356308542,1.8967070579528809
334,13.739959627889688,-0.07985754838385128,0.14843718027454567,2.901829242706299
335,13.992560031610791,-0.07931538315642303,0.1469528084718002,5.193002700805664
336,14.022634431294684,-0.0785222293248588,0.1554832803870822,2.315523862838745
337,14.062408086981737,-0.07829256258716577,0.15392844758321136,2.3839404582977295
338,14.06178400611192,-0.07822392267557982,0.15238916310737924,1.88083815574646
339,14.1311661660508,-0.07744168344882402,0.16086527147630544,2.841270923614502
340,14.109854504390292,-0.07750059994766911,0.1592566187615424,1.5885987281799316
341,14.26875595934639,-0.07705892728152576,0.157664052573927,3.9603207111358643
342,14.326068399752925,-0.0767883380087105,0.1560874120481877,2.611656904220581
343,14.292807715755396,-0.0769295455377143,0.15452653792770582,1.5012235641479492
344,14.369879638597842,-0.07661479553688262,0.15298127254842875,2.9310529232025146
345,14.356180842211865,-0.07661787835074457,0.15145145982294447,1.748384714126587
346,14.652619033789746,-0.07585169956723713,0.15993694522471505,5.885572195053101
347,14.656092843451848,-0.07575984923823141,0.1583375757724679,2.0930075645446777
348,14.60953191501733,-0.0760022507458491,0.15675420001474322,1.2519867420196533
349,14.653436595867156,-0.07576854402786429,0.15518665801459577,2.501924753189087
350,14.696902229908483,-0.07553717437705933,0.1536347914344498,2.558739185333252
351,14.689933207609398,-0.07549608834757444,0.1520984435201053,1.8837387561798096
352,14.673033875533305,-0.0747411274640987,0.16057745908490426,1.6602468490600586
353,14.806303536777971,-0.0739937161894577,0.16897168449405522,3.6587283611297607
354,14.85824050141019,-0.07375377902756312,0.16728196764911468,2.704871416091919
355,14.909658096396088,-0.07301624123728749,0.17560914797262353,2.603241443634033
356,14.950561515432126,-0.07228607882491461,0.1838530564928973,2.5805487632751465
357,15.031055900277805,-0.07199800064536112,0.18201452592796832,3.013913869857788
358,15.300745341275027,-0.07151611587700274,0.18019438066868865,5.606024265289307
359,15.537737887862278,-0.07080095471823271,0.18839243686200177,5.186536550521851
360,15.572360508983655,-0.07061926096052407,0.18650851249338174,2.5933680534362793
361,15.586636903893819,-0.07050130364503648,0.1846434273684479,2.1986255645751953
362,16.05077053485488,-0.06963500028600547,0.20279699309476343,8.546837568283081
363,16.05026282950633,-0.06956365028314541,0.20076902316381579,2.1331615447998047
364,15.989760201211267,-0.06986801378031396,0.19876133293217763,1.314283847808838
365,16.129862599199154,-0.06916933364251082,0.20677371960285584,3.979705333709717
366,16.12856397320716,-0.06910264030608572,0.20470598240682727,2.1287920475006104
367,16.12727833347509,-0.06903661390302486,0.202658922582759,2.191802978515625
368,16.22600555014034,-0.06873086314861,0.2006323333569314,3.4628219604492188
369,16.32374549463894,-0.0680435545171239,0.2086260100233621,3.407205820083618
370,16.360508039692547,-0.06736311897195267,0.21653974992312847,2.6448912620544434
371,16.46690295929562,-0.06705985815260351,0.21437435242389719,3.6414198875427246
372,16.43223392970266,-0.06715849034030826,0.21223060889965822,1.70853853225708
373,16.487911590405634,-0.06603235998235972,0.23010830281066164,2.9216392040252686
374,16.443032474501578,-0.06537203638253612,0.23780721978255503,1.5543897151947021
375,16.42860214975656,-0.06538498268537743,0.2354291475847295,2.1411960124969482
376,16.474316128258994,-0.06473113285852365,0.24307485610888221,2.7731497287750244
377,16.429572966976405,-0.06491715486327175,0.2406441075477934,1.4988014698028564
378,16.46527723730664,-0.06476798331463904,0.23823766647231545,2.73614501953125
379,16.720624464933575,-0.06412030348149264,0.2458552898075923,5.728368520736694
380,16.67341822028424,-0.06347910044667772,0.25339673690951636,1.607616901397705
381,16.6266840380814,-0.06367764277554427,0.2508627695404212,1.6034488677978516
382,16.600417197700587,-0.06304086634778883,0.258354141845017,1.8072965145111084
383,16.61441302572358,-0.06296601323986649,0.2557706004265668,2.426725149154663
384,16.60826889546634,-0.06296135310746782,0.2532128944223011,2.099025011062622
385,16.712186206511678,-0.06270210994676352,0.2506807654780781,3.7373416423797607
386,16.76506434444656,-0.06162054339275043,0.26817395782329734,2.9771320819854736
387,16.697413701002098,-0.062004337958822923,0.26549221824506436,1.4534642696380615
388,16.750439563992074,-0.06183884003378015,0.2628372960626137,2.9155120849609375
389,16.712935168352153,-0.06122045163344235,0.2702089231019876,1.764214038848877
390,16.76580581666863,-0.06015370166256247,0.2875068338709677,3.0151243209838867
391,16.858147758501946,-0.05955216464593684,0.29463176553225806,3.4718291759490967
392,16.869566280916928,-0.05895664299947748,0.30168544787693546,2.5085434913635254
393,16.900870618107756,-0.0583670765694827,0.3086685933981661,2.7117416858673096
394,16.87186191192668,-0.05778340580378787,0.31558190746418446,1.9233593940734863
395,17.49314329280741,-0.05720557174574999,0.3224260883895426,10.35697889328003
396,17.66821185987934,-0.056633516028292495,0.3292018275056472,4.647783041000366
397,17.621529741280543,-0.05683641163724034,0.3259098092305907,1.7941865921020508
398,17.695314443867737,-0.055868047520867936,0.3426507111382848,3.267406940460205
399,17.96836129942906,-0.05508714482343704,0.35922420402690197,6.014938831329346
400,18.138677686434768,-0.054250559089488386,0.37563196198663296,4.596883535385132
401,18.13729090957042,-0.05426360905414905,0.3718756423667666,2.379089593887329
402,18.355918000474716,-0.05372097296360756,0.378156885943099,5.686870574951172
403,18.29235882046997,-0.05318376323397148,0.384375317083668,1.75370192527771
404,18.22943523226527,-0.05265192560163177,0.39053156391283134,1.6531376838684082
405,18.607140879942616,-0.0517682634884726,0.416626248273703,7.60286021232605
406,18.92106947114319,-0.05085058085358787,0.4424599857909659,6.586562871932983
407,18.84185877643176,-0.050342075045052,0.44803538593305625,1.5382697582244873
408,18.793440188667443,-0.04983865429460148,0.4535550320737257,1.978531837463379
409,19.245505786780768,-0.04887151775165546,0.4890194817529884,8.844740152359009
410,19.32305072891296,-0.04764206183339816,0.5141292869354586,3.635493755340576
411,19.53982022162383,-0.04716564121506418,0.518987994066104,5.37622857093811
412,19.444422019407593,-0.04769398480291354,0.513798114125443,1.3432643413543701
413,19.52997779921352,-0.04685990209774155,0.5286601329841886,3.7499353885650635
414,19.494678021221382,-0.04639130307676414,0.5333735316543466,2.140065908432007
415,19.51973124100917,-0.04547284459145104,0.5480397963378032,2.95011305809021
416,19.74453392859908,-0.04525621138363177,0.5425593983744251,5.640350580215454
417,20.14708858931309,-0.04480364926979545,0.5471338043906809,7.957214593887329
418,20.10561770341996,-0.044980612777097494,0.5416624663467742,2.323263645172119
419,20.08456152638576,-0.04508636220488207,0.5362458416833065,2.387454032897949
420,19.9737159111219,-0.04352438747172214,0.5508833832664735,1.1931586265563965
421,19.873978752010682,-0.043089143597004914,0.5553745494338087,1.2918095588684082
422,20.705238964490576,-0.04275533953967564,0.5498208039394706,14.216350317001343
423,20.808186574845667,-0.042650366789440175,0.5443225959000759,4.068515300750732
424,20.70010470909721,-0.043223863121545775,0.5388793699410751,1.3263673782348633
425,20.733103662006236,-0.04320829115699699,0.5334905762416643,3.192753791809082
426,20.895772625386176,-0.04223566770488647,0.5581556704792476,4.983267784118652
427,20.956814899132315,-0.041813311027837606,0.5625741137744552,3.5716187953948975
428,20.85724675014099,-0.042304268826650136,0.5569483726367106,1.4112167358398438
429,20.808674282639583,-0.04188122613838363,0.5613788889103435,2.2135565280914307
430,20.720587539813188,-0.04229574721033313,0.55576510002124,1.562281847000122
431,20.593381664415055,-0.0418727897382298,0.5602074490210276,1.058445930480957
432,20.757447847770905,-0.041454061840847496,0.5646053745308173,4.981557607650757
433,20.779873369293195,-0.04147430383113467,0.5589593207855091,2.9929256439208984
434,20.992074635600265,-0.04034527507853761,0.593369727577654,5.844468355178833
435,21.082153889244264,-0.04027515566108556,0.5874360303018775,3.9745945930480957
436,21.11133235035182,-0.03987240410447471,0.5915616699988587,3.111222505569458
437,21.180219026848302,-0.039830822920572814,0.5856460532988701,3.7875757217407227
438,21.06841683657982,-0.040432514691367084,0.5797895927658814,1.2821707725524902
439,21.017732668214023,-0.04065318954445341,0.5739916968382226,2.156370162963867
440,21.857555341531885,-0.04024665764900888,0.5782517798698403,13.977166652679443
441,22.498979788116564,-0.03996047014228623,0.5724692620711419,11.474034070968628
442,22.6639899902354,-0.03956086544086337,0.5767445694504305,5.155524253845215
443,22.917350090333045,-0.0389569234531214,0.5909771237559263,6.618939399719238
444,23.068176589429715,-0.038304196323853346,0.605067352518367,5.234488487243652
445,23.06749482353542,-0.037921154360614814,0.6090166789931833,3.067382574081421
446,22.916819875300064,-0.037541942817008664,0.6129265122032516,1.0531136989593506
447,23.307651676547064,-0.03716652338883858,0.6167972470812191,8.19199538230896
448,23.25457515978159,-0.03679485815495019,0.6206292746104068,2.425926446914673
449,23.132029408183776,-0.03642690957340069,0.6244229818643028,1.5215601921081543
450,22.980709114101938,-0.036062640477666684,0.6281787520456598,1.0179173946380615
451,22.98090202296092,-0.03570201407289002,0.6318969645252032,3.0267982482910156
452,22.95109300273131,-0.03534499393216112,0.6355779948799511,2.769500494003296
453,22.981582072703997,-0.03537615937745489,0.6292222149311516,3.4935402870178223
454,22.971766251976955,-0.03502239778368034,0.63292999278184,2.958305835723877
455,22.862048589457185,-0.03550550713917687,0.6266006928540216,1.6049301624298096
456,22.94342810356261,-0.0351504520677851,0.6303346859254815,4.121043682098389
457,23.083993822526985,-0.03425840700656671,0.6540313390662267,4.977073669433594
458,23.153153884301716,-0.03291582293650104,0.6874910256755644,3.9737582206726074
459,23.1816223454587,-0.03297128009175142,0.6806161154188087,3.42464017868042
460,23.639806122004114,-0.03220678468213825,0.7138099542646207,9.14005994796753
461,23.973408060784074,-0.031884716835316865,0.7166718547219745,7.9288811683654785
462,24.09367398017623,-0.031565869666963696,0.7195051361747548,4.805795907974243
463,23.99273724037447,-0.03125021097029406,0.7223100848130072,1.895200490951538
464,23.972809867970724,-0.03139225431513658,0.7150869839648771,2.8576245307922363
465,23.813081769291017,-0.031078331771985213,0.7179361141252284,1.0990853309631348
466,23.85495095159811,-0.02969611988283679,0.7507567529839761,3.747769832611084
467,24.78640144208213,-0.029484628769478508,0.7432491854541364,15.605130672454834
468,24.90853742766131,-0.029460052752053992,0.735816693599595,4.9781389236450195
469,24.8494520533847,-0.029165452224533452,0.738458526663599,2.480634927749634
470,24.900957532850853,-0.02854046436895478,0.751073941396963,4.06032395362854
471,24.911947957522347,-0.028255059725265232,0.7535632019829934,3.535702705383301
472,24.852828477947124,-0.02797250912801258,0.7560275699631634,2.509066343307495
473,24.854300193167653,-0.027692784036732452,0.7584672942635318,3.2412519454956055
474,24.77575719123598,-0.027415856196365128,0.7608826213208965,2.254634380340576
475,24.77799961932362,-0.026741697634401474,0.7732737951076875,3.4674861431121826
476,24.82021962313038,-0.02612945307185056,0.7855410571566106,3.8224644660949707
477,24.842017426899076,-0.025497788170761683,0.7976856465850445,3.6055054664611816
478,24.833597252630085,-0.025242810289054066,0.799708790119194,3.1859047412872314
479,24.80526128010378,-0.02453583673161807,0.8117117022180022,2.9277002811431885
480,25.07720866730274,-0.023905862979686502,0.8335945851958222,6.858316659927368
481,25.016436580629716,-0.023666804349889638,0.835258639343864,2.519045352935791
482,24.93627221482342,-0.02343013630639074,0.8369060529504254,2.2536392211914062
483,24.996909492675183,-0.023518415588488124,0.8285369924209212,4.11196756362915
484,24.996940397748432,-0.022883231432603242,0.8402516224967119,3.296863555908203
485,25.02697099377095,-0.021940113403991494,0.8618491062717448,3.8190886974334717
486,25.33670128383324,-0.021720712269951578,0.8632306152090273,7.565628290176392
487,25.323334270994906,-0.02192017181391873,0.854598309056937,3.2299506664276123
488,25.420100928284956,-0.021415255810065256,0.8660523259663676,4.697026491165161
489,25.78589991900211,-0.02039465163906138,0.9173918027067038,8.414430141448975
490,25.61804091981209,-0.020190705122670766,0.9182178846796368,1.2522845268249512
491,25.78186051061397,-0.01951260759525358,0.9390357058328405,5.6294097900390625
492,25.73404190550783,-0.019317481519301044,0.9396453487745121,2.7694497108459473
493,25.81670148645275,-0.01883018905704921,0.950248895286767,4.82503867149353
494,25.66853447158822,-0.01864188716647872,0.9507464063338994,1.376340627670288
495,25.621849126872338,-0.017979277818623456,0.9612389422705604,2.8033363819122314
496,26.435630635603616,-0.01779948504043722,0.9616265528478548,14.323810338973999
497,26.44127432924758,-0.016880749449292107,0.9820102873193762,3.701181411743164
498,26.766861585955105,-0.016372958903951726,1.0021901844461825,7.843051433563232
499,26.879192970095552,-0.015682913525438526,1.0221682826017207,4.921145915985107
500,26.670401040394594,-0.015526084390184141,1.0219465997757033,0.7806053161621094
501,26.733697029990648,-0.0156738538493126,1.0117271337779463,4.422102928161621
502,26.546360059690738,-0.015517115310819474,1.0116098624401668,1.0956649780273438
503,26.62089645909383,-0.015067826510652456,1.021493763815765,4.469624996185303
504,26.664687494502893,-0.01491714824554593,1.0212788261776073,4.21075439453125
505,26.668040619557864,-0.01402723602234973,1.0410660379158312,3.544823408126831
506,27.691360213362284,-0.013654405522591348,1.070655377536673,17.24970555305481
507,27.664446611228662,-0.013117861467365436,1.0799488237613062,3.301452159881592
508,28.377802145116373,-0.012481632347641276,1.1291493355236932,13.244879484176636
509,28.534024123665212,-0.012129543296892137,1.1378578421684562,5.8691322803497314
510,28.99868388242856,-0.012008247863923216,1.1364792637467716,10.081274271011353
511,29.52869704360427,-0.011034506848698616,1.2051144711093038,11.003446817398071
512,29.45341007316823,-0.010469616325666176,1.2130633263982107,2.9959301948547363
513,31.558875972436546,-0.010323253495742847,1.2209326931342286,31.85488986968994
514,31.983287212712177,-0.009679480420244878,1.2587233662028863,9.935972452163696
515,31.943454340585056,-0.009225542758899571,1.2661361325408573,3.6967358589172363
516,32.004019797179204,-0.008606971541836891,1.2834747712154488,5.086704254150391
517,31.913979599207412,-0.008955684435114174,1.2706400235032944,3.0967369079589844
518,32.15483980321534,-0.007973270447905889,1.3179336232682615,7.3972554206848145
519,33.66329140518319,-0.007511024082224644,1.384754287035579,24.479236602783203
520,33.826658491131354,-0.007035913841402397,1.4009067441652232,6.756127119064331
521,33.968391906220035,-0.006548888036321706,1.416897676723571,6.409433841705322
522,34.15870798715783,-0.005917361420109433,1.4427286999563353,6.958573579788208
523,33.947120907286255,-0.005858187805908338,1.438301412956772,1.7291638851165771
524,34.29764969821339,-0.005944533464081139,1.4239183988272042,9.320424318313599
525,35.20467320123126,-0.005725088129440327,1.4396792148389321,16.49749255180359
526,36.112626469218945,-0.0051122816925903685,1.5052824226905428,16.752655029296875
527,35.941500204526754,-0.00453484308619078,1.5102295984636374,2.64337420463562
528,36.46208520248149,-0.004262221928056146,1.525127302479001,11.679205179214478
529,36.44746435045668,-0.004219599708775584,1.519876029454211,4.915194749832153
530,36.15298970695211,-0.0027488322831163998,1.524677269159669,0.9066882133483887
531,36.47145980988259,-0.001986049842638177,1.5694304964680723,9.094527959823608
532,36.196745211783764,-0.001966189344211795,1.5637361915033916,1.2088501453399658
533,36.014777759665925,-0.0008354163396585659,1.5780988295883578,2.4191787242889404
534,35.74462998206927,-0.0008270621762619802,1.572317841292474,1.1309664249420166
535,36.11718368224857,-0.00013386004765004534,1.6165946628795493,9.718109130859375
536,37.24601184542609,1.7067407459182176e-06,1.6304287162507538,19.713512659072876
537,38.413551726971825,0.0006510403226891084,1.7241244290882463,20.780881881713867
538,38.2594162097021,0.0006445299194622173,1.7168831847973638,3.211796998977661
539,38.896822047605085,0.001030241483012693,1.7497143529493902,13.587907552719116
540,38.967853827129034,0.0016721129812260443,1.7722172094198962,6.214940786361694
541,38.678175288857744,0.0006553918514137838,1.7544950373256973,1.297881841659546
542,39.34139353596916,0.000648837932899646,1.7469500869524404,13.971347332000732
543,39.99797960060947,0.0010233019345230305,1.779480586082916,14.051024198532104
544,40.247999804603374,0.0017822996844085693,1.8216857802220867,8.7156662940979
545,41.33551980655734,0.0022342753452826046,1.883468922419866,19.916752815246582
546,41.54216460849177,0.002857093882152359,1.9146342331956674,8.099771738052368
547,41.38674296240685,0.0035977537125616047,1.9254878908637107,3.4781689643859863
548,41.32287553278278,0.00413320474686456,1.9362330119550737,4.631324768066406
549,41.65964677745495,0.0044918726993959145,1.956870681835523,9.957555294036865
550,42.7230503096804,0.0045820891075370905,1.9673019750171679,19.898485898971558
551,42.7058198065836,0.00526797553353489,1.9876289552669961,5.406201601028442
552,42.39876160851776,0.005215295778199541,1.977752665714326,1.5698976516723633
553,43.43477399243258,0.0057795811765819285,2.0579751390571825,19.53734850883484
554,44.030426252508256,0.006401397015301546,2.117395387666611,13.594767808914185
555,44.47012198998318,0.006905564863330349,2.156221433789945,11.70962405204773
556,45.56542077008334,0.007615729993917825,2.2646592194520454,20.618688821792603
557,46.03976656238251,0.008292260866021658,2.322012627257525,12.313173770904541
558,46.89936889675869,0.008891156439179622,2.39879250098495,17.729292392730713
559,46.7503752077911,0.009427244874787827,2.4048045759751,4.403935670852661
560,47.57287145571319,0.01010816622448956,2.4907565302153487,17.27982187271118
561,47.36714274115606,0.010747825302985407,2.495848964913195,3.59804105758667
562,47.4234713137445,0.011583743276370647,2.530890475264063,7.255651473999023
563,48.329236600607054,0.012265007292882303,2.6255815705114225,18.414254426956177
564,49.11594423460099,0.012772278479796,2.6893257548063083,17.10720181465149
565,49.57478479225498,0.013802450431840146,2.7824324972582453,12.755716562271118
566,51.02903694433243,0.014382374645470462,2.9046081722856627,26.164172410964966
567,51.43874657488911,0.014890724812059235,2.945562090562806,12.369475603103638
568,51.01435910914022,0.014741817563938643,2.9261064696571775,1.2051448822021484
569,51.12421551804882,0.015239560678621837,2.9468454049606057,8.474918365478516
570,51.71297336286833,0.015450801435471982,2.9673769509109995,14.73741340637207
571,52.355843629239644,0.016330776179737952,3.0677031814018894,15.348334312438965
572,53.99228519294725,0.01690820915868131,3.2070261495878705,29.122663497924805
573,53.87236234101778,0.01769150801947545,3.2249558880919915,5.670227766036987
574,54.3036387176076,0.01823624242381678,3.2727063292110716,12.729233264923096
575,54.370602330431524,0.01854568327826714,3.279979265918961,8.538452386856079
576,55.10689630712721,0.019141476445484466,3.3571794732597713,18.941420316696167
577,54.79582734405594,0.019366728347696288,3.3436076785271736,3.5927724838256836
578,54.79786907061538,0.01953669742785569,3.3401716017419014,8.185047626495361
579,55.36989037990922,0.020323473310719993,3.4267698857244824,16.778974771499634
580,57.94619147611013,0.02066336956802813,3.5725021868672378,46.28362464904785
581,59.796729561349025,0.02099171529621616,3.6767771649985654,36.719921827316284
582,60.04876226573553,0.021370033437371646,3.7000093933485796,12.576017379760742
583,60.79827464307818,0.021822999769664595,3.763009299415094,19.980233192443848
584,60.900291896647396,0.022590685264925695,3.805379206420943,9.566880226135254
585,60.811288977680924,0.023134009181507206,3.8173254143567332,7.120676279067993
586,63.23317608790411,0.02352973179596276,3.979152160213166,40.932581186294556
587,62.78084432702507,0.02384999003355869,3.959360638611034,2.38999342918396
588,63.21303588375482,0.024554886359638196,4.029767032224924,14.166110754013062
589,63.16090552491727,0.02465416508224871,4.019469361902675,7.689707279205322
590,63.0992964696681,0.025284816413882364,4.039274668283648,7.581787109375
591,63.048303504971415,0.025894037215260783,4.058881921600811,7.921005487442017
592,63.2478204699217,0.026357988409373236,4.088293102384803,11.750107288360596
593,63.885342265222484,0.026881810100082653,4.157410171360955,16.97519016265869
594,65.59648884257025,0.027293843062911615,4.285836069647345,31.053771257400513
595,66.40052395414455,0.027774329289816747,4.362977708950872,19.523520946502686
596,66.20651871460309,0.028347649826705814,4.3693479318613635,6.2058539390563965
597,67.77445352745707,0.02873681906834907,4.48565445254275,29.79513192176819
598,68.0967089921825,0.02914945087766558,4.520797908017323,13.320608139038086
599,69.12574190226067,0.029676669819181323,4.62558992893715,22.876511096954346
600,69.32448448323807,0.030503498626607485,4.689334029647779,11.861303567886353
601,69.84123963840568,0.031024909921333145,4.752440689351301,16.011417388916016
602,70.24282724202162,0.03153284264030163,4.804916282457788,14.887686729431152
603,71.2103989696014,0.03199595732767107,4.89686711963321,22.364992141723633
604,70.93829497990538,0.032585088663485265,4.897898448436878,5.9281182289123535
605,71.03891203010633,0.03324689209783807,4.93891946395251,10.776902914047241
606,71.31852290980527,0.033621493883930396,4.969530269312984,13.395898818969727
607,72.1753376807072,0.0341133044227981,5.059834966619854,21.220212697982788
608,71.49358430390014,0.033772171378570116,5.019236616953655,0.491131067276001
609,71.96864846086113,0.03427478579923819,5.0790442507841185,15.89849042892456
610,71.89896197625252,0.03500896101816889,5.108253808276277,8.693145036697388
611,72.16997235648999,0.03576998251909831,5.177171270193515,13.223196983337402
612,72.65827263292509,0.036404018231097415,5.25539955749158,16.14848279953003
613,72.66168990659584,0.03713586845974534,5.292845561916664,9.96693754196167
614,73.43507300752988,0.03749784310848123,5.359917106297497,19.99566626548767
615,72.79072227745458,0.037122864677396415,5.3163179352345225,1.231182336807251
616,72.67281505468003,0.03789917701422901,5.3431547558821775,8.096282958984375
617,74.41608690413322,0.038208444353398464,5.469723208323355,33.195038080215454
618,75.86192603509188,0.038465629316257174,5.565025976240122,29.195126056671143
619,76.13330677474096,0.03876058467358004,5.589375716477721,13.689888715744019
620,78.16197370699355,0.039089824704980444,5.743481959312944,37.582805156707764
621,80.09035396992361,0.03947383420700813,5.906047139719814,36.49491000175476
622,81.08945043022437,0.03985687364271583,5.9969866683226165,24.035733699798584
623,81.90855592592213,0.040133151532055544,6.05701680163939,22.02258324623108
624,82.2794703666629,0.040740223378079525,6.126446633622996,15.794043064117432
625,83.82667566299628,0.0410501207223578,6.2451821672867665,31.440036058425903
626,85.12840890636632,0.04148074101046133,6.372730345613899,28.762901544570923
627,84.82712481730265,0.04215684269126581,6.37900304215776,7.2961952686309814
628,85.63885356912962,0.0426991296860399,6.485213011736183,22.079326629638672
629,85.23246503343833,0.04293880505584617,6.460360881618821,5.967390298843384
630,85.70014038310394,0.043418507914378617,6.5257572728026325,17.625957012176514
631,86.9731389792729,0.04401718668500009,6.690499700074606,28.393089532852173
632,89.05340758948017,0.044254980919845005,6.83359470307386,39.59796166419983
633,88.49287351358537,0.044418491716707156,6.795258756043122,4.378359794616699
634,90.2379447784495,0.04477278588699256,6.94730616848269,35.42283916473389
635,91.59556533066501,0.04521001378033502,7.087833106797863,30.165772914886475
636,92.11960967735835,0.04566069142030945,7.156954775729884,19.22537612915039
637,93.09841358058478,0.046361979242948465,7.315385227972585,25.452066659927368
638,92.46742944477893,0.047231692783852315,7.292231375692859,3.9504313468933105
639,92.23275515033114,0.04806372368210075,7.31930906193593,9.248631000518799
640,92.35042759882784,0.048448471060664355,7.3461159713165705,13.90049433708191
641,92.47692332283955,0.04920208158815295,7.412654811603405,14.165086030960083
642,93.30215408961115,0.04973863220084285,7.528528263487371,23.284546613693237
643,93.13913254871504,0.050150336787925326,7.533242980852497,10.251338720321655
644,93.39774122322788,0.050909337621726745,7.617910551043972,15.85548710823059
645,93.5737638109956,0.051391235236500465,7.661731445533532,15.020453453063965
646,92.94802617288565,0.051522484174458046,7.615114131078197,4.1534552574157715
647,92.67854591115679,0.05221938054483468,7.628962989767415,8.83281660079956
648,93.41176045204521,0.052661042161073084,7.722673359869741,22.15212321281433
649,93.86764284752476,0.052925798645937175,7.765446626271043,18.60543966293335
650,93.96896641904952,0.05326192527486242,7.787792160008332,13.8175630569458
651,93.99927675485903,0.05396641942417565,7.839914238408249,12.967196941375732
652,95.89928398731044,0.054307036920074735,8.021515096024167,38.182907819747925
653,94.97029114743734,0.05376396655087399,7.9512999450639255,0.4149665832519531
654,94.65058823596296,0.053861247520285885,7.921786945613286,8.388874292373657
655,95.42408235360332,0.054311007138106285,8.022569076157154,22.937837600708008
656,96.15984153006728,0.054477956238322855,8.072343385395582,22.76090693473816
657,95.67824311476662,0.055391510009272955,8.071619951541626,6.485008001327515
658,97.30146068361894,0.05557402901770736,8.190903752026209,34.47303223609924
659,97.81844607678275,0.05615922832484572,8.288994714505947,20.063814640045166
660,98.09026161601491,0.05639763604159726,8.316104767360887,16.56536602973938
661,98.92935899985476,0.05676772561524722,8.412943719687277,24.221214771270752
662,98.8200654098562,0.05745004835909475,8.448814282490403,11.79465103149414
663,98.36186475575764,0.058007623347201914,8.4343261396655,7.237056493759155
664,98.93824610820006,0.05851729070347349,8.529982878268843,20.99438786506653
665,99.04886364711805,0.05875029961462057,8.544683049486155,14.703811883926392
666,99.56837501064688,0.05895749860522933,8.589236218991294,20.082902431488037
667,99.6226912605404,0.05932030457155799,8.61334385680138,14.400383949279785
668,99.736464347935,0.059628002426743314,8.637210418233366,14.798924446105957
669,100.26909970445564,0.05988139560509026,8.690838314051033,20.359833240509033
670,99.5264087074111,0.06043642780288551,8.643929930910522,3.5517759323120117
671,100.01114462033699,0.060642874335667465,8.687490631601417,19.81173086166382
672,99.51103317413362,0.060836445592310794,8.650615725285403,6.734031915664673
673,99.95592284239227,0.06106141446972101,8.69410956803255,19.223050832748413
674,99.08636361396835,0.060450800325023805,8.617168472352224,1.7076830863952637
675,99.60549997782867,0.060707219474091446,8.670996787628702,20.1599063873291
676,99.7594449780504,0.06114362554022009,8.714286819752417,15.382985830307007
677,99.57185052826989,0.06139638681568209,8.707143951554892,10.790151596069336
678,100.6961320229872,0.06172581917394036,8.830072512039344,28.314456701278687
679,100.25917070275732,0.062161192561148326,8.81177178691895,7.683835506439209
680,99.97657899572974,0.06251180285775906,8.80365406904976,9.587037086486816
681,99.95681320577245,0.06270301135979371,8.805617528359262,13.200500965118408
682,101.83724507371471,0.06270098124619577,8.90756135307567,39.08362913131714
683,102.11887262297756,0.06307397143373382,8.958485739544914,17.299481868743896
684,102.45768389674778,0.06339911407233766,9.008900882149465,18.18227791786194
685,102.61310705778031,0.0634430890333092,9.00881187332797,15.683804988861084
686,103.4169759872025,0.06379226470035315,9.10872375459469,24.516221284866333
687,103.64280622733048,0.0643448182438258,9.177636517048743,16.782811403274536
688,103.43637816505718,0.06490618933849597,9.195860151878255,11.187277793884277
689,104.3420143834066,0.06518496249665741,9.293901550359472,26.283618450164795
690,104.41859423957254,0.06578311287169084,9.350962534855878,15.059091567993164
691,104.43440829717682,0.06616301759203053,9.377452909507317,14.163870334625244
692,104.99006421420503,0.06643888741611022,9.443678380412244,21.39714550971985
693,105.72016357206299,0.06661719517116259,9.509241596608122,23.653525352478027
694,106.59296193634236,0.06698729264950277,9.624149180642043,25.69232749938965
695,107.74703231697893,0.0672633656689537,9.747907688835623,29.564056158065796
696,107.91956199380914,0.06763073201226416,9.790428611947267,16.55254030227661
697,108.69036637387104,0.06792739766511449,9.882524325827793,24.737689971923828
698,109.71346271013233,0.06814859762211264,9.983699082569515,28.668747663497925
699,109.92632808303101,0.06830680630238006,10.00386209174382,17.43153214454651
700,109.4670648022007,0.06871748823935626,9.983823470826382,8.651844263076782
701,109.81239415417869,0.06907198002362937,10.043985236118118,19.348182201385498
702,110.22427021263691,0.06970576353465134,10.153545383756938,20.024110078811646
703,110.42202751051053,0.07039332128392022,10.242009929919368,17.26858353614807
704,111.88780723540542,0.0706621507169954,10.399589830620174,34.315507888793945
705,113.45892916305137,0.07081054779718604,10.535593932313972,36.5600266456604
706,114.63433987142085,0.07083837305514493,10.610237992990832,30.90941834449768
707,113.97799647270664,0.07135447912051185,10.574135613060925,6.532847166061401
708,114.35821650797956,0.0716935659082541,10.638394256930315,20.120389699935913
709,114.82463434289977,0.0719083072678051,10.692010314361012,21.232104539871216
710,114.34638799947078,0.07238325404587331,10.675090211217402,8.829050302505493
711,115.91292411947606,0.07243432925449207,10.788339309105229,37.35254096984863
712,116.0837948782813,0.07268742957096971,10.820455916014177,17.959309101104736
713,116.24295692949848,0.07302116133586609,10.862251356854037,17.699132680892944
714,115.33052736020349,0.07309094972250742,10.783628843285495,3.398862838745117
715,115.20722208660146,0.0734280013903309,10.795792554852639,13.78815746307373
716,115.93514986573544,0.07359797669557652,10.867834629304113,25.04733920097351
717,116.59579836707807,0.07385100791763174,10.949156283011071,24.128093242645264
718,117.7698403834073,0.0741808739068315,11.099664720180959,31.820557832717896
719,117.46214197957323,0.0745884904551195,11.098668072979148,11.57767367362976
720,117.2875205597775,0.07504260555056831,11.117681392249358,13.42912745475769
721,118.22464535417973,0.07524004679364082,11.216504578326864,28.556541919708252
722,118.42239890063793,0.07542967531121166,11.244339532543597,18.401695728302002
723,118.79817491163155,0.07570101958374056,11.301896137218161,20.56208825111389
724,118.53019316251523,0.07603096590964228,11.298877175845979,12.522579431533813
725,118.60489123089009,0.07638176736165697,11.33588840408752,16.985066413879395
726,119.47884231858119,0.07668591085308896,11.452529520046644,27.43523621559143
727,119.75405389539537,0.07714354154047644,11.528004224846176,19.600361108779907
728,119.34651335644142,0.07738476435291977,11.502724182597715,10.553948402404785
729,119.463048222877,0.07745061136587912,11.507696940771737,17.905574798583984
730,120.55841774064824,0.0774621314530937,11.58261997136402,30.784570455551147
731,119.42283356324175,0.07668751013856277,11.47679377165038,0.8899168968200684
732,120.36860522760934,0.07699540139231734,11.602025833933876,29.190920114517212
733,121.36491917533324,0.07717999283293962,11.706005575594538,29.48095464706421
734,121.40126998357991,0.07744819290461022,11.728945519838593,16.60482931137085
735,121.4872572837441,0.07790448020633335,11.781656064640208,17.371540069580078
736,122.12238471090666,0.07826057053940515,11.883839503993807,24.826353073120117
737,121.39116086379758,0.0784983729972764,11.825001108953868,6.66266131401062
738,122.62724925515961,0.07869298110403833,11.95675109786433,32.675907373428345
739,122.83097676260802,0.078955002341949,11.997183586885686,19.032531261444092
740,123.07266699498193,0.07918586048179481,12.03721175101683,19.374217987060547
741,122.14194032503211,0.0797273352103102,11.966839633506662,4.046448230743408
742,122.81052092178179,0.07988244281058805,12.037171237171595,25.481611728668213
743,122.10241571256397,0.07985284915171294,11.96679952479988,7.352706432342529
744,121.25139155543833,0.0801354017412769,11.897131529551881,4.907195806503296
745,121.33887763988395,0.08025712464694106,11.908160214256363,17.094045639038086
746,121.8454888634851,0.08038478595861118,11.9590786121138,22.79537582397461
747,121.17703397485025,0.08103548355357053,11.92948782599266,7.317729234695435
748,121.13526363510175,0.08133623982914592,11.950192947732734,15.96117353439331
749,121.10391099875073,0.08196355539695617,12.010691018255407,15.80091142654419
750,121.85287188876322,0.08226636882257844,12.120584108072853,26.084218978881836
751,122.78434316987558,0.08232742606458522,12.199378266992124,29.078919887542725
752,122.23649973817683,0.08268062239217466,12.167384484322202,8.997836351394653
753,121.51413474079506,0.08305381616825293,12.11571063947898,6.70974326133728
754,121.0089933933871,0.08349088364037321,12.09455353308419,9.49828553199768
755,122.50890345945322,0.08357848402906173,12.233607997753348,36.596651792526245
756,123.3738144248587,0.08369963698781417,12.321271917775816,27.782525777816772
757,123.7100762806101,0.08375436036315895,12.348059198598058,21.58310890197754
758,125.16297551780399,0.08366031118331918,12.434578606612078,36.096341133117676
759,125.38134576262594,0.08398017065652001,12.490232820545957,20.0649151802063
760,125.76753230499968,0.08423792992556457,12.555330492340497,22.23433017730713
761,125.41985698194968,0.08460434183510013,12.54977718741709,12.278680324554443
762,125.65565841213018,0.08496635210802429,12.614279415542919,20.213051557540894
763,125.59910182800888,0.08520002192027738,12.62813662138749,16.08044672012329
764,126.8331108097288,0.08535203776533164,12.761855255173614,33.33209204673767
765,126.32477970163151,0.08581430686136253,12.744236702621878,9.97733449935913
766,126.8115319046152,0.08598473522132034,12.806794335595658,23.373995304107666
767,127.88341658556904,0.08623599898021825,12.948726392239701,31.53302764892578
768,128.02458241971334,0.08628913194816255,12.959239128317304,18.98868227005005
769,130.2443365955162,0.08625481205725236,13.12964673703413,46.934961557388306
770,130.06189322956104,0.0865529782223941,13.138350269663789,14.982056617736816
771,131.63127429726543,0.08648884216839316,13.246966766967152,41.68294978141785
772,130.3949615542928,0.08562395374670922,13.12449709929748,1.2973358631134033
773,130.78101193874986,0.08589197456427172,13.193252128304504,24.424156188964844
774,131.59320181936235,0.08592928123372334,13.261319607021457,29.498884916305542
775,131.46726980116873,0.08616242539617602,13.268706410951243,16.25314450263977
776,132.56259710315703,0.08633814554055451,13.39601934684173,32.40677881240845
777,132.20697113212546,0.08650569192020051,13.37205915337331,12.761223077774048
778,132.2149014208042,0.08669326657994587,13.388338561839578,17.82526421546936
779,132.9727524065962,0.08669171852953103,13.444455176221181,27.9650137424469
780,132.95302488253023,0.08681716775644946,13.45001062445897,17.631675243377686
781,132.98349463370494,0.08705193725535555,13.475510518214382,18.070924758911133
782,133.07365968736786,0.08709691084054848,13.480755413032238,18.887068033218384
783,133.01292309049418,0.08748578425182803,13.515947858901916,17.148016452789307
784,133.77279385958926,0.08761571109830496,13.600788380312897,28.18926692008972
785,134.14506592099337,0.08779218556626929,13.654780496509767,22.79743719100952
786,134.52361526178345,0.08790263580362985,13.69823269154467,23.240873336791992
787,134.7383791091656,0.08785694277892689,13.701250364629223,20.78502869606018
788,135.01099531807395,0.08815121285731045,13.764237860982929,21.6031391620636
789,135.3508853648932,0.08821644629086751,13.7965954823731,22.773114919662476
790,135.56737651124425,0.08835339010821362,13.828629527549369,20.782885313034058
791,135.8417027461318,0.08851280099240756,13.870343232273875,21.564741611480713
792,136.5432857186705,0.08855000307957087,13.931639799951135,27.82416081428528
793,136.8278528614838,0.08875541213968424,13.982323401951623,21.88862633705139
794,136.61957433286895,0.0889885476734598,13.982500167932107,15.998670101165771
795,136.11337858954028,0.08914517382463218,13.942675166252785,12.079074621200562
796,135.88224480364488,0.08931566898904071,13.933248414590258,15.083627462387085
797,136.36342235560844,0.08945512099480248,13.993915930444354,24.513976335525513
798,135.34978813205234,0.08970342692771159,13.903976771139911,4.829665660858154
799,136.35629025073183,0.08965385028555312,13.974937003428513,31.679412126541138
800,135.30272734822452,0.08940247307302016,13.865187633394227,4.170996904373169
801,136.19970007474228,0.08944178167562328,13.946535757060285,30.058917760849
802,135.60770307399486,0.08971619502769822,13.907070399489681,10.43004059791565
803,136.1016260432549,0.08973795199634015,13.947999695494785,24.682098865509033
804,136.19060978282232,0.08980608971775605,13.958519698539837,19.540531158447266
805,136.09870368499412,0.08985291071034228,13.948934501554438,16.93141794204712
806,135.02771664814418,0.09033369194806645,13.859445156538895,3.8881773948669434
807,134.26743948166273,0.09078628723197563,13.810850704973506,7.819343328475952
808,133.3347650868461,0.09036622923770465,13.70274219792377,5.494935750961304
809,133.93141743597764,0.09060246331838459,13.795714775944534,25.93716526031494
810,132.67210326161788,0.08969643868520075,13.667757628185088,1.1673500537872314
811,133.1253822290017,0.08981071025340492,13.721080051903236,23.67863893508911
812,134.13412840671168,0.08989550913377686,13.823869251384204,31.553825616836548
813,135.41278712264457,0.08983624869892765,13.915630558870362,35.03963541984558
814,135.63865925141815,0.08995054443978646,13.946474253281657,20.917454719543457
815,135.49227265890397,0.09053864230117373,13.99700951074884,16.147311449050903
816,136.31734993231493,0.09045894395155647,14.047039415641352,28.769601821899414
817,136.20417643299177,0.09067435451204091,14.05656902148494,16.51239013671875
818,136.24213466866186,0.09091046810977764,14.08600333127009,18.965890884399414
819,136.79971332197522,0.09088678009534652,14.125143297957388,25.72626304626465
820,138.12171618875547,0.09090728032413284,14.243891864977813,36.090155363082886
821,137.6604990268679,0.09097646839045673,14.201452946328034,12.204869747161865
822,138.87389403659924,0.09087751451736298,14.279438416864755,34.77682375907898
823,139.63515509623326,0.09099199518614284,14.366644032696108,29.005576372146606
824,139.17880354527094,0.09125228800023885,14.342977592369145,12.37732195854187
825,138.8870155098182,0.09152158330205465,14.339547816445455,15.014423370361328
826,138.36814535472004,0.09164085022765478,14.296152338280999,11.568523406982422
827,139.66446390117284,0.09161996411343794,14.403190814898188,35.74800205230713
828,140.34781926216112,0.09185761062614972,14.509158906749207,28.003882884979248
829,139.6443410695395,0.09208189166274536,14.454067317681714,9.327654838562012
830,140.74789765884412,0.0922010727461179,14.579526644504897,33.18740487098694
831,140.48041868225567,0.09224397429935847,14.553731378059847,15.61155891418457
832,141.68561449543313,0.09220276061000474,14.648194064279249,34.85871911048889
833,141.4687583504788,0.09253073300390469,14.661712123636457,16.413783073425293
834,140.954070766974,0.09293875900719897,14.645095002400094,11.987338066101074
835,139.90453005930428,0.09339826030601586,14.558644052376094,4.9894163608551025
836,140.83548475871126,0.09349432062141064,14.663057611852333,30.998470306396484
837,141.26712991112416,0.09348329045867479,14.696427035733809,24.71057152748108
838,140.3944586120129,0.09384475385038434,14.62946276537647,7.092389822006226
839,139.21051402589276,0.0938153972209714,14.513168137722705,2.915499210357666
840,138.88840888563382,0.09390528063193926,14.488036456345476,14.170581817626953
841,140.66952479677747,0.09372332561741797,14.59315609178202,42.43391180038452
842,141.90282954880968,0.09380881963397107,14.7272245308642,35.14348363876343
843,142.08380125332158,0.09368323143763135,14.719952285555559,21.186216831207275
844,141.27296324078839,0.0938939401068616,14.652752762700004,7.986931800842285
845,142.8302336083805,0.09389776164855392,14.796225235073003,39.721431255340576
846,143.1419312722967,0.09405073805505688,14.848262982722272,23.45774483680725
847,143.27051195957372,0.09426407682835247,14.889780352895048,20.791933298110962
848,142.43780683997798,0.09432143606006894,14.810882549366099,8.311938047409058
849,141.3134287715782,0.09437822169946826,14.702773723872436,4.269522666931152
850,141.42029448386242,0.09455286053510514,14.735745986633711,20.082960605621338
851,142.0160915390238,0.0943536005864705,14.748388526767375,26.77581238746643
852,141.72593062363356,0.0945605070584819,14.740904641499702,15.42592453956604
853,141.85867131739724,0.09458264392338095,14.753495595084704,20.610209465026855
854,143.31008460422328,0.09450789762351997,14.865960639133856,38.73658275604248
855,142.44698375818103,0.09549264320868826,14.837301032742516,7.618579387664795
856,143.2725139205992,0.09538216122104581,14.88892802241509,30.034364938735962
857,143.16978878139324,0.09570653509755717,14.92003874219094,18.176780462265015
858,143.1280908935793,0.09590054888327224,14.94083835476903,18.954541206359863
859,142.95680998464348,0.09605265450555062,14.94142997122134,16.81581211090088
860,143.16724188479702,0.09594578649708048,14.942015671509125,22.136226892471313
861,143.68556946594904,0.09611453376031481,15.022595514794034,26.223803997039795
862,143.07871377128956,0.09623772577210925,14.972369559646094,10.985555648803711
863,142.26792663357668,0.09624309044987202,14.892645864049634,8.404950141906738
864,142.7952473672409,0.09630630057101432,14.953719405409139,26.421222686767578
865,142.9372948935685,0.09636234584555896,14.974182211355046,21.08156156539917
866,143.2079219446328,0.09645754591651513,15.014440389241495,22.80755591392517
867,144.25584272518645,0.09629942207025322,15.07429598534908,33.95397615432739
868,145.0232842979346,0.09624140522511629,15.13355302549559,30.041486024856567
869,145.34305145495526,0.09629594032540749,15.172217495240634,23.67457127571106
870,144.7996209404057,0.09654177213094461,15.140495320288228,12.117453813552856
871,145.31162473100164,0.096698803389227,15.219090367085345,26.284169912338257
872,144.53850848369163,0.09720240359062884,15.176899463414491,9.077581644058228
873,144.7631233988547,0.09724834362657883,15.205130468780347,22.255901098251343
874,146.13549216486615,0.09709146302719249,15.293079164092543,38.026159048080444
875,144.8541372432175,0.09723165950803167,15.170148372451617,2.4012789726257324
876,145.01559587078535,0.0973773553353116,15.208446888727101,21.60366439819336
877,144.8754399120775,0.09747228407203483,15.20636241983983,17.449426889419556
878,144.53668551295672,0.09793900267275592,15.224298795641433,15.076817035675049
879,145.06131865782714,0.09807636391506389,15.302055807685019,26.313756942749023
880,146.11070547124888,0.09793560027591323,15.369035249608169,33.3307147026062
881,145.4795984165364,0.09804058162255169,15.315344897112087,11.18848991394043
882,145.45480243237103,0.09796926671541709,15.302191448140967,19.182270050048828
883,144.7202544080473,0.0983784629371518,15.259169533659556,9.620297908782959
884,144.35305186396684,0.09850578941889139,15.23657783832296,14.563544511795044
885,144.37952134532716,0.0986771941097365,15.26421205993973,19.56070899963379
886,145.55572613187388,0.09872095651978417,15.391569939340332,35.151657581329346
887,145.55016887055513,0.0988371952304484,15.407654239946929,19.666372776031494
888,146.3346671818496,0.0987863232781439,15.47357769754746,29.87686514854431
889,146.8113205100311,0.09898402705567175,15.558841920571986,26.531879901885986
890,146.8032073049308,0.09929555664812872,15.603253501366265,19.69049310684204
891,146.4651752318815,0.0993645479843023,15.577220966352602,15.02457594871521
892,146.10052347956267,0.09927999341355019,15.531448756689075,14.650542259216309
893,147.75951824476704,0.09912052681274802,15.646134269122184,41.573742151260376
894,147.88192306231937,0.09900432154462054,15.639672926430963,21.800341367721558
895,147.30310383169618,0.09956983388472988,15.633276197166653,12.094901084899902
896,147.2500727933792,0.09948962850362907,15.616943435194987,19.085530281066895
897,146.31757206544538,0.09979102851488907,15.540774000843037,7.11956787109375
898,144.9943963447909,0.09950740394402588,15.405366260834606,1.8665807247161865
899,144.56445238134302,0.09968880049282092,15.38131259822626,13.895789623260498
900,144.62880785752958,0.09975151513689932,15.397499472243998,20.236684799194336
901,144.37251977895428,0.09993047057376563,15.39352447752156,15.97315502166748
902,145.72879458116475,0.09982402301088511,15.499589232746343,37.26898121833801
903,144.5715066353531,0.09949244944744293,15.37459334041888,4.020487308502197
904,144.94579156899957,0.09954148099692454,15.42084740701469,24.277902603149414
905,144.25633365330955,0.09973027671327109,15.366638932944543,10.067139148712158
906,144.55377031677648,0.0998823992334947,15.422972543615098,23.63244390487671
907,145.20823261360871,0.09997881333639785,15.508742818178947,28.22869849205017
908,144.81615028747262,0.10029977992001501,15.503655389997157,14.141068696975708
909,145.7279887845979,0.10005949398522164,15.538618836097184,31.394705772399902
910,146.27070889675193,0.09995889904536942,15.573232647736212,26.614067792892456
911,144.9980018077844,0.1000119416338631,15.447500321258849,2.5722503662109375
912,144.96802178970654,0.10027942785132728,15.48302531804626,19.2752046585083
913,146.70834157180948,0.10018572448190492,15.628195064865798,43.20218110084534
914,147.5412581560914,0.10018386723708587,15.71191311421714,30.884820699691772
915,148.4658455745305,0.10018202856471502,15.804793983074969,32.25418663024902
916,149.2511871187852,0.10010531841122647,15.86674604324422,30.303871870040894
917,149.22867524759735,0.10019270060126385,15.878078582811778,19.61413335800171
918,148.2063884951214,0.10046736933993207,15.78929779698366,6.310885429382324
919,147.19432461017018,0.1009520573486604,15.711404819013824,6.258651971817017
920,147.39238136406846,0.10102038108655105,15.744290770823685,22.214441061019897
921,147.88845755042777,0.10102540570208147,15.796847863115449,26.271424293518066
922,147.2895729749235,0.10092424255415157,15.728879384484294,12.06082034111023
923,148.56667724517425,0.10078772740133733,15.82159059063945,36.710686683654785
924,148.1410104727225,0.10081758597638056,15.783374684733054,14.133025884628296
925,148.6896003679953,0.10064684854026208,15.805540937885723,27.081117630004883
926,147.56270436431535,0.10075149116597057,15.697485528506867,4.757268190383911
927,147.72707732067218,0.10065861040065233,15.700510673221798,22.131903409957886
928,147.71980654746545,0.10074045967079545,15.71350556648958,19.782065391540527
929,147.5426084819908,0.1007330550740875,15.696370510824686,17.50224018096924
930,146.6271823971709,0.10115429595191806,15.629406805716439,7.472363471984863
931,146.3109105731992,0.10109927473152933,15.593112737659274,15.32205581665039
932,145.7478014674672,0.10153272642865847,15.57718161028268,11.996171474456787
933,145.27032345279252,0.10163984814396372,15.541409794179852,12.884254693984985
934,145.1376202182646,0.10175981329888771,15.545995696238053,17.641348361968994
935,146.66624401608195,0.10164825543435521,15.670535739275673,40.23570942878723
936,145.90958157592112,0.10189937851381448,15.613830381882915,9.511518955230713
937,146.2704857601619,0.10175950560779722,15.627692078064085,24.086657762527466
938,147.44778090256028,0.10161312267293136,15.711415157283444,35.35540747642517
939,148.08330309353468,0.10163964547463807,15.78430100571061,28.34031891822815
940,148.20247006259933,0.10181074901989168,15.826457995653502,21.58245873451233
941,147.72044536197333,0.10199264152969277,15.798193415696968,13.295831441879272
942,146.9532409083536,0.1023811658186212,15.750211481539997,9.44500207901001
943,148.32370849927005,0.10216721331536456,15.832709366724597,38.21292233467102
944,148.33047141427735,0.10215225259160689,15.83438227305735,19.929328441619873
945,147.40716670013458,0.10238073006569082,15.756038450326777,7.432005167007446
946,146.84309503313324,0.10267560408371523,15.72847806582351,12.037216186523438
947,148.3346640828019,0.10245965885368889,15.821193285165274,39.603501081466675
948,148.7113174419739,0.10245656764149609,15.86298135231362,24.64946985244751
949,149.44420426755417,0.10242299295607213,15.934351538790484,29.503971576690674
950,148.14976222487863,0.10239876302651141,15.805008023402578,2.6231765747070312
951,148.40826460262986,0.10235178689049916,15.826957943168551,23.48035955429077
952,149.33418195660354,0.10240710719586803,15.938688363736865,32.47711634635925
953,149.1008401370375,0.10217668691756014,15.889301480099496,16.98069930076599
954,149.78983173566712,0.10220996591994418,15.970408465298501,29.21440052986145
955,150.55193341831043,0.10207282201295713,16.020704380645515,30.397660732269287
956,150.8364140841273,0.10205768038500633,16.05049733683906,23.989584922790527
957,151.69804994328604,0.10188098543769634,16.09999236347067,31.886873483657837
958,152.7610694438532,0.10194744690114883,16.228992439835963,34.791574001312256
959,152.48345874941467,0.10220797243213735,16.236702515437607,16.67641019821167
960,152.29862416192051,0.10223066882721896,16.224335490283227,17.797297954559326
961,152.4356379203013,0.10217221756063351,16.232092135380398,22.79851007461548
962,152.50128154109828,0.10215678469320327,16.239771214026597,21.303104877471924
963,153.2362687256873,0.10215291596131548,16.31737350188633,30.4592866897583
964,152.13390603843044,0.10206161935984187,16.204199766867468,5.811484098434448
965,152.54256697804615,0.10197364565329009,16.232157769198796,25.866891622543335
966,154.3171413082657,0.10183269707554507,16.36983619150681,44.10051369667053
967,154.40396989518302,0.10185731489006569,16.386137829591743,21.69890284538269
968,155.6399301962312,0.10170205109368301,16.472276451295826,37.237786293029785
969,156.44353089426892,0.10157486109122076,16.527553686782866,31.44648504257202
970,156.34909558532624,0.1016475478544582,16.53227814991504,20.000569820404053
971,158.48560462947296,0.10136080210564336,16.64695536841589,49.140658140182495
972,158.02074858317823,0.10150790837030121,16.620485814731733,15.100890159606934
973,158.88054109734645,0.10123053420463098,16.644280956584417,32.73397755622864
974,159.43173568637297,0.1014331821336127,16.747838147018573,29.114490270614624
975,158.78741832950922,0.10147148189122394,16.690359765548386,12.751835346221924
976,157.30954414621414,0.1004567670723117,16.533456167892904,1.5038511753082275
977,157.25644870475202,0.10043904150685175,16.528121606213976,20.142282724380493
978,157.3238842177045,0.10053221206739299,16.552840390151836,21.90788769721985
979,158.29064537552745,0.10035366160026236,16.607311986250316,33.9692006111145
980,158.7277389217722,0.10038972894465578,16.661238866387812,27.2312650680542
981,159.38046153255448,0.10036797451235209,16.724626477723934,29.88973116874695
982,159.11665691722894,0.10049211431610075,16.717380212946694,17.891009092330933
983,158.71549034805665,0.10074769737462042,16.710206410817225,15.827566146850586
984,158.78833544457606,0.1008245577502718,16.733104346709055,22.24379014968872
985,158.7304520901303,0.10086206380675601,16.735773303241967,20.73314595222473
986,158.373147569229,0.1010729553638104,16.728415570209545,16.746798515319824
987,158.22941609353668,0.10124278136572785,16.74113141450745,19.064040184020996
988,157.97712193260134,0.10128298513101795,16.723720100362375,17.65448570251465
989,157.00735071327534,0.10125376183708482,16.626482899358752,8.081849098205566
990,156.6172772061426,0.10125817337125634,16.590218070365164,15.690419435501099
991,156.44110443408115,0.10110890099006176,16.554315889661513,18.403948545455933
992,157.26669338974034,0.10093463206384315,16.5987727307649,32.3835027217865
993,157.53402645584293,0.10079485096059602,16.602785003457253,24.591031074523926
994,156.8386861912845,0.10103690245099006,16.55675715342268,11.816605567932129
995,156.93029932937165,0.10111087077587774,16.581189581888456,22.38218092918396
996,156.55099633607793,0.10119219904290888,16.555377686069573,15.765166997909546
997,156.26548637271716,0.1011959020524798,16.529823909208876,17.113727807998657
998,155.72283150899,0.10116433518881775,16.474525670116787,13.612792015075684
999,154.9756031939001,0.10138725973816413,16.41978041341562,10.959582090377808
1000,156.0458471619611,0.10140392149192753,16.535582609281462,35.14707970619202
1001,154.79538869034147,0.10168020485765343,16.42022678318865,4.092933416366577
1002,155.33743480343804,0.10171603438802428,16.486024515356764,27.664647340774536
1003,154.89406045540366,0.10168986503513502,16.441164270203195,14.789122819900513
1004,156.27511985084962,0.10166272747693385,16.576752627501165,39.66025137901306
1005,155.81236865234112,0.10210064565670997,16.580985101226155,14.497594356536865
1006,154.43424496581773,0.10163519475569843,16.43517525021389,2.377941608428955
1007,155.00990251615954,0.10156223903455654,16.480823497711754,28.236319541931152
1008,154.84980349099794,0.10162575333485845,16.476015262734634,18.586259126663208
1009,155.90130545608795,0.10141718810920217,16.53125511010729,34.597145557403564
1010,155.87229240152706,0.10144876786209707,16.535942559006216,20.807368755340576
1011,156.6135694775118,0.1013038454008674,16.580583133416155,30.44389271736145
1012,156.77743378273667,0.1012734659063963,16.594777302081994,23.026147603988647
1013,157.1396594449093,0.10124518720588156,16.62882952906117,25.752572536468506
1014,157.00826285046023,0.10106606866715609,16.592541233770557,19.188215494155884
1015,157.30818022195564,0.10112492669706206,16.63661582143285,25.078068017959595
1016,157.7850984197361,0.1008941652349695,16.640249663218526,27.40529227256775
1017,158.10724743553874,0.1008852235826198,16.67384716658634,25.217834949493408
1018,159.54617496118337,0.10083663624745585,16.80710869492048,40.28549790382385
1019,159.20071321157153,0.10094826988498129,16.789037607971274,16.66007685661316
1020,158.2087060794558,0.10077212051946481,16.68114723189156,8.236748218536377
1021,157.18661901866125,0.10101439931427017,16.594335759572644,7.495249032974243
1022,158.19475282847463,0.10089572818934453,16.668392401976917,34.77753829956055
1023,157.23280530018988,0.1010158031655156,16.581708477957147,8.49258804321289
1024,156.79047724718797,0.1015100699126215,16.595891393177574,15.317441940307617
1025,157.2725724747161,0.10132423750617821,16.6099324792458,27.149823427200317
1026,156.57984674996894,0.10144735876748005,16.55383315445334,11.609645366668701
1027,156.83404828246924,0.10175156649848657,16.638294822908808,24.22518301010132
1028,155.94570779964457,0.10176346259820758,16.551911874679718,9.063251495361328
1029,156.3062507216481,0.10173541130555884,16.58639275593292,25.60203504562378
1030,157.21318821443163,0.10156825962165304,16.64052882837359,32.94661569595337
1031,156.11105633228732,0.10182917277011737,16.544123540089853,6.2006096839904785
1032,155.75994576896446,0.10188526120770545,16.518682304688955,15.97975492477417
1033,154.44234631127483,0.1021164085956284,16.393495481642063,3.254957437515259
1034,155.9079228481621,0.10192580929372527,16.489560526825645,40.5890736579895
1035,155.97884361968045,0.10182679659956102,16.48466492155739,21.576979398727417
1036,155.32905518348363,0.10190742973246651,16.429818272341816,12.35099172592163
1037,155.5857646316488,0.10182758195447887,16.445520089618398,24.210198640823364
1038,156.0399069853323,0.10175457976677488,16.481064888722212,27.327834367752075
1039,156.22950791547896,0.10187989111196427,16.52625423983499,23.688522815704346
1040,157.0972128363242,0.10164298520495986,16.56099169743664,32.39693307876587
1041,157.80624070796094,0.10154760798448921,16.615381780462272,30.40483832359314
1042,158.72817830088132,0.10137213190464431,16.669227962657647,33.5427188873291
1043,159.2308965178725,0.10136319527459309,16.72253568303107,28.02772355079651
1044,157.7285875526938,0.10034956332184715,16.56531032620076,1.3737537860870361
1045,158.03130167716685,0.10035670598650102,16.59965722293875,25.118489980697632
1046,158.55098866039518,0.10030551987901697,16.64366065070936,28.348049640655518
1047,157.43547877379123,0.10057906042490765,16.547224044202267,6.162604808807373
1048,158.0611239860533,0.10066417891156766,16.631751803760245,29.46670699119568
1049,158.74051274619276,0.10054249287466438,16.675434285722645,30.28669571876526
1050,158.73310761873086,0.10061301731300634,16.688679942865416,21.38886523246765
1051,157.96577654254355,0.10094835055451043,16.641793143436765,10.966962099075317
1052,157.83611877711812,0.10083541877310324,16.615375212002398,20.003549098968506
1053,158.73775758934693,0.10075448394021093,16.689221459882372,32.958571672439575
1054,158.32038001345344,0.10094352029739001,16.672329245283546,15.600858449935913
1055,156.94717621331893,0.0999340850944161,16.51560595283071,2.8041183948516846
1056,157.21770445118574,0.09996735293912412,16.550449893302403,24.44494104385376
1057,157.78552740667388,0.09990225884898521,16.59494539436938,28.721540212631226
1058,157.91767213260715,0.0997804292429515,16.588995940425686,23.012371301651
1059,159.06849541128108,0.09962511579301282,16.663105981021427,36.369300842285156
1060,159.53781045716826,0.09964828211081085,16.716474921211212,27.505540132522583
1061,160.14243235259656,0.09956089019879366,16.7593101719991,29.50141716003418
1062,160.93100802907057,0.09961130640140824,16.85171707027911,31.989413022994995
1063,161.87169794877988,0.09936029137660984,16.88319989957632,34.39327692985535
1064,162.50298096929208,0.09934446624062152,16.944367900580556,30.13409399986267
1065,164.12795115959915,0.099243329270523,17.07492422157475,43.6402428150177
1066,164.18667164800314,0.09930971950722953,17.094174979359003,22.603264331817627
1067,163.73480493152312,0.09940905928694715,17.063233229565412,15.898897647857666
1068,165.0574568822079,0.09925956328867228,17.15260089726976,40.07783579826355
1069,164.8468823133858,0.09937807876689665,17.151074888297064,19.22681760787964
1070,165.89841349025193,0.09942133501626471,17.269564139414094,36.145323038101196
1071,165.28942935534943,0.09947474071372112,17.216868498019952,14.18479037284851
1072,164.94653506179594,0.09947235971879764,17.184699813039753,17.497345685958862
1073,163.787069711178,0.09949804428487496,17.072852814909353,6.562784910202026
1074,164.3491990140662,0.09950306384202622,17.13212428676026,29.647932052612305
1075,165.82570702392553,0.09943752038309313,17.260803043892658,43.63011646270752
1076,164.9674499536863,0.0998181451792622,17.208195013453732,10.601880311965942
1077,165.02777545414943,0.09981411577425321,17.216113063319195,23.257784128189087
1078,165.20749769960796,0.09979958117388772,17.233951932686004,24.71249532699585
1079,164.25542272261185,0.10023015679072028,17.171612413359142,9.820952892303467
1080,163.65286849538572,0.10038170137665924,17.12989628922555,14.019672155380249
1081,164.45633981043187,0.10044345813338446,17.228597326333293,32.75542902946472
1082,163.31177641232756,0.10083902355205061,17.13631135306996,6.7279839515686035
1083,163.17865864820428,0.10109729998319678,17.16494823953926,20.105947971343994
1084,163.07687206172224,0.10093600018597919,17.13329875714387,20.53442144393921
1085,164.37610334110502,0.10081401219777128,17.23196576957243,39.20399475097656
1086,162.842342307694,0.09980587207579357,17.069646111876708,1.5154085159301758
1087,161.49391888461705,0.0998792419264642,16.93894965075794,3.731555700302124
1088,161.63897969577087,0.09984635859810864,16.94956015425036,23.548638105392456
1089,160.61258989881316,0.10003433569009365,16.860064552707854,7.8160412311553955
1090,159.14646399982502,0.10046256376176414,16.721463907180777,1.789201259613037
1091,157.73499935982676,0.0994579381241465,16.56424926810897,2.553698778152466
1092,158.0076493662285,0.099436331715878,16.58860677542788,24.74523138999939
1093,157.00757287256621,0.0998212787435468,16.5127207076736,7.683892726898193
1094,157.15749714384054,0.0998114380491346,16.527593500596865,23.19707727432251
1095,155.75592217240214,0.09881332366864326,16.372317565590897,2.2685465812683105
1096,156.4183629506781,0.09881618142294782,16.438594389934988,29.31676721572876
1097,157.54417932117133,0.09868303819607893,16.514208446035635,35.9873993396759
1098,157.8387375279596,0.09897963027401119,16.59906636157528,24.958789348602295
1099,157.15035015268,0.09877635082520365,16.513075697959525,11.81114411354065
1100,157.3088466511532,0.0987134428082811,16.51794494097993,23.425534963607788
1101,157.68575818464166,0.09875194940583931,16.562765491570133,25.970325708389282
1102,156.18890060279526,0.09776442991178091,16.40713783665443,1.2097752094268799
1103,155.56701159676732,0.09806338135734395,16.373066458287887,13.059168338775635
1104,156.94134148079965,0.09800424925025515,16.48933579370501,39.10346794128418
1105,157.91192806599165,0.0978509784112959,16.54444243576796,34.29587936401367
1106,159.21280878533173,0.09784469084940517,16.668998011410277,38.51792788505554
1107,159.6606806974784,0.09784663609777386,16.712308031296175,27.025399684906006
1108,158.6940738905036,0.09813801100663738,16.635184950983213,8.60008692741394
1109,159.20713315159855,0.09829948803942815,16.71883310147338,27.927087545394897
1110,160.34506182008255,0.0981589840015247,16.791644770458642,36.5516037940979
1111,161.32161120188172,0.09806886702972652,16.863728322754053,34.93762493133545
1112,162.1483950898629,0.09823571934303581,16.985091039526512,32.44852590560913
1113,162.31691113896426,0.09820308281999651,16.995240129131247,23.76827311515808
1114,162.4237420275746,0.09820371095133412,17.005287727839935,23.02053141593933
1115,161.26950460729884,0.09913656745884206,16.935234850561535,6.3013246059417725
1116,162.57680956122584,0.09906985931850021,17.04588250205592,39.38317370414734
1117,162.47104146561358,0.09906600283057837,17.03542367703536,20.29694151878357
1118,163.51633105095743,0.09908657875732878,17.145069440265008,36.06881260871887
1119,164.11116774044785,0.09912710310428463,17.213618745862355,29.6781325340271
1120,164.3400560630434,0.0990449229823327,17.221482558403732,25.228251695632935
1121,164.20665550241296,0.09924652673264181,17.239267732819695,20.082743167877197
1122,163.6645889473888,0.09970860691986085,17.2368750554915,14.70043134689331
1123,163.67794305791492,0.09980242994157132,17.254506304936584,22.296854972839355
1124,164.02116362733577,0.09971349655124652,17.27196124188722,26.358475923538208
1125,162.4409519910624,0.09871636158573405,17.109241629468347,0.8413417339324951
1126,163.1465424711518,0.09854464861365353,17.138149213173662,31.15983486175537
1127,163.1950770464403,0.09857110688942175,17.146767721041925,22.383380651474
1128,162.5531262759759,0.09859549683062854,17.085300043831506,13.189096689224243
1129,162.47759501321616,0.09851276766877387,17.06444704339319,20.896177768707275
1130,162.67281906308398,0.09851665098109712,17.08380257295926,24.339064359664917
1131,162.02609087245312,0.09875597426720452,17.042964547229666,13.153910636901855
1132,160.4858299637286,0.09776841452453247,16.88253490175737,1.1198081970214844
1133,161.1009716640913,0.09787181146036823,16.963709552739797,29.51845669746399
1134,160.4499619474504,0.09793476001243122,16.904072457212397,12.560715913772583
1135,160.3954623279759,0.09818121886391981,16.935031732640272,20.41646456718445
1136,160.27150770469615,0.0984831904590644,16.96568141531387,19.999759435653687
1137,158.7687926276492,0.09949835855447375,16.826024601160732,1.4733028411865234
1138,157.3511047013727,0.09909161026304666,16.677764355149126,2.1345927715301514
1139,156.94759365435894,0.09912633518605722,16.640986711597634,15.450901985168457
1140,158.01811771781533,0.09908204153116634,16.73457684448166,35.24236178398132
1141,158.14793654063718,0.09896841409831082,16.72723107603684,23.01913595199585
1142,156.70645717523078,0.09940730138589915,16.589958765276474,1.9148542881011963
1143,156.77939260347847,0.0996937161769182,16.64405917762371,21.771167516708374
1144,156.34159867744367,0.09975872591780388,16.607618585847472,15.408496379852295
1145,155.62818269066923,0.09993760924686114,16.551542399988996,11.590487241744995
1146,155.68190086376256,0.0999320219742683,16.55602697598911,21.407029628753662
1147,154.88508185512492,0.10024849122820984,16.50046670622922,10.065194845199585
1148,156.84623103657367,0.10010070717062859,16.645462039166926,47.57706665992737
1149,157.99776872620794,0.09998205304009877,16.729007418775257,36.49911546707153
1150,158.89779103894585,0.10003061960647198,16.831717344587503,33.19595193862915
1151,158.92881312855638,0.10001796773139492,16.83340017114163,21.696857213974
1152,158.89952499727082,0.1002357367720297,16.865066169430214,20.766541957855225
1153,160.9805297472981,0.1001325619656173,17.036415507735914,49.476287603378296
1154,161.94072444982513,0.10002617798020237,17.106051352658554,34.4969642162323
1155,163.22131720532687,0.10006039895902102,17.244990839131965,39.087841749191284
1156,163.3191040332736,0.10010025739717647,17.262540930740645,23.13068151473999
1157,163.79591299294086,0.10018930221656965,17.329915521433236,28.461511373519897
1158,163.87795386301144,0.10035019989207836,17.366616366218903,22.994452953338623
1159,163.40917432438133,0.10020139874785843,17.302950202556712,15.616981506347656
1160,163.0950825811375,0.10033574839674347,17.289920700531145,18.17951488494873
1161,162.24413175532612,0.1004862370666222,17.217021493525834,10.477152824401855
1162,162.49169043777286,0.10055089341253351,17.254851278590575,24.877904176712036
1163,162.13677353339514,0.10088396715557353,17.26230276580467,17.34430170059204
1164,162.08540579806117,0.10095793003178849,17.26967973814662,20.94373059272766
1165,161.52455174008057,0.10117476582581023,17.236982940765156,14.093793153762817
1166,160.83930622267977,0.10156086762991771,17.204613111357503,12.419673681259155
1167,162.52091316045295,0.10130513737307141,17.29256698024393,44.148831844329834
1168,163.40570402884842,0.10112873938579488,17.33964131044149,33.71013021469116
1169,162.96164698855992,0.10112585535328147,17.296244897337072,15.791462898254395
1170,164.2420305186743,0.10100806759012666,17.3932824483637,39.090802907943726
1171,165.00961021348758,0.10091084998476482,17.449349623880064,32.27769160270691
1172,164.1195141113527,0.10095437306386455,17.364856127641264,10.107569456100464
1173,165.73831897023913,0.10071170049887007,17.451207566364854,43.88334774971008
1174,166.33093578053675,0.10077125016054803,17.526695490701204,29.974677085876465
1175,167.7876264227314,0.10056481971022459,17.611428535794193,41.69385528564453
1176,166.5097501585041,0.10080917151312234,17.495314250436248,5.229037046432495
1177,166.31465265691904,0.10116162401567819,17.530361107931885,20.183343648910522
1178,166.14150613034985,0.10142517556075631,17.555057496852566,19.907984256744385
1179,167.27009106904634,0.10141450803453941,17.66950692188404,37.623300313949585
1180,168.8773901583559,0.10110158246638914,17.732811852665197,43.493595600128174
1181,167.81861625677232,0.10151913807029668,17.655483734138546,8.635239601135254
1182,168.5504300942046,0.10149979731200034,17.72892889679716,32.25872993469238
1183,169.15492579326252,0.10144549802883668,17.781639607829188,30.735724210739136
1184,170.7833765353299,0.10136477798830736,17.923823211750896,44.34874939918518
1185,171.17554276997657,0.10130351116080523,17.95458497963339,28.277061700820923
1186,170.18378734227682,0.10167936493808606,17.885039129837054,9.394777774810791
1187,170.42194946885405,0.10179659190726191,17.936188738538682,25.909202814102173
1188,170.4977299741655,0.10184604171852638,17.956826851153295,23.98728108406067
1189,170.30275267442386,0.10195340911591064,17.95725858264176,20.060027837753296
1190,170.95972514767962,0.10186607841458203,18.007685996815344,31.808767318725586
1191,169.97012789620283,0.10209741763043621,17.92760913684719,9.586224555969238
1192,171.31042661724078,0.10180012766465817,17.97833304547872,40.5763897895813
1193,171.93732235106836,0.10185050245638765,18.058549715023936,31.303117036819458
1194,173.22794912755768,0.1018951203554118,18.207964217873695,40.41185665130615
1195,172.44566963628208,0.10192880073080506,18.135884575694956,12.689067363739014
1196,172.33121293991925,0.1020896369470995,18.154525729938005,21.329609870910645
1197,172.49790081052004,0.1021798516887396,18.192980472638624,25.63429832458496
1198,173.21292180241483,0.102223626942344,18.281050667912236,32.83693599700928
1199,173.39079258439068,0.10230086711271115,18.318240161233113,25.717719316482544
1200,174.40688465854677,0.10207785844158403,18.365057759620782,36.641693115234375
1201,174.3528158119613,0.10200382541929837,18.351407182024577,22.88506293296814
1202,174.1492876538417,0.10195781313913135,18.327893110204332,20.358887910842896
1203,174.43779477730328,0.10212050101759226,18.394614179102287,27.313920736312866
1204,174.86341682953022,0.1020670379429002,18.430668037311264,29.090205669403076
1205,175.52478266123492,0.10212520573774506,18.51636135693815,32.088892459869385
1206,176.69953483462257,0.10199132569401949,18.60119774336877,39.53754901885986
1207,175.66253948627633,0.10179333024529846,18.485185765935082,9.772877931594849
1208,176.34591409141356,0.1017999871067799,18.560333908275734,32.818159103393555
1209,175.20245495049943,0.10239489046151855,18.484730569192976,8.31682014465332
1210,174.81043040099445,0.10262094155690336,18.479883263501048,18.26770544052124
1211,175.88232609698449,0.10262310093566057,18.595084430866038,37.604979515075684
1212,176.21350283601464,0.10269734839520349,18.649133586557376,27.987165212631226
1213,176.52136780765449,0.10282979520110654,18.7126422506918,27.414398670196533
1214,176.97615412957794,0.1029276233752216,18.785515828184884,30.004822254180908
1215,176.69639258828215,0.10303928673878482,18.777660669903035,20.34797716140747
1216,176.26942866239932,0.10290441625945668,18.719884063204002,17.931328296661377
1217,176.3967343757753,0.10303939326088327,18.762685222571964,25.663116693496704
1218,176.47276703201757,0.10309595585001356,18.785058370346245,24.785773992538452
1219,175.24803936169738,0.10354647777299492,18.687207786642784,7.415387868881226
1220,175.46555896808042,0.1035262414216609,18.710335708776356,26.474501132965088
1221,176.02090337839962,0.1034000699165352,18.74323235168859,31.294511556625366
1222,175.4806943446156,0.10359557741409116,18.715800028171703,16.267614126205444
1223,175.42588740116943,0.10367726869877378,18.728642027889986,22.699374437332153
1224,177.73162852715774,0.10328089010045599,18.811355607611084,54.19213032722473
1225,178.57431224188616,0.10312594379487128,18.86324205153497,35.08465623855591
1226,178.5685691194673,0.10299356076141694,18.844609631019622,23.594712495803833
1227,178.0028834282726,0.10302919892429457,18.796163534709425,16.207934141159058
1228,177.95285459398988,0.1030393693627973,18.798201899362333,22.966554164886475
1229,177.11332604804997,0.10328557141385017,18.74021988036871,12.464853286743164
1230,178.53219278756947,0.10319315457118503,18.86281768156502,43.21794080734253
1231,178.12687085969378,0.10332064331532825,18.84418950474937,18.39038610458374
1232,178.26560215109683,0.10338118688217497,18.875747609701875,25.783448934555054
1233,178.56294612958587,0.10335699039796861,18.906990133604854,27.82963538169861
1234,179.29731666829002,0.10331548398605242,18.977920232268808,33.91032552719116
1235,179.8443435016071,0.103393440257303,19.058141029946118,31.087077140808105
1236,180.86590006659102,0.1032814916703328,19.137559619646655,38.07935404777527
1237,181.25724106592511,0.10320322220817493,19.16618402345019,29.219846725463867
1238,180.40466865526588,0.10342118998609319,19.104522183215686,13.096973657608032
1239,180.65062196871324,0.10336258784232982,19.123476961383528,27.287131309509277
1240,179.70411574902613,0.10384058987088327,19.072242191769693,11.515927076339722
1241,181.97707459153585,0.10358842475841522,19.211519769851993,54.47925519943237
1242,182.3173038456205,0.10361735532564588,19.25940457215347,28.950887203216553
1243,183.06413080716428,0.10339830239495752,19.286810526431935,34.38081693649292
1244,183.68348949909262,0.10342554386080385,19.363942421167614,32.79470443725586
1245,184.6166546041017,0.10322161333194312,19.410302996955938,37.08126950263977
1246,184.72048805806068,0.10321503822426471,19.426199966986378,26.083401441574097
1247,184.76328317748005,0.10329399895313317,19.451937967316514,25.209272384643555
1248,186.92565034570524,0.10295931332769162,19.54741858764335,53.78834080696106
1249,188.33639384224819,0.10293581775539032,19.691944401766914,44.076735496520996
1250,188.2730299038257,0.10278558045695729,19.665024957749246,24.2773597240448
1251,188.35029960478744,0.10282915322381629,19.688374708171754,26.12097477912903
1252,188.34679660873957,0.10297107445753557,19.721490961090037,25.048360109329224
1253,187.66332864265215,0.10335803037962688,19.704276051479138,16.016477584838867
1254,187.48669535622562,0.10326562654641884,19.67723329096435,23.073429107666016
1255,189.43182840266337,0.10299213258461958,19.780460958054707,51.065988540649414
1256,188.59751011863673,0.10328296597575451,19.73265634847416,14.196138858795166
1257,187.97153501745035,0.103281882347743,19.67532978498942,16.814751863479614
1258,189.42181966727586,0.10299981427501632,19.738576487139525,44.48513984680176
1259,189.6376014706031,0.10301247016070218,19.77119072226813,28.19403624534607
1260,189.1712254558971,0.1033110167877665,19.773478815045447,19.28258752822876
1261,188.6295132013381,0.10316679550877772,19.70574402689499,17.854564428329468
1262,188.98321806932475,0.10307262755368994,19.72868658662604,29.987223386764526
1263,191.0033858886315,0.10283474015283335,19.85139972075978,52.020893573760986
1264,190.44335202974517,0.10284342978834204,19.80288572355218,18.021158456802368
1265,191.43891850944772,0.10260809893873449,19.844856866316658,38.64210247993469
1266,191.10452932435325,0.10284784073415727,19.85640829765349,21.16798496246338
1267,190.8934840311097,0.10293700938563922,19.857844214676955,22.427969694137573
1268,191.2945491907986,0.10290331028745382,19.899265772530185,30.94570255279541
1269,189.93160369889063,0.10314700445730655,19.78027311480488,7.325011730194092
1270,189.5422876619017,0.10317513706174011,19.752470383656835,20.23583674430847
1271,189.99686478528267,0.10307955590388868,19.784945679820268,31.94190287590027
1272,190.17689613742985,0.10315452957561902,19.827096223022064,27.690741539001465
1273,188.75512717605554,0.10337298427986283,19.698825260791843,6.526998519897461
1274,188.167575904295,0.1036469467447565,19.681837008183923,17.277820348739624
1275,187.65590014525205,0.10377836048898777,19.655018638102085,18.350680351257324
1276,188.89934114379952,0.10363801278153378,19.748468451721063,42.121142864227295
1277,188.3603477323615,0.1038608919129777,19.730983767203853,18.00697350502014
1278,188.45674425503788,0.10403440420596913,19.783673929531815,26.38996934890747
1279,189.2021768124875,0.10398265331980297,19.855837190236496,35.105010747909546
1280,189.98015504436262,0.10387915637461992,19.917278818334132,35.48114562034607
1281,188.76035349391898,0.1038697765755796,19.79810603015079,9.112305164337158
1282,188.5927499589798,0.10387759043773077,19.790124969849284,23.13248348236084
1283,187.88682245939,0.10402525521131956,19.74222372015079,15.775625705718994
1284,188.58795423479611,0.10387647552742342,19.78480148294928,34.70896863937378
1285,188.06207469244816,0.10408771077214919,19.766953468119787,18.104934453964233
1286,188.62145394552368,0.10415339104147688,19.849283933438592,32.61829686164856
1287,187.28523940606846,0.10438458440378938,19.730791094104205,7.271477699279785
1288,187.30238701200776,0.10461057982959275,19.783483183163163,25.190402507781982
1289,187.74936314188767,0.10451274989336579,19.815648351331532,30.99699640274048
1290,186.0618695104688,0.1039939381839058,19.637491867818216,2.555804491043091
1291,187.3412508153641,0.10378202427977375,19.711116949140035,41.89373064041138
1292,187.43783830721046,0.10386095530601154,19.744005779648635,26.611452341079712
1293,187.16345992413835,0.10382234575295142,19.71656572185215,21.785879135131836
1294,186.91182532489697,0.103895233406533,19.709400064633627,21.562870264053345
1295,187.55270707164797,0.10381245637127245,19.76230606398729,33.42856431007385
1296,187.7871800009315,0.10372219910613792,19.774683003347416,28.335202932357788
1297,188.14930820092218,0.10357783425793368,19.786936173313943,30.15861415863037
1298,186.38781511891295,0.10504205591535434,19.629066811580802,1.629636287689209
1299,187.17393696772382,0.10501050328072911,19.712776143464996,35.033570528030396
1300,187.83219759804658,0.10506711761551076,19.805648382030345,33.80404329299927
1301,187.97387562206612,0.10515506030074179,19.84759189821004,26.963172435760498
1302,188.46413686584546,0.10507397383275546,19.889115979227938,31.599759817123413
1303,188.369495497187,0.10530815029554522,19.930224819435658,23.79152798652649
1304,188.16580054221512,0.10520744974497072,19.900922571241303,22.418007135391235
1305,187.13414253679298,0.10544949289457983,19.82191334552889,11.095601797103882
1306,187.91280111142504,0.10537613004110573,19.8936942120736,35.47931981086731
1307,188.42367310031076,0.10524287083274488,19.924757269952867,31.87207794189453
1308,189.00943636930765,0.10516210204344577,19.975509697253337,33.470059394836426
1309,190.27934200561458,0.10493326583313789,20.0457546002808,42.30072855949402
1310,191.21654858555843,0.10472900359734172,20.095297054277992,38.20554757118225
1311,190.80438309970285,0.10461504689470162,20.04434408373521,19.988234996795654
1312,189.2163392687058,0.1048188964257546,19.89390064289786,4.098004579544067
1313,189.10417587601876,0.10489430296711505,19.904961636468883,23.95718240737915
1314,188.93313411725856,0.10512442970488575,19.935912020104194,23.241164684295654
1315,188.02380277608597,0.10519563438742872,19.856552899903154,13.36285948753357
1316,187.5735647483251,0.10533248923236563,19.83798737090412,19.27959442138672
1317,186.94782910084186,0.10539916434004197,19.789607497195078,16.757168769836426
1318,185.72835080983344,0.10557594192741078,19.681711422223128,8.733735084533691
1319,185.95106730173512,0.10557787481582898,19.714894308000897,27.969272136688232
1320,185.32155662871776,0.10574160826279264,19.677745364920888,16.399389028549194
1321,183.90834106243057,0.10604782854380107,19.55096791127168,5.83196496963501
1322,184.78925765180625,0.10601676202306894,19.645458232158962,36.48721742630005
1323,184.42136507528818,0.1061052430514869,19.629003649837372,19.76185417175293
1324,185.80715142453528,0.10584914418134354,19.702713613338997,43.26030778884888
1325,185.72907991028993,0.10585806846986719,19.705686477205607,23.921914100646973
1326,185.40178911118701,0.1059759583734038,19.698629612433553,20.516791820526123
1327,185.27777122007512,0.10572544734458306,19.651643316309215,23.04451060295105
1328,186.10499350787438,0.10567565555770439,19.735126883146123,35.72850847244263
1329,186.53394357279564,0.10588527454797887,19.837775614314662,30.365143537521362
1330,187.51860413706768,0.10584396566214821,19.939397858171517,38.12749433517456
1331,188.423418095697,0.10582869147315262,20.040003879589804,36.91593027114868
1332,189.34918391474002,0.10580243302817198,20.139603840793907,37.63319993019104
1333,188.80569207559262,0.10578144573492729,20.088207802385966,18.258357763290405
1334,188.89763515483668,0.10568322723717398,20.087325724362106,26.398616790771484
1335,189.3986588032883,0.10546321504848424,20.096452467118485,32.10393261909485
1336,188.34467221525543,0.1051228686122851,19.9654879424473,11.185375213623047
1337,187.66122549310285,0.10507163992616225,19.895833063022828,16.698342084884644
1338,187.97461323817183,0.1050254897369463,19.926874732392598,29.169212102890015
1339,187.46486710579012,0.10499713264979582,19.87760598506867,18.229315996170044
1340,187.0402184347322,0.10532647166812545,19.888829925217983,19.379403829574585
1341,186.41981625038488,0.1055532069514442,19.859941625965806,16.69325065612793
1342,187.03561808788103,0.10550573939805878,19.92134220970615,32.89260768890381
1343,186.50526190700222,0.1058685924518394,19.922128787609086,17.89344835281372
1344,185.91020928793222,0.10614848920448636,19.902907499732994,16.895941972732544
1345,186.3311071950529,0.10622735518963447,19.973878424735663,30.843698978424072
1346,186.27779612310238,0.10627005401342873,19.98413964048831,24.092004537582397
1347,186.87501816187137,0.10614231282288794,20.024298244083425,32.97078490257263
1348,187.60626798025265,0.10596550507927445,20.06405526164259,34.71947908401489
1349,186.53020530045015,0.1057808500284817,19.94341470902616,10.997771739959717
1350,186.75490324744564,0.10587136688704855,19.9939805619359,28.10647463798523
1351,188.37735421497118,0.1057009053671752,20.11404075631654,46.82263255119324
1352,187.90358067282145,0.1059204920581843,20.102900348753376,19.124778032302856
1353,189.37454486609323,0.10575680952566216,20.21187134526584,45.8951690196991
1354,189.2707994174323,0.10548136433543348,20.15975263181318,24.000084400177002
1355,188.37809142325798,0.10532655069207915,20.05815510549505,13.433393955230713
1356,188.2143105090254,0.10537793634794905,20.057573554440097,23.043127298355103
1357,188.49216740393516,0.10529637920669178,20.076997818895695,28.812962770462036
1358,187.1072457298958,0.10544341541462487,19.946227840706737,6.676772594451904
1359,188.48617327259683,0.10531205818355556,20.056765562299667,43.28606462478638
1360,188.87131153987087,0.10527215346075083,20.096197906676668,30.699750661849976
1361,188.25259842447218,0.10555801460330869,20.0752359276099,16.900373220443726
1362,189.10007244022745,0.10556470551954666,20.1744835683338,36.57150197029114
1363,189.21907171582515,0.10555383458375418,20.19273873265046,27.211451292037964
1364,189.9868809986669,0.1055133338319016,20.270811345323956,35.475390911102295
1365,189.14701218868024,0.1055902759652807,20.198103231870714,14.187289476394653
1366,189.09554206679343,0.10567567755345397,20.216122199552007,24.472363471984863
1367,188.4245866461255,0.10593039618775549,20.183960977556488,16.371771335601807
1368,188.73034077966423,0.10605830683775007,20.252121367780923,29.60037851333618
1369,188.7430373718676,0.10589246061147783,20.229600154103114,25.20234751701355
1370,187.94560699814892,0.10602619655582177,20.16730415256208,14.721734046936035
1371,187.15615092816742,0.1060668520214562,20.09563111103646,14.456072092056274
1372,185.80458941888577,0.10616002965508779,19.964674799926097,6.850951194763184
1373,184.77654352469693,0.10654421249106703,19.895028051926836,10.960009574890137
1374,184.43877808944995,0.10653837301516299,19.866077771407568,20.36546802520752
1375,183.71439030855547,0.10654441785643992,19.797416993693492,15.388638734817505
1376,184.0472464054699,0.10658496446128567,19.849442823756558,28.776285886764526
1377,184.6267739414152,0.10655217266791248,19.910948395518993,32.366162061691284
1378,183.72050620200105,0.10697601264336101,19.8618389115638,12.466184377670288
1379,183.98330113998102,0.10685863346930835,19.873220522448165,28.175745248794556
1380,184.55346812858122,0.10653693510142025,19.864488317223685,32.26177930831909
1381,183.0779334472954,0.10628237656121686,19.70584343405145,5.024545431137085
1382,183.42715411282245,0.10627459866716432,19.74878499971093,29.48261547088623
1383,182.87288257169422,0.10653997768049267,19.73129714971382,17.11830997467041
1384,182.90415374597728,0.10611973919401031,19.663984178216683,24.802998542785645
1385,183.12511220851752,0.10622927350938728,19.717344336434515,27.269693851470947
1386,183.89386108643234,0.1060515961589088,19.760170893070168,34.876068115234375
1387,184.474922475568,0.10623074961880732,19.872569184139465,32.488682985305786
1388,185.83017325081232,0.10607469212261925,19.97384349229807,42.788536071777344
1389,185.64187151830419,0.10621154999181222,19.98410505737509,22.598876237869263
1390,185.66545280312113,0.10626645576848984,20.004264006801336,24.97803544998169
1391,185.4487982750899,0.1062403765766586,19.984221366733323,21.899340867996216
1392,185.494310292339,0.106177972810892,19.984379153065987,25.282682180404663
1393,185.75936718941563,0.10615392893183968,20.014535361535327,28.6124107837677
1394,185.33177351752147,0.1062112707614024,19.984390007919973,19.072198390960693
1395,185.12845578234626,0.1061794610840914,19.964546107840775,22.16900658607483
1396,184.7671712245228,0.10645994835244513,19.974900646762368,19.700077772140503
1397,185.29949951227758,0.10627770181009714,19.995151640294743,31.93450140953064
1398,183.4765045171548,0.10521492479199618,19.805200123891797,0.3798949718475342
1399,184.09173947198326,0.10522400003387213,19.87714812265288,33.18782043457031
1400,184.66082207726342,0.10520910443187365,19.938376641426352,32.08410859107971
1401,185.73421385649078,0.10508167092180148,20.01899287501209,38.90847086906433
1402,185.59687171792586,0.10507736584049045,20.00880294626197,22.831883192062378
1403,186.32090300074663,0.10495682474022508,20.05871491679935,34.933972120285034
1404,186.15769397073916,0.10484843296341106,20.028127767631357,22.469711542129517
1405,185.46611703103176,0.10491105974488805,19.967846489955043,15.80575180053711
1406,185.44145586072145,0.10506413493978889,19.99816802505549,24.477860927581787
1407,185.37704130211424,0.10513081202614519,20.008186344804937,23.905493021011353
1408,183.69327088909307,0.10466773920000139,19.82810448135689,2.210476875305176
1409,183.02633818020212,0.10473217291911248,19.76982343654332,15.589312314987183
1410,182.24607479840012,0.10482770833277849,19.702125202177886,14.28372573852539
1411,180.8136140504161,0.10506148253150198,19.565103950156104,5.162671804428101
1412,182.08547790991196,0.10498489368021294,19.67945291065454,41.31269311904907
1413,182.03462313081286,0.10472600519538822,19.632658381547994,23.479657888412476
1414,183.43427689950474,0.10448619855958341,19.706331797732513,43.44553565979004
1415,183.1899341305097,0.10438473280040267,19.66926847975519,21.235445737838745
1416,183.83803478920458,0.10434894998852767,19.73257579495764,33.00660276412964
1417,182.36965444131255,0.10438654156972348,19.585250037008063,4.960901260375977
1418,181.94595789689942,0.10448553329688338,19.559397536637984,18.61745834350586
1419,181.6064983179304,0.10472446174769834,19.563803561271605,19.523533582687378
1420,181.8404333347511,0.10475038786192867,19.59816552565889,27.80274748802185
1421,181.1520290014036,0.10476483088596424,19.5321838704023,15.078021049499512
1422,182.49050871138957,0.1047330555929776,19.666862031698276,42.279443979263306
1423,183.63560362427566,0.10469582604714885,19.78019341138129,39.604674339294434
1424,183.4492475880329,0.10492159505940463,19.802391477267477,22.373413562774658
1425,183.6647551121526,0.10484798886490813,19.8143675624948,27.257248878479004
1426,184.31810756103107,0.10492400696822693,19.906223886869853,33.29200291633606
1427,183.79492648542075,0.10493537295915073,19.857161648001153,17.723088264465332
1428,182.34697722056652,0.10542448076802076,19.72859003152114,5.161522150039673
1429,181.63350744836086,0.1057215873116919,19.69130413120593,14.82706880569458
1430,181.56717237387724,0.10592151429571783,19.72439108989387,23.771962642669678
1431,181.48150065013846,0.10613397545333869,19.75714717899493,22.9836483001709
1432,180.86668564363706,0.1060726356988053,19.68957570720498,16.305018663406372
1433,181.5580187872007,0.10601190934181726,19.752679950132933,33.65780186653137
1434,183.7724385993287,0.10584509049653804,19.925153150631605,54.214991092681885
1435,184.6847142133354,0.10591391231884538,20.04590161912529,36.66645383834839
1436,185.87786707120205,0.10571003635355165,20.115442602934035,40.34122157096863
1437,186.70908840049003,0.10561947874094552,20.184288176904694,35.93796706199646
1438,185.68199751648513,0.10575376014401225,20.092445295135647,11.305939435958862
1439,184.21517754132026,0.10597827382462341,19.95152084218429,5.1889097690582275
1440,184.44302576590704,0.10607791137623225,20.002005633762447,27.594979763031006
1441,185.25859550824796,0.10606976384141731,20.091985577424822,35.68331050872803
1442,185.60600955316548,0.10591815711209406,20.101065721650574,29.603718519210815
1443,185.20994945763383,0.10616034540398682,20.100055064434066,19.352646350860596
1444,185.84784996305748,0.10610275801420398,20.159054513789727,33.182700395584106
1445,185.50937146342693,0.10616015148669351,20.13746396865183,20.494282722473145
1446,185.46427774879265,0.10625877096630172,20.156089328965308,24.209990978240967
1447,184.34963497130474,0.10641239947285493,20.054528435675657,10.011831045150757
1448,184.0361386215917,0.10652474606636167,20.0439831513189,20.780003309249878
1449,185.16577723537577,0.10633491948111892,20.11354331980571,39.482746839523315
1450,185.58411946302203,0.10619668041846633,20.132407886607652,30.20059871673584
1451,184.91827826839182,0.10631118420251696,20.081083807741575,16.008283615112305
1452,183.8390954857079,0.10654677365919309,19.990272969664158,10.286888837814331
1453,183.84070453085081,0.10624217548781856,19.940370239967514,25.14970827102661
1454,184.7222974855423,0.1061724007917639,20.02096653756784,36.26404666900635
1455,185.01507451068687,0.10609198519506122,20.040756872192162,28.858046293258667
1456,185.17492376558,0.1060260902187325,20.05034930347024,27.847772359848022
1457,185.16317452792418,0.10599843801219734,20.04984581043554,24.670952558517456
1458,185.59154278264495,0.10590336591277712,20.079347352331183,30.21249532699585
1459,186.9456273548185,0.1056231484530263,20.138553878807873,42.91297149658203
1460,186.9661710812703,0.10551929792087698,20.127168340019796,25.29322123527527
1461,185.9065093704576,0.10545175926265588,20.0158966566196,11.033560514450073
1462,185.97744427675303,0.10527807068557335,19.995737690053403,26.24473786354065
1463,185.4176698339855,0.10522528997871762,19.93578031315287,17.230154752731323
1464,186.30349313564565,0.10508544583805453,19.99642251002134,36.68212366104126
1465,187.5104582042892,0.10507693665654695,20.126458284921124,41.350565671920776
1466,189.0553536222463,0.1049326000385195,20.245193702071912,45.573264837265015
1467,189.09480008602384,0.10471228958217575,20.212741765051195,26.179996490478516
1468,190.5338520851636,0.1045660675872549,20.32061434740068,44.43236494064331
1469,191.06851356431196,0.10462696428843152,20.397408203926677,32.693873167037964
1470,191.09782842866883,0.1047147152641039,20.42343412188741,25.938735008239746
1471,190.88685014438212,0.10466756811146287,20.399199780668535,23.12022066116333
1472,189.4079816429383,0.104086008709418,20.22520778286185,5.736569404602051
1473,190.1139018265089,0.1041220716992469,20.312955705033232,34.64874482154846
1474,188.8327628082438,0.10469375420806087,20.2198261479829,8.31001901626587
1475,189.82443518016137,0.10465376111042471,20.31762788650307,38.33094811439514
1476,189.44619082835976,0.10465985507826783,20.284451607638044,20.553203582763672
1477,188.82172892007617,0.1048730990471702,20.251607091561663,16.759034872055054
1478,189.0935116308754,0.10470399768632813,20.249091020646045,29.129659414291382
1479,189.56257651456667,0.10467390686200721,20.296600110439584,31.864283561706543
1480,187.74695074942102,0.10362716779338714,20.10363410933519,1.1320600509643555
1481,187.3094812419268,0.1035631183376755,20.052597768241835,19.13616371154785
1482,187.7863864295075,0.10333599779259661,20.052071790559417,31.7337384223938
1483,188.06852256521242,0.10327486003689286,20.071551072653822,28.768853425979614
1484,188.9778373395603,0.10306648419638055,20.11083556192728,37.40038061141968
1485,189.45805896616469,0.10309067167509185,20.16972720630801,31.4111967086792
1486,189.63347837650304,0.10307425771196412,20.18802993424493,28.0452401638031
1487,190.49714359273798,0.10287684846817781,20.22614963490248,37.038023710250854
1488,189.94217215681059,0.10325548739090344,20.223888138553455,17.96432113647461
1489,189.49275043524247,0.10339534631009786,20.20164925716792,19.39647626876831
1490,187.68782293089004,0.10236139284699688,20.00963276459624,1.181764841079712
1491,188.62094470158112,0.1023698073882778,20.10953643695028,37.39698910713196
1492,188.45473525456532,0.10250890001206944,20.118441072580776,22.930123567581177
1493,189.28018790201966,0.102406320237041,20.17725666185497,36.54238271713257
1494,188.55738602299945,0.10249336814578168,20.11548409523642,15.79622220993042
1495,189.13181216276948,0.10252534503342955,20.184329254284055,33.1790452003479
1496,187.78049404114176,0.10279638787939155,20.062485961741213,7.217874765396118
1497,188.85268910073034,0.1027175765429705,20.1518611021238,39.462212324142456
1498,189.49416220972304,0.10244138891983329,20.15034249110256,33.65167737007141
1499,188.8492205876258,0.10269697503063496,20.118839066191537,16.688992738723755
1500,188.00072838174955,0.10263154374186707,20.02765067552962,14.072843313217163
1501,188.21072109793207,0.10265785988339578,20.057374168774324,28.03925919532776
1502,189.43861388695277,0.1025959115096422,20.166800427086578,41.54780983924866
1503,189.44422774808325,0.1025173208155984,20.155132422815715,25.624999046325684
1504,189.8697854706024,0.10256973381433897,20.21358109858756,30.88164448738098
1505,190.0510876158964,0.10260172878388787,20.241445287601685,27.72548508644104
1506,189.46057673973743,0.10279708554185052,20.20903083472567,17.607902765274048
1507,189.22597097234006,0.10309441589125129,20.236940526378415,23.34363889694214
1508,189.28371126261666,0.1030891127579798,20.24457112111463,25.829386949539185
1509,189.5008741499905,0.10314826902376494,20.282125409903482,28.343835830688477
1510,189.8458654084906,0.103143572047813,20.319304155804446,29.901766538619995
1511,188.0574067544057,0.10302122723642579,20.1361111142464,1.493849515914917
1512,189.33683268686164,0.10290873648304887,20.234750003103937,42.47980189323425
1513,188.80346435999303,0.10290906088292426,20.182402503072897,18.109456777572632
1514,190.0354297163931,0.10280945745358219,20.28057847804217,41.57378053665161
1515,189.59507541922918,0.1027402669886354,20.227772693261745,19.47402858734131
1516,189.8591246650369,0.10277767913356387,20.265494966329126,30.12448763847351
1517,190.29053341838653,0.1028657821705544,20.332840016665834,33.99572253227234
1518,189.75762808420268,0.10285902215906785,20.279511616499175,20.38800573348999
1519,189.20005180336065,0.10302446178822343,20.246716500334184,20.234933614730835
1520,190.07805128532706,0.10293284532918597,20.314249335330842,40.93028473854065
1521,190.75727077247382,0.10283374943403364,20.361106841977534,35.590436697006226
1522,190.79969806474907,0.10293361706789844,20.38749577355776,27.07891821861267
1523,190.49170108410158,0.10309178089721945,20.38362081582218,21.69909143447876
1524,191.14678407326056,0.10292023808824724,20.40978460766396,34.98137974739075
1525,191.71531623252795,0.10293942280413897,20.47568676158732,34.02059817314148
1526,190.84816307020267,0.10286240952847853,20.380929893971444,14.588672876358032
1527,191.61968143950065,0.10272930782125345,20.42712059503173,37.57474613189697
1528,191.58348462510563,0.10271265304091326,20.422849389081414,25.67178463935852
1529,191.91764977885458,0.102574415399393,20.4286208951906,30.790164947509766
1530,192.59847328106602,0.10258713278386061,20.504334686238696,36.523619174957275
1531,191.34248854825535,0.10275529130676828,20.38929133937631,10.231497526168823
1532,189.5590636627728,0.10249696916293137,20.205398425982548,2.160651445388794
1533,190.83347302614504,0.10232373448707494,20.283344441722722,45.84096932411194
1534,189.4851382958836,0.10272906857077561,20.170510997305495,8.135607242584229
1535,189.15028691292474,0.10285562403891402,20.15880588733244,25.663936376571655
1536,188.98878404379548,0.10292533369447864,20.157217828459117,25.475855112075806
1537,189.77889620335753,0.10294085647693683,20.245645650174524,36.385910511016846
1538,188.64110724132394,0.1033588163332201,20.16318919367278,10.184619188308716
1539,189.3646961689107,0.10320645422352774,20.20155730173605,34.78411912918091
1540,189.0710492072216,0.10317438968129246,20.16954172871869,21.339996576309204
1541,188.66033871514935,0.10322372686556061,20.137846311431506,20.076172351837158
1542,188.62373532799785,0.10316446256987798,20.12646784831719,24.678902864456177
1543,188.80749797471788,0.10309900151905842,20.135203169834018,27.683147430419922
1544,187.8194229949707,0.10317912261497894,20.043851138135675,12.100836515426636
1545,187.45122876502097,0.1033393843689616,20.03341262675432,20.100961446762085
1546,187.26671647737075,0.10343025088030158,20.033078500486777,22.97616720199585
1547,187.01404931259705,0.10350705948260967,20.02274771548191,22.01939058303833
1548,186.80390881947108,0.10349608527332574,20.00252023832709,22.159850120544434
1549,186.63586973127636,0.103578771479416,20.00249503594382,22.72256302833557
1550,187.4295110339636,0.1035204273736444,20.07247008558438,35.57130026817322
1551,186.47521592362395,0.103680875273821,19.99174538472854,12.265438079833984
1552,186.22046376438772,0.10388630254592751,20.001827930881255,21.94899344444275
1553,186.05825912674382,0.10402391010870353,20.01180965157244,23.074570894241333
1554,186.48767653547637,0.10416271030892653,20.09169155505672,30.4774112701416
1555,186.8727997701216,0.10400997209472615,20.100774639506152,30.092533826828003
1556,187.53407177242036,0.1039184889745694,20.149766893111092,34.14915323257446
1557,187.88873105469614,0.1039555372686802,20.19826922417998,30.002367734909058
1558,187.62984374414918,0.10390363621698105,20.166286531938184,21.843818426132202
1559,188.2435453067077,0.10374813399135742,20.194623666618803,33.246697664260864
1560,187.45110985364062,0.10399505632116861,20.142677429952613,14.794405937194824
1561,186.7665987551042,0.10421560995963759,20.101250655653086,16.33125638961792
1562,186.65893276755315,0.10436663567822303,20.120238149096554,23.498380661010742
1563,186.3623434398776,0.10434207760169559,20.08903576760559,20.971853256225586
1564,187.01872000547883,0.10421135523837703,20.128145409929534,33.751771450042725
1565,188.25853280542404,0.10406956322940161,20.216863955830238,41.864781856536865
1566,188.67594747736982,0.10407234585797716,20.264695316271936,30.93084144592285
1567,187.7691880025961,0.10435815301164228,20.202048363109217,13.042484045028687
1568,188.40149612257014,0.10427074678033063,20.250027879478125,33.72579860687256
1569,190.10748116134442,0.10403583875542426,20.347527600683346,48.30306816101074
1570,189.29640634973097,0.10427988403759478,20.29405232467651,14.679443359375
1571,189.48344228623367,0.10419862365875729,20.301111801429744,27.90134620666504
1572,189.69860786337134,0.10419929145060573,20.328100683415446,28.983318328857422
1573,191.18162178473762,0.10413362989704641,20.464819676581293,45.59128737449646
1574,191.18980556689021,0.10418604359807596,20.48017147981548,25.58635926246643
1575,190.3779075112213,0.10432600134391339,20.415369765017324,14.70346713066101
1576,189.7441284361091,0.10470006416511993,20.40121606736715,16.856432676315308
1577,189.336687151748,0.10472688902682444,20.367203906693483,19.950657844543457
1578,189.48332028023052,0.10466001229341892,20.37353186762655,27.16066288948059
1579,188.6184870774282,0.10487554809281484,20.309796548950285,13.95159387588501
1580,188.41230220665392,0.10483869737379145,20.286698583460783,22.697447061538696
1581,188.33817918458737,0.10484003415695961,20.283831597626175,24.13132643699646
1582,188.3747973927415,0.10483330048205668,20.290993281649914,26.06251287460327
1583,189.02104941881407,0.10449642992782898,20.278083348833416,33.71660256385803
1584,187.7008389246259,0.10485497440048051,20.165302515345083,7.623981952667236
1585,187.68383053537966,0.1052042741188413,20.23364949019163,25.0986111164093
1586,189.34699223002585,0.10505618617991276,20.361312995289712,47.35551738739014
1587,189.9535223077256,0.10516562431811363,20.457699865336814,33.50740838050842
1588,188.58398708464833,0.10543472279191363,20.333122866683443,6.939807891845703
1589,188.83814721380182,0.10554859986305991,20.38979163801661,28.740315198898315
1590,189.1097657416638,0.1057431138644293,20.465893721636444,28.793670892715454
1591,190.60866808424714,0.10548214290277617,20.54123478442008,45.08742690086365
1592,189.4125814034047,0.10583577217797376,20.445822436575877,9.489971160888672
1593,189.52845558937062,0.10592169306315918,20.481364212210117,27.073597192764282
1594,188.6431710334769,0.10595158504341869,20.396550570088017,13.401451826095581
1595,188.28673932314214,0.10606853978121979,20.38258506438714,20.416956901550293
1596,188.1838719299107,0.10613144988902556,20.38875921374327,23.9270281791687
1597,187.9320332106116,0.10629712925516599,20.394871621605837,21.71175765991211
1598,188.40271287850547,0.10625543455835901,20.44092290538978,31.42883586883545
1599,187.88868574972042,0.10628777072372432,20.396513676335882,18.65307879447937
1600,187.0497988922232,0.10637873917033323,20.322548539572523,13.904710054397583
1601,186.96930090330096,0.10637640429259639,20.319323054176795,23.763692140579224
1602,187.21960789426797,0.10625603647608552,20.32612982363503,28.40096688270569
1603,188.12741181532527,0.1061646991329074,20.40286852539868,37.29304599761963
1604,187.05613769717203,0.10621416325268943,20.298839840144694,10.883644580841064
1605,186.36557632020032,0.10650795382355237,20.265851441743248,15.78260087966919
1606,186.1019205569983,0.10663037428531684,20.263192927325814,21.291292667388916
1607,184.7209013514283,0.10681407054246367,20.130560998052555,6.416304588317871
1608,183.943692337914,0.10686742516414183,20.059255388072028,14.659910202026367
1609,183.39425541453485,0.10703906099001978,20.02866283419131,17.098958730697632
1610,182.5403128603895,0.10688703772705835,19.928376205849396,12.857386350631714
1611,182.7049097317856,0.10687344373169731,19.9490924437909,26.514071464538574
1612,181.73786063446775,0.10696749999205475,19.85960151935299,11.637126922607422
1613,182.94048202812309,0.10669252697888917,19.91100550415946,40.612393617630005
1614,182.03107720784183,0.1066038625786655,19.811895449117866,12.500560998916626
1615,182.15076643576342,0.10667184457143555,19.843776494626688,26.148255348205566
1616,182.7392587714058,0.10668396429999505,19.91533872968042,32.06461477279663
1617,182.07186618369172,0.10673781431216751,19.85618534238362,15.730559587478638
1618,180.3811475218548,0.10643966693827661,19.67762348895978,1.7860629558563232
1619,180.49733604663626,0.10626068693556051,19.660847254070184,25.566476345062256
1620,180.8223626861699,0.10632484062958518,19.71423878152948,28.511207580566406
1621,181.4141390593082,0.106303258889956,19.77709639371419,32.201069831848145
1622,180.92999766871515,0.10629285788000381,19.729325429777045,18.183854341506958
1623,181.120697692028,0.10637992930120377,19.77203217547927,27.090815544128418
1624,182.7594907151077,0.1062436662400758,19.904311853724476,46.16997790336609
1625,183.0718958079566,0.10634945387674045,19.965268735187234,28.473790168762207
1626,183.39117684987704,0.10630921515192654,19.995616047835362,28.93065643310547
1627,183.42726508137827,0.10620868984532705,19.98565988735701,25.087883472442627
1628,184.73299243056448,0.10594278129082282,20.04580328848344,41.98250460624695
1629,185.43566250625884,0.10586374563477734,20.105345255598607,34.488566875457764
1630,185.44130588119626,0.10571908667305321,20.08429180304262,25.051252365112305
1631,185.7768928223843,0.10562079991591172,20.103448885012195,29.429837226867676
1632,184.22912389416047,0.10585491449739777,19.952414396162073,4.106369495391846
1633,184.54683265521885,0.10576858757464601,19.97289025220045,28.664031267166138
1634,185.20136432866667,0.10567090169889955,20.023161349678446,33.518245697021484
1635,185.95935068538,0.10557204708804081,20.08292973618166,35.0713107585907
1636,185.6197571785262,0.10556895819610777,20.052100438819846,20.252506494522095
1637,184.54355960674096,0.10579531989619798,19.961579434431645,10.8412926197052
1638,183.31812401067356,0.10570510863271985,19.831963640087327,8.485897541046143
1639,183.31494277056683,0.10579559852999922,19.85364400368645,24.478147745132446
1640,183.15179334286114,0.1057556066165555,19.835107563649586,22.47615909576416
1641,184.79027540943252,0.10547614853309888,19.916756488013093,46.43180227279663
1642,184.9423726553382,0.10572138704776789,19.98758892313296,26.777609825134277
1643,185.6929489287848,0.10562571163882867,20.047713033901633,35.05707931518555
1644,185.24601943949696,0.10556236232385882,19.997235903562615,19.62815284729004
1645,185.70355924510199,0.10532924952313105,19.997263544526987,30.774514198303223
1646,184.69652365265097,0.10568772173378209,19.927290909081716,11.5636727809906
1647,185.38955841612446,0.10557572640620805,19.9780179999909,34.1269907951355
1648,185.7356628319632,0.10556542368760051,20.01823781999099,29.473123788833618
1649,185.40830620364358,0.10575159951608398,20.01805544179108,20.499557733535767
1650,187.62422314160713,0.10550489433173396,20.15787488737317,55.03988599777222
1651,188.48798091019106,0.1054717431986356,20.246296138499435,36.63173794746399
1652,189.43310110108916,0.10519441092565984,20.27383317711444,37.70843052864075
1653,189.60877009007825,0.10535019628500228,20.331094845343298,27.880536317825317
1654,189.24268238917747,0.10547316491038755,20.317783896889868,20.355839252471924
1655,188.9302555652857,0.1056209649068533,20.31460605792097,21.074442148208618
1656,188.89095300963285,0.10564583633886585,20.32145999734176,25.12037467956543
1657,189.31204347953653,0.10558504897114818,20.35824539736834,30.79325032234192
1658,187.79892304474114,0.10558183006038407,20.204662943394656,5.101135730743408
1659,187.09093381429372,0.1058935331273016,20.17261631396071,15.59984564781189
1660,186.77002447615078,0.10606040424764149,20.1708901508211,20.87642192840576
1661,188.21232423138926,0.10584572165531612,20.25918124931289,44.098888635635376
1662,188.73020098907537,0.10595393110542962,20.34658943681976,31.871999263763428
1663,187.9328989791846,0.1061787954641001,20.29312354245156,14.613739490509033
1664,187.86356998939277,0.10611148264758065,20.280192307027047,24.137447118759155
1665,187.66493428949886,0.10612179639253341,20.267390383956776,22.435193300247192
1666,185.9682849466039,0.10561613398416364,20.08471648011721,2.4036898612976074
1667,186.73860209713783,0.10554856580021553,20.153869315316037,35.7768919467926
1668,186.56121607616646,0.10555816889960981,20.142330622162877,22.486199617385864
1669,185.9156039154048,0.10581406262044978,20.11090731594125,16.28393268585205
1670,185.76644787625077,0.1057500740410289,20.08979824278184,23.099542140960693
1671,186.67878339748827,0.10548679712733341,20.11890026035402,37.01506853103638
1672,185.79199556351338,0.10565641895197844,20.04771125775048,13.469610214233398
1673,184.58407560787825,0.10567677783938173,19.92723414517297,8.717909336090088
1674,184.37823485179945,0.10577854664635376,19.92796180372124,21.9827880859375
1675,185.24445250328145,0.10568017077398617,19.998682185684025,36.10749316215515
1676,184.98200797824865,0.10588123070146643,20.008695363827186,21.317603588104248
1677,186.41218789846616,0.10567607693103713,20.098608410188913,44.664700508117676
1678,186.4080660194815,0.10574834841979128,20.117622326087023,25.35432195663452
1679,186.2339853592867,0.10587429688825609,20.126446102826154,22.8442223072052
1680,186.22164550569383,0.10573447283829245,20.10518164179789,24.82322883605957
1681,186.0194290506369,0.10588194738701795,20.114129825379912,22.178832054138184
1682,185.42923476013053,0.10584674996039187,20.052988527126114,16.904104471206665
1683,185.86494241252922,0.10583631739528576,20.102458641854852,30.69191288948059
1684,185.86629298840393,0.10579945959767699,20.101434055436304,25.28241801261902
1685,185.39763005851987,0.10574865924630453,20.05041971488194,18.72873830795288
1686,185.39365375793466,0.10582630778897661,20.06991551773312,24.86286211013794
1687,185.7897172203553,0.10574582248886462,20.099216362555786,31.410109519958496
1688,185.19182004815173,0.10587884045445216,20.05822419893023,16.97734570503235
1689,183.5899018476702,0.10522005204990763,19.877641956940927,3.3273348808288574
1690,183.7140028291935,0.10523928010083712,19.898865537371517,26.266358375549316
1691,182.82686280090155,0.10502899256298664,19.789876881997802,12.69285249710083
1692,181.36859417289253,0.10478951344816759,19.631978113177823,5.102554082870483
1693,180.35490823116362,0.1051166183136859,19.555658332046047,10.583917379379272
1694,179.361359148852,0.10530002003178361,19.470101748725586,10.762075901031494
1695,179.09774555736348,0.10535813094257689,19.45540073123833,20.70582914352417
1696,179.69676810178984,0.10526689272938541,19.500846723925946,31.845881462097168
1697,179.64980042077195,0.10524279523066299,19.49583825668669,23.32853055000305
1698,180.65330241656423,0.10522608156407065,19.600879874119823,37.37491202354431
1699,180.5567693923986,0.10546037045603228,19.634871075378626,23.31800413131714
1700,179.5412016984746,0.10579817181476309,19.558522364624842,10.64625597000122
1701,179.34578968148983,0.10580269009661544,19.542937140978594,21.97523069381714
1702,179.5923317846749,0.10572505535251203,19.557507769568808,27.359291076660156
1703,180.74640846682814,0.10558305903627505,19.64193269187312,39.49024772644043
1704,180.31894438215986,0.10575911250388331,19.625513364954386,18.708242416381836
1705,181.47575493833827,0.10561368354100664,19.709258231304844,39.48449969291687
1706,180.54099738895488,0.10614845579650566,19.662165648991795,11.68313717842102
1707,182.60558741506534,0.10591384462355352,19.795543992501877,51.831559896469116
1708,182.0895315409147,0.10599974434525691,19.75758855257686,18.091060876846313
1709,183.14863622550553,0.10594669134624879,19.86001266705109,38.347543478012085
1710,183.68714986325048,0.10568891219649937,19.86141254038058,31.685895681381226
1711,184.47027836461797,0.10562438948674811,19.932798414976773,34.792763471603394
1712,183.7355755809718,0.10618976721350225,19.923470430827006,15.092076063156128
1713,184.3982198251621,0.10596786954136722,19.944235726518734,33.693687200546265
1714,184.4142376269105,0.10598345966315784,19.954793369253547,24.92992639541626
1715,184.9900952506414,0.10591536060371634,20.00524543556101,32.414796352386475
1716,183.33019429813498,0.10485620699767918,19.815192981205403,2.613352060317993
1717,184.29689235515363,0.10473621635627382,19.88704105139335,37.78797435760498
1718,182.50392343160212,0.10368885419271108,19.698170640879418,0.7211863994598389
1719,182.6188841972861,0.10373443987758808,19.72118893447062,25.832345247268677
1720,183.92269535531324,0.10365556193248632,19.833977045125913,42.19125437736511
1721,183.69346840176013,0.1037370187355217,19.825637274674655,21.42702341079712
1722,183.89653371774253,0.10382709952855863,19.867380901927906,27.526771306991577
1723,182.2275683805651,0.10514176970974363,19.718707092908627,2.230926990509033
1724,180.60529269675942,0.1055903520126462,19.56152002197954,2.671966791152954
1725,180.04923976979182,0.10557444849251973,19.505904821759746,16.751986265182495
1726,180.7787473720939,0.10554637199178427,19.580845773542148,34.209328174591064
1727,179.41095989837297,0.10539999918095734,19.435037315806728,5.893475294113159
1728,179.69685029938924,0.10554792226607083,19.500686942648663,27.900288581848145
1729,181.34988179639532,0.10524606623181593,19.575680073222177,46.515443563461304
1730,181.71638297843137,0.10515690832179134,19.599923272489953,29.485772848129272
1731,182.20921914864707,0.10505772019095437,19.633924039765052,30.93510890007019
1732,181.6471269571606,0.10495952394142578,19.5675847993674,16.718071460723877
1733,181.170655687589,0.1051039585527578,19.541908951373728,18.318270444869995
1734,181.1789491307131,0.10515182006613132,19.55648986185999,24.031004190444946
1735,179.79715963940598,0.10572820884221419,19.44092496324139,5.704400300979614
1736,179.1591880430119,0.10579161640896446,19.386515713608976,15.497938632965088
1737,179.61759616258178,0.10575592246709703,19.432650556472883,30.38045334815979
1738,180.90142020095598,0.10573732428138709,19.568324050908153,41.785319805145264
1739,181.46240599894642,0.1055238328951133,19.582640810399074,32.05688190460205
1740,182.36778193895697,0.10538771221322099,19.646814402295085,35.942031145095825
1741,183.4641041195674,0.10518999947465042,19.710346258272136,39.162026166915894
1742,184.0094630783717,0.10523053645469384,19.783242795689414,32.72653889656067
1743,183.699368447588,0.10522398272413383,19.755410367732523,20.386343002319336
1744,184.04237476311212,0.10513504564918606,19.777856264055195,29.2562255859375
1745,183.431951015481,0.1057097114528568,19.790077701414646,16.517618417739868
1746,183.75763150532617,0.10567113285684675,19.822176924400498,29.002127647399902
1747,184.00005519027292,0.10557595998981674,19.833955155156495,27.954131603240967
1748,184.64005463837017,0.10552826490604761,19.89561560360493,33.01675987243652
1749,184.70365409198646,0.1055201026758353,19.90665944756888,25.72178626060486
1750,184.6666175510666,0.10556987402476756,19.917592853093193,24.32093620300293
1751,185.40995137555592,0.10555664632699092,19.998416924562264,35.2052001953125
1752,185.34585186180036,0.1056183982994752,20.00843275531664,23.942453622817993
1753,184.35239334318237,0.1058412840839223,19.928348427763474,11.586874008178711
1754,184.16886940975056,0.10592744955633608,19.929064943485837,22.753893613815308
1755,183.92718071565304,0.10593067506077271,19.90977429405098,21.363235473632812
1756,183.5779089084965,0.10581096562560123,19.86067655111047,20.200211763381958
1757,183.85212981941154,0.10565332990299452,19.862069785599363,28.197917699813843
1758,184.96360852121742,0.10544425423108321,19.92344908774337,39.88732361793518
1759,183.36397243600524,0.10558981168877238,19.764214596865937,3.288226366043091
1760,184.3303327116452,0.1054267707147418,19.826572450897277,37.39971923828125
1761,183.64702938452876,0.10557939955931851,19.778306726388305,15.801592826843262
1762,182.23055909068347,0.10523789127801103,19.62052365912442,5.555006265640259
1763,182.83825349977664,0.10517316668621858,19.674318422533176,32.3786780834198
1764,183.28987096477888,0.10499862800181253,19.687575238307844,30.434380531311035
1765,184.0869722551311,0.10508932613244079,19.800699485924763,35.14300990104675
1766,184.55610253257979,0.10507739391007742,19.852692491065515,31.865167379379272
1767,183.810541507254,0.10511752906188573,19.784165566154858,14.702082395553589
1768,183.65243609218146,0.10519730615221926,19.78632391049331,22.53922414779663
1769,183.69591173125963,0.10526235436729281,19.808460671388374,25.28467321395874
1770,184.18895261394704,0.1051968552871392,19.85037606467449,31.73516607284546
1771,183.79706308780754,0.10545523156185402,19.851872304027744,20.053537845611572
1772,183.49909245692945,0.1054396402851965,19.82335358098747,19.426676273345947
1773,185.30410153236014,0.10529183728893796,19.965120045177592,31.50204849243164
1774,185.39106051703652,0.10526984675110011,19.975468844725818,16.54699730873108
1775,186.09714991186615,0.1050765232835891,20.00571415627856,21.60666513442993
1776,186.55617841274747,0.10501713736109804,20.045657014715772,19.763906002044678
1777,186.49061662862002,0.10485585487637594,20.015200444568617,15.38585615158081
1778,186.5457104623338,0.10484896299427884,20.02504844012293,16.50442671775818
1779,186.10025335771044,0.10506807899813887,20.0147979557217,12.076008796691895
1780,184.57925082413334,0.10519386879639278,19.864649976164483,2.923964738845825
1781,185.24345831589198,0.10517778668213404,19.93600347640284,21.851560354232788
1782,185.69102373273307,0.10503905229357356,19.956643441638807,19.427403211593628
1783,185.93411349540574,0.10513151891349497,20.007077007222417,17.96485209465027
1784,185.86477236045167,0.1051975221601142,20.017006237150195,15.9169020652771
1785,185.66612463684714,0.10529012525176608,20.016836174778692,14.09746766090393
1786,185.56946339047866,0.10548722399924841,20.046667813030904,14.754513502120972
1787,185.49376875657387,0.1057806663659975,20.096201134900596,15.234079837799072
1788,185.71883106900813,0.10587670585618368,20.14523912355159,17.960039854049683
1789,186.95164275831806,0.10565936274584191,20.213786732316073,26.58064842224121
1790,186.86212633073487,0.10578254439928238,20.231648864992913,15.461015939712524
1791,185.7835050674275,0.10561079490465664,20.10933237634298,6.841698169708252
1792,186.44567001675324,0.10550706790799103,20.15823905257955,21.703740119934082
1793,187.36121331658572,0.10545919147351543,20.246656662053752,23.9577476978302
1794,186.94760118341986,0.10550048996973918,20.214190095433217,12.298869371414185
1795,187.31812517158568,0.10556155649861321,20.272048194478888,18.601903915405273
1796,187.19494391986981,0.10564879807648421,20.2793277125341,15.054380893707275
1797,186.76299448067113,0.10563397676238603,20.23653443540876,11.986515760421753
1798,186.69536453586443,0.10557763699476218,20.224169091054673,15.625931024551392
1799,187.11841089050577,0.1053952230702294,20.231927400144126,20.322876453399658
1800,185.46722678160071,0.10525036174861802,20.059608126142685,1.8517560958862305
1801,185.54255451378472,0.10507868714667587,20.039012044881257,16.26644515991211
1802,184.74712896864688,0.1049712965016242,19.948621924432445,10.026035070419312
1803,184.9296576789604,0.10505458846271634,19.98913570518812,18.231539249420166
1804,186.9003611021708,0.10492027294458132,20.149244348136236,32.45354151725769
1805,186.2813574911491,0.10483107021513552,20.07775190465487,10.865884780883789
1806,185.3285439162376,0.10477177050199514,19.976974385608322,7.958466053009033
1807,185.4452584770752,0.10473928122337113,19.98720464175224,17.20897650718689
1808,186.36080589230448,0.10459441548694969,20.04733259533472,24.984537601470947
1809,188.72719783338144,0.10435225383799035,20.196859269381374,37.176602363586426
1810,187.68992585504762,0.10460284894666927,20.114890676687562,7.3311607837677
1811,187.34302659649714,0.10473329104543787,20.10374176992069,13.348361492156982
1812,186.90959633053217,0.1047970692460946,20.072704352221482,12.416873455047607
1813,186.47050036722686,0.1047980496025847,20.03197730869927,12.880473613739014
1814,186.80579536355458,0.10479552365201339,20.071657535612275,19.589573621749878
1815,185.51773740991905,0.10512687876032084,19.960940960256153,5.269390106201172
1816,185.68256003581988,0.10516471888360872,19.99133155065359,18.171874523162842
1817,184.49573443546166,0.10515784781417561,19.871418235147054,6.040267467498779
1818,184.91077709110704,0.10507972066346748,19.902704052795585,24.118779182434082
1819,184.12166932019596,0.10516099892853091,19.83367701226763,14.598193645477295
1820,184.370452626994,0.10516202051819297,19.865340242144953,28.100008010864258
1821,183.96674810072406,0.1051520669796777,19.826686839723504,19.405654668807983
1822,185.46708061971682,0.1049987499026953,19.93841997132627,45.16343593597412
1823,186.60240981351967,0.1049521068852737,20.049035771613006,40.565125703811646
1824,186.04638571538447,0.10512395986222249,20.018545413896877,17.746643543243408
1825,187.29592185823063,0.10503735048868064,20.12835995975791,41.93946170806885
1826,187.0529626396483,0.10509127146232145,20.11707636016033,22.090483903884888
1827,186.95243301325183,0.1051703022505231,20.125905596558727,23.847972869873047
1828,185.6229086831193,0.10522971033912897,19.99464654059314,7.267755746841431
1829,186.7166795962881,0.10505876916794106,20.064700075187208,39.978548765182495
1830,186.2695128003252,0.10527578711006447,20.054053074435338,19.16772770881653
1831,184.90681767232195,0.10522302923896382,19.91351254369098,6.799690246582031
1832,186.00774949559872,0.10505215487877756,19.98437741825407,40.05340504646301
1833,186.18767200064272,0.10503104509469566,20.00453364407153,27.946375131607056
1834,185.9457952806363,0.10515357414992153,20.00448830763081,22.49570107460022
1835,184.88633732782995,0.10547703840842232,19.924443424554504,10.557355642318726
1836,185.77747395455165,0.10544416583455708,20.015198990308956,38.6164927482605
1837,185.65969921500616,0.10565409199230347,20.045047000405866,24.538437843322754
1838,186.7931022228561,0.10546711628977173,20.114596530401805,40.206899642944336
1839,187.87517120062753,0.1052938010590774,20.183450565097786,39.90637230873108
1840,188.89641948862126,0.10520638028986593,20.271616059446806,38.97166895866394
1841,189.82745529373503,0.1050408413096623,20.328899898852338,37.80361270904541
1842,190.73918074079768,0.10495128698909237,20.405610899863817,37.658804178237915
1843,190.5817889333897,0.10487320269063001,20.381554790865177,23.42732810974121
1844,190.63597104405582,0.10489589923515227,20.397739242956526,26.585453987121582
1845,191.72961133361525,0.10478027357613408,20.48376185052696,40.75025463104248
1846,192.22231522027909,0.10468682768684577,20.51892423202169,32.92040205001831
1847,191.9100920680763,0.10475797183233755,20.503734989701474,21.711111545562744
1848,191.51099114739554,0.10476302369296155,20.46869763980446,20.822983264923096
1849,190.73588123592157,0.1048557443332249,20.404010663406417,15.343724012374878
1850,191.40852242356237,0.10477617913795467,20.459970556772355,34.87424182891846
1851,191.39443719932675,0.10467578576762775,20.445370851204633,25.515016794204712
1852,192.7504928273335,0.10451587806285667,20.540917142692585,43.96990418434143
1853,191.99298789906013,0.10458183039333921,20.47550797126566,15.986605882644653
1854,192.03305802006952,0.10460744066083438,20.490752891553,28.225736618041992
1855,192.17272743986882,0.1045807837299542,20.50584536263747,27.484803676605225
1856,192.70100016547013,0.10443293507632813,20.530786909011095,33.05698609352112
1857,192.10399016381544,0.10459161324436185,20.495479039920987,17.71187710762024
1858,192.2329502621773,0.10452130686801579,20.500524249521778,27.86689281463623
1859,192.17062075955553,0.10465888949826037,20.52551900702656,24.940776586532593
1860,192.84891455195998,0.1045353775263547,20.570263816956295,34.94598174095154
1861,192.86042540644038,0.10457249797789527,20.584561178786732,26.515511751174927
1862,191.901821152376,0.10476388640017817,20.508715566998863,13.062631368637085
1863,191.01280294085223,0.10468712132258416,20.413628411328872,14.380403518676758
1864,190.2526749114437,0.10485764141370614,20.35949212721558,16.42342495918274
1865,190.2101481623293,0.10504562413935402,20.395897205943424,27.740450143814087
1866,190.37804668070598,0.10505796983032763,20.42193823388399,28.421550750732422
1867,189.9542662138989,0.10522360634824057,20.407718851545148,19.699304580688477
1868,190.3147235517599,0.10518906939980241,20.443641663029695,30.796706199645996
1869,190.6615763162423,0.1051594009280266,20.479205246399395,30.886005640029907
1870,191.29496055307987,0.1052495392022109,20.574413193935403,35.05147647857666
1871,190.89201094754907,0.10538909679032124,20.55866906199605,20.235268354415894
1872,191.19309083807357,0.10528543206676191,20.57308237137609,29.712255716323853
1873,191.74115992969286,0.10524883790869592,20.62735154766233,33.02108430862427
1874,192.0137483303959,0.10520091573965462,20.651078032185705,29.239405393600464
1875,192.23361084709194,0.10513021499347303,20.664567251863847,28.487133502960205
1876,191.16127473862102,0.10549067754942064,20.587921579345206,11.369365215301514
1877,190.5296619912348,0.10560764577392644,20.542042363551754,17.1300950050354
1878,190.55436537132246,0.10574327916074676,20.576621939916237,25.79675054550171
1879,190.00882171760924,0.10578878754560987,20.530855720517074,18.077752828598022
1880,190.67873350043314,0.10570366231606816,20.585547163311904,34.970067262649536
1881,191.2619461654288,0.10561048111459422,20.629691691678786,33.31348013877869
1882,191.19932670377452,0.10547329522236719,20.603394774762,24.862552165985107
1883,191.27733343673677,0.10552408990833446,20.62736082701438,26.60838532447815
1884,190.51456010236942,0.10559928379185982,20.561087218744234,15.267762184143066
1885,190.82941450134572,0.10557932698997725,20.59547634655679,29.9604651927948
1886,190.55112035633226,0.1056278281986051,20.579521583091225,21.79735040664673
1887,190.16560915276895,0.10568997096925062,20.55372636726031,20.098361492156982
1888,190.64395306124126,0.10555744100745726,20.578189103587707,32.02608633041382
1889,189.26751353062886,0.10563394206908079,20.44240721255183,7.090325355529785
1890,187.99483839532257,0.1057066349064545,20.31798314042631,8.264021873474121
1891,188.25489001136933,0.10572433491253014,20.354803309022046,28.93914222717285
1892,189.15234111125562,0.1055663721389444,20.411255275931826,38.06287169456482
1893,188.06081770014308,0.10563570841755496,20.307142723172507,10.671948909759521
1894,187.66020952314165,0.10579556754959563,20.294071295940782,20.02149534225464
1895,188.34360742791023,0.10544073687409966,20.281130582981376,34.07146883010864
1896,187.31017135363112,0.10544515303477042,20.178319277151562,11.319417953491211
1897,187.4170696400948,0.10560282271654392,20.226536084380047,26.370197296142578
1898,187.14289894369387,0.10554679448937848,20.19427072353625,21.424779891967773
1899,186.62146995425692,0.1056024376555958,20.152328016300885,18.167973518371582
1900,187.51525525471433,0.10545221038048912,20.210804736137877,36.66996359825134
1901,188.7901027021672,0.10531832319731914,20.3086966887765,42.100595235824585
1902,189.3522016751455,0.10536718078167248,20.385609721888738,32.923134565353394
1903,190.90867965839402,0.10518307419124706,20.491753624669848,46.3597993850708
1904,189.61959286181008,0.10542156602997976,20.376836088423147,8.277295351028442
1905,189.85339693319196,0.1053063175058302,20.383067727538915,28.168907642364502
1906,191.09486296386004,0.1052405154772687,20.499237050263527,42.311365604400635
1907,191.50391433422143,0.10526569652939256,20.554244679760895,31.088741540908813
1908,193.0888751908792,0.10509875384981292,20.668702232963287,46.816845655441284
1909,193.06798643897042,0.10488546264639333,20.632015210633657,25.549642086029053
1910,194.22730657458072,0.104872206725431,20.75569505852732,41.990235328674316
1911,195.0350335088349,0.10487803011272215,20.848138107942045,36.80849647521973
1912,195.98468317374656,0.10476028429435355,20.919656726862627,39.22250843048096
1913,196.4848363420091,0.10468829120750757,20.960460159594,33.16070318222046
1914,196.179987978589,0.10484622757254092,20.96085555799806,22.673320055007935
1915,196.2781880988031,0.10486572646186405,20.98124700241808,27.692096948623657
1916,195.91540621781505,0.1048795691972454,20.951434532393897,21.477653980255127
1917,194.9862521556369,0.10499582204896227,20.871920187069957,14.134804248809814
1918,194.1763896340805,0.10499849540742001,20.793200985199256,15.473575830459595
1919,193.12462573773968,0.10484738685784019,20.67526897534726,11.891561508178711
1920,191.86337948036225,0.1046944353773215,20.53851628559379,8.9285147190094
1921,192.07474568555864,0.104539509802891,20.533131122737853,28.413135290145874
1922,191.95399822870306,0.1044941147048621,20.517799811510475,24.139700412750244
1923,192.03445824641602,0.10434917355781348,20.502621813395372,26.68531370162964
1924,191.55411366395185,0.10455568182223535,20.487595595261418,19.493003368377686
1925,191.83857252731232,0.10441921591310391,20.492719639308802,29.61796522140503
1926,191.5601868020392,0.10441160911982653,20.467792442915712,22.110553741455078
1927,193.3045849340188,0.10424180996851896,20.593114518486555,49.07795286178589
1928,193.7615390846786,0.10411989396088397,20.61718337330169,32.24798369407654
1929,193.4539236938318,0.10399894042004813,20.571011539568673,21.738255739212036
1930,194.2893844568935,0.10368097267649747,20.575301424172988,39.89249324798584
1931,194.75649061232454,0.10372300112400634,20.63954840993126,32.126389503479004
1932,194.7189257062013,0.10368053551067204,20.633152925831943,25.346720933914185
1933,194.7317364491393,0.10361311791066735,20.62682139657362,26.152986526489258
1934,194.5944190846479,0.10362671048846676,20.620553182607885,24.29969573020935
1935,194.77847489380142,0.10371720394696238,20.664347650781806,28.403128385543823
1936,194.7806901448634,0.10380823703569789,20.68770417427399,26.071067571640015
1937,195.09288324341475,0.10374360599277453,20.71082713253125,30.24118161201477
1938,195.06195441098058,0.10390408659951346,20.743718861205934,25.863381147384644
1939,193.20133486687078,0.10286504573351832,20.546281672593878,1.429335355758667
1940,192.70932151820207,0.10301695083173869,20.52081885586794,19.522761344909668
1941,193.11222830302006,0.10284515042213375,20.525610667309262,31.27483868598938
1942,193.16110601998986,0.10292781002902351,20.55035456063617,26.664151906967163
1943,192.68949495978995,0.1030629154903771,20.524851015029807,19.691084384918213
1944,192.15260001019203,0.10325530791820714,20.49960250487951,18.731053829193115
1945,192.13107401009012,0.10322275483902507,20.49460647983071,25.58973526954651
1946,192.79976326998923,0.10315577825588579,20.549660415032406,41.70024347305298
1947,193.95176563728936,0.10303331138241785,20.634163810882082,48.39123058319092
1948,194.29224798091647,0.10305560984754104,20.67782217277326,31.07051157951355
1949,193.9093255011073,0.10305069477470666,20.641043951045532,21.742904901504517
1950,192.45023224609622,0.10306185449362626,20.494633511535074,7.064428806304932
1951,193.60572992363527,0.10294032685778091,20.57968717641972,42.185521841049194
1952,193.7696726243989,0.10305378073206024,20.623890304655525,28.26214075088501
1953,194.87197589815491,0.1029771902931607,20.717651401608972,40.51919198036194
1954,194.57325613917337,0.10291711535992606,20.680474887592883,21.960150003433228
1955,195.55752357778164,0.10280944591281144,20.753670138716956,39.12412118911743
1956,196.89194834200381,0.10278439096736113,20.886133437329786,44.68141293525696
1957,197.28302885858378,0.10268875044751802,20.907272102956487,31.982980489730835
1958,197.62019856999794,0.10274411402529392,20.958199381926924,31.069997787475586
1959,197.14399658429795,0.10285000621837431,20.928617388107654,20.189781188964844
1960,196.97255661845497,0.10282150615619057,20.90933121422658,23.98613739013672
1961,196.7628310522704,0.10287283654917412,20.900237902084314,25.61240243911743
1962,197.2852027417477,0.10300876681822053,20.99123552306347,34.96721911430359
1963,196.67235071433024,0.10322867915003833,20.961323167832834,18.431840896606445
1964,196.88562720718693,0.1031138235511985,20.961709936154506,29.199394702911377
1965,195.99677093511508,0.1033789816119828,20.90209283679296,14.330777168273926
1966,197.58680322576393,0.1032466002465672,21.023071908425027,48.702436208724976
1967,196.4309351935063,0.10331169521971129,20.912841189340778,10.89127254486084
1968,197.92662584157122,0.10314563029063556,21.01371277744737,46.09788680076599
1969,197.3573595831555,0.10324892576077885,20.9735756496729,18.9210467338562
1970,195.93378598732394,0.10330734559408014,20.83383989317617,7.320956468582153
1971,195.6644481274507,0.10345770409080206,20.835501494244408,22.802259922027588
1972,196.7578036461762,0.10330837295153338,20.907146479301964,41.10150742530823
1973,195.93022560971443,0.10367879799394786,20.868075014508946,15.18329644203186
1974,196.7109233536173,0.10348142607240254,20.899394264363856,37.11091208457947
1975,197.3438141200811,0.10348507335014007,20.97040032172022,34.87125539779663
1976,196.2503759788803,0.10370022261663867,20.88069631850302,11.854554891586304
1977,194.9778722190915,0.104257423289023,20.79188935531799,9.132452249526978
1978,195.63809349690058,0.10417270346226304,20.843970461764812,34.810791969299316
1979,194.79171256193158,0.1041219674186314,20.755530757147163,14.764047384262085
1980,195.57379543631225,0.10403312869682604,20.81797544957569,36.70245027542114
1981,195.52805748194913,0.10424934191247559,20.859795695079935,25.5731418132782
1982,196.99277690712964,0.10414252100797072,20.981197738129133,45.8542697429657
1983,198.49284913805835,0.1039944675558161,21.09138576074784,46.42407965660095
1984,197.97792064667777,0.10397493104352323,21.04047190314036,19.801053524017334
1985,197.38814144021097,0.10401431842373547,20.990067184108955,18.54368305206299
1986,198.34426002580886,0.10386154725315,21.050166512267865,39.525816440582275
1987,197.29081742555078,0.1035756199526615,20.919664847145185,12.360953330993652
1988,196.87790925129528,0.10382191503518616,20.920468198673735,21.060375928878784
1989,196.9191301587823,0.10377872076045619,20.921263516687,27.178833484649658
1990,197.08993885719448,0.10372224196406658,20.932050881520126,28.661437273025513
1991,198.63903946862254,0.10348047408988047,21.012730372704926,46.61841011047363
1992,198.73264907393633,0.10335913088744321,21.002603068977876,27.865514516830444
1993,199.35532258319697,0.10328339398469905,21.0525770382881,35.29156947135925
1994,198.921769357365,0.10340440619869821,21.03205126790522,20.970229148864746
1995,198.62255166379134,0.10343545089410768,21.011730755226168,22.777279138565063
1996,198.5563261471534,0.10344276305183327,21.011613447673906,25.620290994644165
1997,197.89076288568188,0.10354469905767856,20.961497313197167,17.495054960250854
1998,197.79185525682504,0.10357308185433582,20.961882340065195,25.078784227371216
1999,196.7439367042568,0.10361261985299676,20.86226351666454,12.41344428062439
2000,196.01649733721425,0.10354423558995066,20.783640881497895,16.75157070159912
2001,195.8463323638421,0.10373784351338076,20.805804472682915,23.956180334091187
2002,197.02786904020365,0.10343294915468007,20.837746427956084,41.95780324935913
2003,197.61759034980162,0.10349236966313327,20.919368963676522,34.3886935710907
2004,197.4814144463036,0.10343570683606716,20.900175274039757,24.648220539093018
2005,198.54660030184056,0.10325661292560122,20.961173521299358,40.83643579483032
2006,197.75113429882214,0.10323245015768975,20.881561786086362,15.91604733467102
2007,197.9736229558339,0.10333648929247649,20.9327461682255,29.580010652542114
2008,197.82388672627556,0.10355995500064462,20.96341870654324,24.368520498275757
2009,198.9856478590128,0.10332053379458722,21.01378451947781,42.38607406616211
2010,199.3557913804227,0.10321953184647185,21.03364667428303,31.681150436401367
2011,198.79223346661846,0.10358593792660854,21.0333102075402,19.40373682975769
2012,199.74431113195226,0.1035024594997234,21.112977105464797,39.687814712524414
2013,198.21686802063275,0.10395679660685382,20.981847334410148,6.59885311126709
2014,198.8346993404264,0.10395569017924683,21.05202886106605,34.8810715675354
2015,200.37635234702213,0.10379432024629288,21.16150857245539,47.28942823410034
2016,199.49258882355193,0.10400637704382995,21.099893486730835,15.200434446334839
2017,198.64766293531642,0.10400979153426121,21.018894551863525,15.499807357788086
2018,198.61118630596323,0.10394405259327757,21.00870560634489,26.183878898620605
2019,198.69507444290358,0.10406403235719988,21.04861855028144,27.466851949691772
2020,198.98812369847454,0.10416374291082087,21.108132364778623,30.28711247444153
2021,200.19824246148977,0.10393460548171266,21.167051041130836,42.8014349937439
2022,199.17626003687485,0.10391566759016083,21.065380530719526,13.098252296447754
2023,199.8644974365061,0.10403322733216966,21.17472672541233,35.6956627368927
2024,198.71585246214104,0.10416936564708325,21.07297945815821,11.494140386581421
2025,198.82869393751963,0.10408005294299337,21.072249663576628,27.967642545700073
2026,199.62040699814443,0.10411838910421091,21.17152716694086,37.090534687042236
2027,200.424202928163,0.10414863378459736,21.26981189527145,37.58596897125244
2028,201.89996089888135,0.10394048078008473,21.357113776318734,46.9899423122406
2029,202.0209612898925,0.10383565541153622,21.353542638555545,28.305443048477173
2030,201.5607516769936,0.10401524757536958,21.34000721216999,20.726903438568115
2031,202.55514416022365,0.10400499543184179,21.44660714004829,40.3498260974884
2032,201.1295927186214,0.10429827881085671,21.322141068647806,8.286787986755371
2033,200.5482967914352,0.1045140372814894,21.298919657961328,19.211270093917847
2034,198.98281382352084,0.10460526054503815,21.145930461381713,6.243595838546753
2035,199.54298568528566,0.10469646284154856,21.234471156767896,34.39918851852417
2036,200.2975558284328,0.1047767709404058,21.34212644520022,36.656497955322266
2037,201.07458027014846,0.10455634136049814,21.368705180748215,37.529953956604004
2038,200.23383446744697,0.10470735914347436,21.30501812894073,15.652198314666748
2039,201.51149612277248,0.10457491969838108,21.401967947651322,44.03955912590027
2040,201.54638116154476,0.1045535607452997,21.407948268174806,27.222755432128906
2041,200.8609173499293,0.10486140859649332,21.38386878549306,17.805732250213623
2042,201.71230817643,0.1047218854196193,21.44003009763813,38.03225564956665
2043,203.3351850946657,0.104553787444544,21.555629796661744,49.08524012565613
2044,204.901833243719,0.10431380512565411,21.640073498695127,47.723992109298706
2045,206.12281491128184,0.10406577410803672,21.693672763708175,43.67705035209656
2046,207.52158676216902,0.1039210701241818,21.796736036071092,46.237287521362305
2047,207.69637089454733,0.10394852608960664,21.828768675710382,30.276705980300903
2048,206.54940718560186,0.10419936340935575,21.740480988953276,12.469736814498901
2049,206.52391311374583,0.1044808991870269,21.803076179063744,27.916412591934204
2050,205.89867398260836,0.10468609019515662,21.77504541727311,19.290745973587036
2051,205.06968724278227,0.10494004230133513,21.72729496310038,16.58571743965149
2052,206.05899037035442,0.10477879977305862,21.79002201346938,40.695356607437134
2053,205.02840046665088,0.10489606031901735,21.702121793334683,13.798342227935791
2054,205.22811646198437,0.10491376638249383,21.735100575401336,29.990807056427002
2055,205.00583529736454,0.10490288008478911,21.71774956964732,24.37510395050049
2056,204.93577694439088,0.10491445734454727,21.720572073950848,26.380460262298584
2057,204.17641917494697,0.10479554532924133,21.63336635321134,17.894339561462402
2058,203.8746549831975,0.10501195769204087,21.647032689679225,23.199103355407715
2059,204.10590843336553,0.10493100111071517,21.660562362782432,30.795113563537598
2060,203.22484934903187,0.10534720834098732,21.623956739154607,15.398579359054565
2061,204.27260085554155,0.10530022976407095,21.72771717176306,41.32931470870972
2062,203.12987484698616,0.10502500524420802,21.59044000004543,12.288187742233276
2063,203.2985760985163,0.10502020973722048,21.614535600044974,29.47177267074585
2064,203.23559033753114,0.1050867589088838,21.628390244044525,26.955327033996582
2065,204.29323443415583,0.10490967772756195,21.69210634160408,41.16399383544922
2066,205.2103020898143,0.10480652689623228,21.76518527818804,39.5280179977417
2067,205.64819906891614,0.10476247769152698,21.80753342540616,33.257094860076904
2068,205.79171707822698,0.10453303473279353,21.779458091152097,29.532902717590332
2069,204.6837999074447,0.10485612543809716,21.701663510240575,12.65125298500061
2070,204.73696190837023,0.10504565942181142,21.754646875138167,28.322487115859985
2071,204.69959228928653,0.10518923267833957,21.787100406386784,27.2263445854187
2072,205.75259636639365,0.10513734035155618,21.88922940232292,41.497658252716064
2073,206.4650704027297,0.1049523929408204,21.920337108299687,37.280198097229004
2074,206.6304196987024,0.104889416096614,21.93113373721669,29.871548175811768
2075,208.00411550171538,0.10488703356355483,22.081822399844523,46.03295063972473
2076,207.26407434669824,0.10503219307866554,22.03100417584608,17.677873134613037
2077,206.95143360323124,0.1051750529660607,22.030694134087618,23.638845920562744
2078,208.67191926719892,0.10491485916463228,22.12038719274674,50.763357162475586
2079,208.68520007452693,0.10486571057298595,22.11918332081927,28.50129508972168
2080,209.53834807378166,0.10473542081419486,22.17799148761108,39.16917896270752
2081,210.79296459304385,0.10464329048664993,22.286211572734967,44.889824628829956
2082,211.32503494711338,0.10458170606663192,22.333349457007618,35.26916265487671
2083,212.91178459764222,0.10431967278974938,22.41001596243754,49.59391736984253
2084,212.6826667516658,0.10453963395658873,22.435915802813167,25.33823585510254
2085,210.67584008414914,0.1051609042836895,22.241556644785035,1.6612377166748047
2086,209.84908168330765,0.10528117024085261,22.179141078337185,17.005574703216553
2087,210.15059086647457,0.10531169187177743,22.227349667553813,32.153056621551514
2088,210.28908495780985,0.10519607495305965,22.225076170878275,29.913233995437622
2089,209.69619410823174,0.1053361671836615,22.192825409169494,20.289775133132935
2090,210.2192321671494,0.10527517192403862,22.2408971550778,34.990471839904785
2091,209.5770398454779,0.10552379006781193,22.218488183527022,19.78666853904724
2092,210.88126944702313,0.10540972863772205,22.32630330169175,45.28948497772217
2093,211.9824567525529,0.10522790549464701,22.39304026867483,43.67262649536133
2094,210.73263218502737,0.10532505172705686,22.279109865988083,11.622857332229614
2095,210.6853058631771,0.10529121868551446,22.276318767328203,27.54179334640503
2096,210.0284528045453,0.1056176168434869,22.26355557965492,19.59385061264038
2097,211.84816827649985,0.10545429781790917,22.40092002385837,53.19279408454895
2098,212.34968659373484,0.10539212125194382,22.446910823619785,35.516772508621216
2099,211.7261897277975,0.10567153337275771,22.432441715383586,20.060597896575928
2100,212.72892783051952,0.10541610009031219,22.468117298229753,41.834288358688354
2101,213.7416385522143,0.10531735310214792,22.553436125247455,41.760289907455444
2102,212.66422216669216,0.10549059466546606,22.46790176399498,14.381955862045288
2103,212.92757994502523,0.10548171382341391,22.503222746355032,31.98179531097412
2104,212.01830414557497,0.10557443766878633,22.42819051889148,16.3357572555542
2105,213.10812110411922,0.10542212008337573,22.503908613702567,43.546682357788086
2106,214.03703989307803,0.10525025182371844,22.55886952756554,41.08975648880005
2107,211.96666949414725,0.10419774930548126,22.34328083228989,0.9097015857696533
2108,211.86700279920578,0.10414587082232743,22.329848023966992,26.8630530834198
2109,210.6283327712137,0.10435441211410415,22.226549543727323,12.011276006698608
2110,211.43204944350157,0.10434179582801464,22.314284048290048,39.192832946777344
2111,211.74772894906656,0.10424487992734767,22.331141207807146,32.36920166015625
2112,211.4902516595759,0.10438522682699893,22.337829795729075,24.811848163604736
2113,211.42534914298017,0.10441454529043626,22.344451497771786,27.576311826705933
2114,211.78109565155037,0.10426108809664121,22.35100698279407,32.9899697303772
2115,211.55328469503485,0.10448831848551607,22.377496912966127,25.488532543182373
2116,210.6677518480845,0.10458164668277474,22.303721943836464,16.386983394622803
2117,210.15107432960366,0.1045421195241231,22.250684724398102,21.691055297851562
2118,210.0295635863076,0.10465831449049802,22.26817787715412,26.797828674316406
2119,208.7092679504445,0.10502198775584945,22.16549609838258,10.403681755065918
2120,208.67217527094007,0.1049961581221934,22.16384113739875,27.561278820037842
2121,207.50545351823067,0.10514184871488451,22.062202726024765,12.398976564407349
2122,207.14039898304836,0.10531850040317425,22.061580698764516,23.10074281692505
2123,206.73899499321786,0.1057024411476455,22.09096489177687,22.69335389137268
2124,206.69160504328568,0.10568502069656509,22.0900552428591,26.956425189971924
2125,207.1346889928528,0.10570386770075482,22.14915469043051,33.58944082260132
2126,209.48334210292427,0.1053934353585889,22.267663143526203,59.07500100135803
2127,209.96850868189503,0.10534725294298751,22.31498651209094,35.22751450538635
2128,208.88882359507608,0.10566632943316548,22.24183664697003,13.555654764175415
2129,208.0499353591253,0.10588966613883383,22.18941828050033,17.039196014404297
2130,209.19943600553404,0.105635723037817,22.237524097695328,43.022666692733765
2131,208.6874416454787,0.10565531517452743,22.195148856718376,21.023383378982544
2132,209.73056722902393,0.10558917735824543,22.29319736815119,42.321943044662476
2133,210.0332615567337,0.10549161891799631,22.310265394469678,31.78277826309204
2134,209.48292894116636,0.10540444466430021,22.24716274052498,20.684460163116455
2135,211.4380996517547,0.10516521503247202,22.364691113119733,54.78826880455017
2136,213.53371865523715,0.10492116383226606,22.491044201988537,56.49492573738098
2137,212.40838146868478,0.10506007100582458,22.39613375996865,13.455719232559204
2138,210.89429765399794,0.1051570112793729,22.25217242236896,8.216014862060547
2139,210.49535467745795,0.10515807274552653,22.219650698145273,23.316282272338867
2140,210.29040113068336,0.10515912359701864,22.20745419116382,25.65124273300171
2141,209.32749711937652,0.10533560253648704,22.13537964925218,15.172797441482544
2142,208.83422214818273,0.10521974651112216,22.074025852759657,21.903567790985107
2143,207.2858799267009,0.10509347497193687,21.91328559423206,7.153203725814819
2144,207.15302112743387,0.1051765608407742,21.92415273828974,25.949570655822754
2145,207.23149091615954,0.1052410743021339,21.954911210906843,29.171520709991455
2146,206.50917600699793,0.10529977467022367,21.895362098797776,17.945512533187866
2147,204.95408424692795,0.10561932594312927,21.756408477809796,6.812256097793579
2148,205.47454340445867,0.10553589532961237,21.7988443930317,34.93784761428833
2149,203.9797979704141,0.10590910780488767,21.670855949101384,7.451632022857666
2150,203.51999999070998,0.10611583951164894,21.66414738961037,21.061219453811646
2151,203.3847999908029,0.10610731269547982,21.657505915714268,26.09542465209961
2152,202.37095199089487,0.1063207493724466,21.580930856557124,13.643757104873657
2153,202.56724247098592,0.1065188031399834,21.655121547991552,29.599647521972656
2154,202.51157004627606,0.10662112779893888,21.678570332511633,25.995920181274414
2155,202.4864543458133,0.1066549165209495,21.691784629186518,26.692864418029785
2156,201.89158980235518,0.10677717854455118,21.654866782894654,19.18971848487854
2157,202.24267390433164,0.10672206498695377,21.68831811506571,31.8284432888031
2158,202.65024716528833,0.10651904186794843,21.69143493391505,32.536847829818726
2159,202.91374469363544,0.10672022699512047,21.7745205845759,30.40558385848999
2160,202.36460724669908,0.10673410580625035,21.726775378730142,19.689568758010864
2161,201.48096117423208,0.10671939632713523,21.63950762494284,15.799718141555786
2162,202.15615156248975,0.10665591983598283,21.70311254869341,36.002962589263916
2163,203.25459004686485,0.10655089909916146,21.796081423206477,41.75343346595764
2164,202.1620441463962,0.10654921989540389,21.688120608974412,12.519598007202148
2165,200.47042370493224,0.10730190951463167,21.541239402884667,4.498765230178833
2166,199.62571946788293,0.1074357869712095,21.47582700885582,15.58267855644226
2167,199.01946227320408,0.10736862334610171,21.41106873876726,18.70432734489441
2168,198.84926765047203,0.10744878326648685,21.416958051379584,24.249940633773804
2169,199.81077497396728,0.10725565136602537,21.472788470865787,39.917569160461426
2170,200.2426672242276,0.10712959690997828,21.498060586157127,32.48627686500549
2171,201.01024055198533,0.10699692909972326,21.553079980295553,36.89391732215881
2172,201.98013814646546,0.106933671218122,21.647549180492597,39.87185263633728
2173,202.08033676500082,0.10704357978895965,21.691073688687673,28.480089902877808
2174,202.1295333973508,0.10698763674469323,21.694162951800795,28.142872095108032
2175,200.6882380633773,0.1072970707220739,21.567221322282787,7.641017913818359
2176,199.99135568274352,0.10729280230492949,21.501549109059958,17.890721797943115
2177,198.99144212591608,0.10721987428188019,21.396533617969357,13.70018744468689
2178,198.9815277046569,0.1072587866501725,21.412568281789664,26.392804861068726
2179,199.73171242761035,0.10720809659388975,21.488442598971766,36.723275661468506
2180,200.21439530333424,0.10706343498278956,21.513558172982044,33.24437594413757
2181,201.2222513503009,0.10708914614791183,21.638422591252223,40.27684283256531
2182,200.09002883679787,0.10738189105006907,21.552038365339698,11.823570966720581
2183,199.8391285484299,0.10727950071099694,21.5165179816863,23.30352520942688
2184,199.5307372629456,0.10744930925418283,21.521352801869433,23.070947647094727
2185,200.44542989031612,0.10723392269085062,21.56613927385074,39.213982820510864
2186,200.05097559141296,0.1075280430912713,21.580477881112234,22.021404027938843
2187,200.73046583549885,0.10742291191408992,21.63467310230111,35.94986367225647
2188,201.92316117714384,0.10719243279494903,21.6983263712781,43.32293343544006
2189,201.8239295653724,0.1071621751336662,21.69134310756532,25.667654514312744
2190,201.58569026971867,0.10755122753963291,21.744429676489666,24.26732897758484
2191,201.50983336702149,0.10740355031578297,21.716985379724772,25.90031623840332
2192,201.94473503335126,0.10734992297589044,21.759815525927525,33.30231547355652
2193,201.16528768301777,0.10764739148806701,21.72221737066825,16.668593168258667
2194,201.8736348061876,0.10752679992612753,21.774995196961566,36.58108830451965
2195,201.04489845812572,0.10754396890165617,21.69724524499195,15.988521814346313
2196,200.92444947354446,0.10742091016502056,21.670272792542033,25.3965106010437
2197,200.37520497880902,0.10757957777569913,21.643570064616615,19.401669025421143
2198,198.78145292902093,0.1074793917540397,21.47713436397045,5.577983617782593
2199,199.77363839973071,0.1073777521989154,21.562363020330746,40.306403160095215
2200,198.7159020157334,0.1075805704216071,21.476739390127438,12.498712539672852
2201,197.88874299557605,0.10771166126911516,21.41197199622616,15.460980415344238
2202,198.57985556562028,0.10753342106091839,21.447852276263898,36.046058654785156
2203,198.8940570099641,0.1074580868503092,21.473373753501257,30.931110858917236
2204,198.86511643986447,0.10745493455323468,21.478640015966242,26.280576705932617
2205,198.0764652754658,0.107547051874369,21.413853615806577,16.036448001861572
2206,198.96570062271115,0.10748203431729778,21.49971507964851,38.36645174026489
2207,199.38604361648405,0.10748605214839865,21.554717928852025,32.760424852371216
2208,198.7621831803192,0.10765206753932342,21.519170749563504,18.520158290863037
2209,198.754561348516,0.10773716302554634,21.543979042067868,26.381417989730835
2210,199.20701573503084,0.10752044713299579,21.54853925164719,32.4886314868927
2211,197.91494557768053,0.10730238551880869,21.403053859130715,9.565531492233276
2212,196.2157961219037,0.10765793309219203,21.23902332053941,3.791968584060669
2213,195.52363816068467,0.1076049758085142,21.166633087334016,17.545560598373413
2214,195.33840177907783,0.10754587520297143,21.14496675646068,23.8955717086792
2215,195.31501776128707,0.1076103128239987,21.16351708889607,25.671022176742554
2216,195.58186758367418,0.10770538086692989,21.22188191800711,30.004865884780884
2217,195.59604890783743,0.10789736259125551,21.269663098827042,26.27566957473755
2218,195.56008841875905,0.10796422229867629,21.286966467838774,25.955650329589844
2219,196.25448753457147,0.10790344800021784,21.354096803160388,35.70793318748474
2220,196.59194265922577,0.1077809352593461,21.370555835128783,30.678553581237793
2221,195.3460232326335,0.10781423701786373,21.246850276777494,9.564216375350952
2222,194.90256300030717,0.10779569729669171,21.204381774009722,20.152146339416504
2223,195.3935373703041,0.10782429770077397,21.272337956269624,32.965362548828125
2224,194.69960199660105,0.10801589599360749,21.22961457670693,16.923662185668945
2225,195.22260597663504,0.1080288544425783,21.29731843093986,32.96961760520935
2226,195.00037991686867,0.10798902832589818,21.274345246630464,23.16844892501831
2227,193.52037611769998,0.10839849974476685,21.141601794164156,6.247447729110718
2228,193.42517235652298,0.10823842779079744,21.110185776222515,25.08056926727295
2229,194.22092063295773,0.1082915746484206,21.21908391846029,36.49864339828491
2230,195.34871142662814,0.10815328430910251,21.306893079275685,41.52007031440735
2231,195.14522431236185,0.10821460860886863,21.303824148482928,25.572936534881592
2232,195.72377206923824,0.10812060481527005,21.3507859069981,35.431737184524536
2233,193.83653434854585,0.10703939876711735,21.147278047928122,0.923769474029541
2234,194.2781690050604,0.10697740814079072,21.185805267448842,32.07973909378052
2235,195.2753873150098,0.10672396058999506,21.223947214774352,39.56922912597656
2236,194.7526334418597,0.10691546224283636,21.20170774262661,19.374373197555542
2237,195.4651071074411,0.10693653318431778,21.289690665200343,36.24664616584778
2238,194.8804560363667,0.10710804376488336,21.25679375854834,18.28632688522339
2239,193.83165147600303,0.10737029666056787,21.174225820962857,12.487125158309937
2240,193.873334961243,0.1073066947040632,21.17248356275323,27.477541208267212
2241,194.06460161163056,0.10726649160678782,21.190758727125697,28.92324185371399
2242,194.53395559551424,0.10718967731312658,21.22885113985444,32.083080530166626
2243,195.2486160395591,0.10709522414901787,21.286562628455897,35.64389419555664
2244,194.1861298791635,0.10737258651426927,21.20369700217134,12.869241714477539
2245,194.95426858037186,0.10736897135023359,21.291660032149625,42.06104373931885
2246,194.94472589456814,0.10742930225528795,21.30874343182813,31.44522452354431
2247,194.84527863562244,0.10732798220570804,21.28565599750985,29.87642192840576
2248,195.0168258492662,0.10743394766666982,21.332799437534753,31.7474627494812
2249,195.38665759077355,0.10748029784517553,21.389471443159405,31.152644634246826
2250,194.6027910148658,0.10751660597783488,21.315576728727812,15.580051898956299
2251,194.62676310471713,0.10765971402973167,21.352420961440533,26.388737440109253
2252,193.43049547366996,0.10804978355610102,21.25889675182613,10.023289442062378
2253,193.8561905189333,0.10798623487308238,21.296307784307867,31.408204555511475
2254,193.94762861374394,0.1079901163667161,21.31334470646479,27.093791007995605
2255,195.4481523276065,0.1077532384588629,21.40021125940014,46.44374179840088
2256,195.83367080433044,0.10770134709991529,21.43620914680614,31.12516498565674
2257,195.30533409628714,0.10788307488765739,21.41184705533808,19.0963773727417
2258,195.86228075532426,0.1077205788001354,21.437728584784697,33.57890772819519
2259,195.76365794777104,0.10771864182933834,21.433351298936852,24.795003175735474
2260,195.67602136829333,0.10781792599928025,21.449017785947483,25.16675329208374
2261,195.3792611546104,0.1080048069802513,21.454527608088007,22.209625720977783
2262,194.3854685430643,0.10827892557711546,21.379982332007128,12.81017780303955
2263,194.76161385763365,0.10818751563168914,21.406182508687056,31.10102939605713
2264,195.9139977190573,0.10807338241085612,21.502120683600186,41.662654638290405
2265,196.69485774186674,0.10801454639696655,21.577099476764182,36.79217171669006
2266,196.11790916444806,0.10822936496177385,21.551328481996542,18.540204524993896
2267,195.07673007280357,0.10845141913824308,21.465815197176575,12.276530742645264
2268,197.71596277207553,0.1080422862104772,21.57115704520481,61.72806930541992
2269,197.31880314435477,0.10810110385470155,21.545445474752764,21.001010417938232
2270,197.45561511291123,0.10820492693937728,21.58999102000524,28.312108039855957
2271,198.5510589617821,0.10796978320744278,21.644091109805185,41.64349937438965
2272,198.95554837216426,0.10781058746741856,21.657650198707135,32.01464557647705
2273,197.05599288844263,0.10673248159274437,21.451073696720066,1.1745390892028809
2274,197.3654329595582,0.10663006905751868,21.466562959752864,30.70757794380188
2275,197.64177862996263,0.10654154614472126,21.481897330155334,30.360186338424683
2276,199.285360843663,0.10624961134625747,21.55707835685378,48.40240931510925
2277,198.63250723522637,0.10623189135219789,21.49150757328524,17.843441486358643
2278,198.2761821628741,0.10615116753070046,21.446592497552388,21.83332061767578
2279,197.97342034124537,0.10628013204586964,21.442126572576864,22.83069157600403
2280,199.27368613783293,0.10604050145711826,21.507705306851097,43.899237632751465
2281,198.5709492764546,0.10606536776037653,21.442628253782583,17.198739290237427
2282,199.25523978369003,0.10590359048726715,21.478201971244758,36.19373536109924
2283,197.57268738585313,0.10613487716303964,21.31341995153231,4.159497261047363
2284,197.8769605119946,0.10586300207561976,21.290285752016988,30.388183116912842
2285,197.16819090687468,0.10582799410210766,21.21738289449682,16.896356344223022
2286,196.95650899780594,0.10590607779745022,21.21520906555185,23.931374311447144
2287,196.8169439078279,0.10610384762056861,21.24305697489633,24.642561197280884
2288,196.02877446874962,0.1060597582969053,21.160626405147365,15.568406581878662
2289,197.61848672406214,0.1056752170519644,21.19902014109589,48.01966404914856
2290,199.36230185682152,0.1055055616556383,21.32702993968493,50.12652277946472
2291,198.0586788382533,0.10532007125647322,21.18375964028808,9.293053388595581
2292,198.80809204987074,0.10532914160617955,21.2719220438852,36.539631605148315
2293,197.60001112937204,0.10530149121575878,21.14920282344635,10.701236724853516
2294,197.8140110180783,0.10525304251364685,21.167710795211885,29.280585050582886
2295,197.7558709078975,0.10550259542184372,21.216033687259767,25.766451835632324
2296,195.83831219881853,0.10444756946762528,21.013873350387172,0.7789866924285889
2297,195.33992907683034,0.10484144993733259,21.0237346168833,19.54992151260376
2298,195.22652978606203,0.10487999195969838,21.02349727071447,24.35405206680298
2299,194.5542644882014,0.1050811920401014,20.983262298007325,17.2488796710968
2300,194.52872184331937,0.10517621345303371,21.003429675027252,25.717854261398315
2301,193.26343462488617,0.10559503955379748,20.90339537827698,9.152674436569214
2302,194.1308002786373,0.10546766058683094,20.964361424494207,37.36015510559082
2303,194.24949227585094,0.10557803252465195,21.004717810249264,29.145381450653076
2304,195.73699735309245,0.1051928061352655,21.03467063214677,55.3256459236145
2305,195.46962737956153,0.10514679523367615,21.004323925825304,27.67777681350708
2306,195.44493110576593,0.1051315967113912,21.00428068656705,31.77217149734497
2307,196.62048179470827,0.10507069607974055,21.11423787970138,43.41996431350708
2308,197.3342769767612,0.10476625777565955,21.113095500904368,36.20645761489868
2309,196.4709342069936,0.10497985645916422,21.051964545895324,14.989296674728394
2310,196.40622486492367,0.10508795263141468,21.071444900436372,25.589382648468018
2311,197.71216261627444,0.10498508533751644,21.18073045143201,44.28935527801514
2312,197.45504099011168,0.10503988564693197,21.168923146917688,23.526159048080444
2313,197.29049058021056,0.10492871330979966,21.137233915448512,24.193954706192017
2314,198.27758567440847,0.1046564532037287,21.165861576294024,39.332661628723145
2315,196.85480981766437,0.10468131724311998,21.024202960531085,7.6024556159973145
2316,196.7062617194877,0.10473340516958987,21.023960930925774,24.603294372558594
2317,197.30919910229284,0.10469774426964495,21.083721321616515,34.15712380409241
2318,197.32610711126992,0.10455528944001383,21.06288410840035,26.648812532424927
2319,197.58284604015722,0.10454112668014283,21.092255267316347,29.989145517349243
2320,196.91701757975565,0.10471708945914293,21.051332714643184,17.674148559570312
2321,197.0578474039581,0.1045703924982008,21.04081938749675,28.09955883026123
2322,195.25726892991852,0.10411292386733645,20.85041119362178,2.284322500228882
2323,195.13469624061935,0.10427398042101281,20.871907081685563,24.70088005065918
2324,195.62334927821314,0.10429681438729449,20.933188010868708,32.46976685523987
2325,196.897115785431,0.104151679060759,21.02385613076002,43.28946566581726
2326,196.2081446275767,0.10436016227015142,20.98361756945242,17.10330891609192
2327,195.28606318130093,0.1045665606474499,20.913781393757898,14.111416339874268
2328,196.5232025494879,0.10424189817577165,20.944643579820315,42.49300694465637
2329,197.477970523993,0.10408989015291803,21.005197144022112,39.72850060462952
2330,196.93319081875308,0.1043077325101301,20.98514517258189,21.5275456905365
2331,197.40385891056553,0.10420727813584849,21.01529372085607,38.218881607055664
2332,197.56982032145987,0.10414651376570495,21.025140783647508,35.59805631637573
2333,197.57412211824527,0.10411514963814893,21.024889375811032,33.34193682670593
2334,197.6583808970628,0.10389924086021403,20.994640482052922,33.81126427650452
2335,197.9117970880922,0.1039364816354684,21.034694077232395,31.60678744316101
2336,198.84267911721125,0.10379058760949172,21.09434713646007,39.535374879837036
2337,198.47425232603914,0.10374033605438446,21.05340366509547,21.620395183563232
2338,198.71950980277873,0.10359979368038769,21.052869628444515,29.764955759048462
2339,198.77231470475093,0.10359320750828968,21.06234093216007,27.293254375457764
2340,197.4345915577034,0.10409573697166832,20.961717522838466,8.720115900039673
2341,197.12024564212638,0.10401863502363838,20.922100347610083,22.081674098968506
2342,196.60904318570513,0.10407433908436091,20.882879344133983,19.534226179122925
2343,195.8829527538481,0.10424327311287214,20.83405055069264,16.744300603866577
2344,195.7141232263096,0.1043181588174976,20.835710045185717,24.508718252182007
2345,195.4169819940465,0.10423883265100937,20.797352944733863,22.071640014648438
2346,195.27281217410604,0.10441191393775895,20.819379415286523,24.139970541000366
2347,196.05008405236495,0.10432017575076231,20.881185621133657,36.422882318496704
2348,195.9995832118413,0.10448116247493008,20.912373764922318,25.693633317947388
2349,196.9095873797229,0.10444680381185326,21.003250027273097,38.590526819229126
2350,196.24049150592566,0.10463310500450396,20.963217527000367,17.44426417350769
2351,196.6080865908664,0.10457389841797823,20.993585351730363,31.338719367980957
2352,196.77200572495772,0.10484271342440878,21.073649498213058,28.384629011154175
2353,197.26428566770815,0.10481054645276631,21.122913003230927,33.39086937904358
2354,196.75164281103108,0.10485833139919756,21.08168387319862,19.60656213760376
2355,196.04412638292075,0.10507958935504685,21.040867034466636,16.7710018157959
2356,196.01368511909155,0.1051168763630508,21.05045836412197,25.699870586395264
2357,195.51354826790063,0.10529858431174906,21.02995378048075,19.482093572616577
2358,195.76841278522164,0.10515057584419718,21.029654242675942,29.89075756072998
2359,194.87072865736943,0.10532548518009484,20.959357700249182,14.146337509155273
2360,194.26202137079574,0.10539163331336851,20.90976412324669,17.998559951782227
2361,193.95940115708777,0.10574015600462507,20.94066648201422,22.199341297149658
2362,192.8298071455169,0.10579386555568993,20.831259817194077,10.96134090423584
2363,192.33150907406173,0.10557508773929387,20.752947219022136,19.09088683128357
2364,191.8381939833211,0.10563821798078205,20.715417746831918,19.1547589302063
2365,191.9998120434879,0.1057837588778973,20.7682635693636,27.86519718170166
2366,191.66981392305303,0.10585799676081643,20.750580933669966,21.960070610046387
2367,192.4631157838225,0.10561122491128945,20.773075124333268,36.66590666770935
2368,193.66848462598426,0.1054496813522724,20.855344373089935,42.404048919677734
2369,192.8317997797244,0.10575882090238603,20.806790929359035,14.664628267288208
2370,192.99348178192716,0.10575386427230954,20.828723020065446,28.068545818328857
2371,192.24354696410788,0.10571327478212882,20.75043578986479,15.862875938415527
2372,192.6011114944668,0.10553333501676367,20.752931431966143,30.385853052139282
2373,192.34510037952214,0.10561572621749424,20.74540211764648,22.237908124923706
2374,191.8116493757269,0.10578259053805311,20.717948096470018,18.938097953796387
2375,191.8535328819696,0.10574517279593788,20.720768615505317,26.148334741592407
2376,192.5349975531499,0.10568772106797851,20.783560929350262,34.66645097732544
2377,191.71964757761842,0.10580201502846989,20.71572532005676,14.91934609413147
2378,191.7224511018422,0.1058377448781852,20.72856806685619,26.654409646987915
2379,192.0152265908238,0.10586534028008207,20.77128238618763,29.609890460968018
2380,191.71507432491558,0.10591779798839235,20.753569562325755,21.61269474029541
2381,191.16792358166643,0.10602650322018727,20.7160338667025,18.3757004737854
2382,191.19624434584975,0.10594561963128436,20.708873528035472,25.76500940322876
2383,191.11428190239127,0.10586976999234857,20.69178479275512,24.980939388275146
2384,192.03313908336736,0.10587114296380316,20.794866944827564,37.85145020484924
2385,190.4128076925337,0.10547909820083179,20.61691827537929,3.9422662258148193
2386,189.42867961560836,0.10561995939273651,20.5307490926255,12.322810888290405
2387,188.3643928194523,0.10613002485905011,20.465441601699244,11.110119104385376
2388,188.58074889125777,0.10597348651522152,20.46078718568225,28.383435487747192
2389,190.0749414023452,0.10577173981574978,20.556179313825428,45.19093561172485
2390,191.94419198832173,0.10529757679425011,20.580617520687174,50.76636075973511
2391,191.40475006843852,0.10554894885239458,20.564811345480305,18.421889543533325
2392,191.00070256775413,0.10548683684731433,20.5191632320255,20.14038395881653
2393,190.35069554207658,0.10586053990741262,20.50397159970525,17.11464834213257
2394,190.2271885866558,0.10592553001395648,20.508931883708197,23.88215947151184
2395,189.93491670078927,0.10579795173245046,20.463842564871115,21.588310480117798
2396,190.20556753378136,0.10570771415060982,20.479204139222404,29.1993567943573
2397,189.29351185844357,0.10566073801920474,20.38441209783018,13.224069356918335
2398,188.69057673985913,0.10568940195684215,20.330567976851874,17.465678453445435
2399,188.74367097246054,0.1056118893805727,20.327262297083355,26.07315683364868
2400,188.30623426273593,0.10586611531435318,20.32398967411252,19.365221977233887
2401,186.49317192010855,0.10480745416120965,20.1307497773714,0.9586122035980225
2402,185.39824020090748,0.10453860039881833,19.999442279597684,10.284473657608032
2403,185.9742577988984,0.10435741192569435,20.019447856801705,32.45972299575806
2404,186.43451522090942,0.10430521711678224,20.059253378233684,30.888721704483032
2405,186.85017006870032,0.10427093687543898,20.098660844451345,31.012701272964478
2406,185.60166836801332,0.10484113073249104,20.00767423600683,8.299320697784424
2407,186.49565168433318,0.10473817397062067,20.077597493646763,36.501484870910645
2408,186.68069516748986,0.10461762149920714,20.076821518710293,27.249852418899536
2409,186.38388821581495,0.10465424783198576,20.05605330352319,21.09144353866577
2410,185.1700493336568,0.10514616689212745,19.965492770487955,8.724719285964966
2411,184.78834884032023,0.1052511678082402,19.945837842783074,19.592249393463135
2412,184.580465351917,0.10523524149601146,19.926379464355243,21.866341590881348
2413,185.69466069839785,0.1051288350269973,20.01711566971169,39.6101815700531
2414,185.46771409141388,0.10536589023500953,20.03694451301457,21.96059489250183
2415,185.23303695049975,0.10542334244377054,20.026575067884426,21.778191566467285
2416,185.58070658099473,0.10536910901933283,20.05630931720558,29.541154146194458
2417,185.56489951518478,0.10529367879870472,20.045746224033525,24.50357937812805
2418,185.60925052003293,0.10539863674755977,20.07528876179319,25.335068464279175
2419,184.51315801483258,0.10539728195903154,19.964535874175258,10.163131713867188
2420,184.58802643468425,0.10533289247277457,19.964890515433506,25.943638563156128
2421,184.3321461703374,0.10522295977446192,19.925241610279173,21.210875511169434
2422,183.84882470863406,0.10534720076495259,19.895989194176384,18.44407892227173
2423,184.05033646154772,0.10542117973769521,19.937029302234617,28.026079177856445
2424,183.69983309693225,0.10564213572555316,19.93765900921227,20.0072124004364
2425,183.97283476596294,0.10562836839673365,19.968282419120147,28.361790895462036
2426,184.4531064183033,0.10552036057483528,19.998599594928947,31.189738512039185
2427,184.33857535412025,0.1054478159286245,19.978613598979656,23.116612672805786
2428,185.26518960057905,0.10536806701121551,20.05882746298986,36.88332200050354
2429,185.60253770457325,0.10531895255114901,20.088239188359964,29.215930700302124
2430,186.0565123275275,0.10530472406459855,20.137356796476364,30.75664496421814
2431,186.51594720425223,0.1052430561342974,20.175983228511598,31.694772005081177
2432,187.3907877322097,0.10503004163134858,20.21422339622648,36.69489073753357
2433,186.9668798548876,0.10515215500813854,20.192081162264213,19.77634572982788
2434,187.6072110563387,0.10509664939431214,20.250160350641572,33.385467290878296
2435,187.6411389457753,0.1051451593401596,20.267658747135155,25.60281205177307
2436,188.41472755631756,0.10496163227505988,20.3049821596638,35.694880962371826
2437,188.82058028075437,0.10487271464226562,20.331932338067162,30.687590837478638
2438,188.37237447794683,0.10486565416250963,20.28861301468649,19.379591941833496
2439,188.34865073316737,0.10483850299722862,20.285726884539624,24.955625295639038
2440,188.6151642258357,0.1046738388974889,20.282869615694228,28.84989047050476
2441,189.23901258357733,0.10462311644476899,20.340040919537287,33.682151794433594
2442,190.02662245774155,0.10443509423554519,20.37664051034191,35.88201189041138
2443,191.35635623316412,0.10431953586284917,20.48287410523849,43.04459309577942
2444,190.2727926708325,0.10436067785361826,20.378045364186107,11.243309259414673
2445,189.19006474412416,0.10453658327020403,20.284264910544245,10.896955966949463
2446,189.81816409668292,0.10448328092956548,20.341422261438804,34.198819160461426
2447,191.48998245571607,0.10436281786816898,20.478008038824417,47.74661827087402
2448,192.40508263115893,0.10423791760468164,20.543227958436173,37.58784890174866
2449,193.39103180484733,0.10408900921901283,20.60779567885181,39.08202934265137
2450,193.55712148679885,0.10400050007920365,20.611717722063293,28.406624794006348
2451,194.56155027193086,0.10374280800358168,20.645600544842658,39.86951756477356
2452,194.93593476921154,0.10365365578561483,20.66914453939423,30.790573596954346
2453,195.07657542151944,0.10357405702680174,20.67245309400029,28.16792583465576
2454,196.44580966730425,0.10344193091436504,20.775728563060284,44.38409423828125
2455,196.9513515706312,0.10346014318416877,20.83797127742968,33.13733792304993
2456,196.66183805492489,0.10367554175232709,20.849591564655384,22.42695426940918
2457,197.96521967437565,0.10355621752746437,20.951095649008828,43.73106813430786
2458,197.6755674776319,0.1034674009143199,20.91158469251874,22.8982994556427
2459,195.88881180285557,0.1024327269051767,20.712468845593555,2.6933674812316895
2460,194.319923684827,0.1021776304053557,20.54534415713762,5.197727918624878
2461,194.3567244479787,0.10226696521241324,20.569890715566245,26.505783081054688
2462,196.2631572034989,0.10204949036548391,20.68419180841058,51.77786350250244
2463,197.08052563146393,0.10196424726039022,20.747349890326475,37.209235429763794
2464,198.49972037514928,0.10197705316536744,20.89987639142321,45.54048705101013
2465,198.21472317139776,0.10195728263371377,20.87087762750898,23.09849214553833
2466,197.33257593968378,0.10202861889828573,20.79216885123389,14.849904537200928
2467,198.06925018028696,0.10218914451742095,20.914247162721548,36.2533061504364
2468,197.83855767848408,0.10219582450081817,20.895104691094332,23.389589309692383
2469,198.03017210169924,0.10223377408991137,20.926153644183387,28.88395380973816
2470,197.16987038068226,0.10246143634901225,20.866892107741553,15.171798706054688
2471,197.32817167687543,0.1025166341920949,20.898223186664136,28.630362272262573
2472,197.9648899601067,0.10244932225630422,20.949240954797496,34.75963282585144
2473,198.3952410605056,0.10242067965614782,20.98974854524952,32.19971299171448
2474,198.15128864990055,0.10243095561820702,20.969851059797026,23.4632625579834
2475,197.95977576340152,0.10246809857599143,20.960152549199055,24.396083116531372
2476,197.1301780057675,0.10292167845979673,20.930551023707064,15.604345083236694
2477,197.24887622570984,0.10304078703405044,20.971245513469995,28.623777389526367
2478,196.10638746345276,0.10297423458539667,20.851533058335296,11.188244104385376
2479,195.62532358881822,0.10309314088819135,20.823017727751942,19.773477792739868
2480,194.97907035293002,0.10305457589152318,20.754787550474422,17.515235900878906
2481,195.75927964940072,0.10301304112161894,20.82723967496968,36.453163862228394
2482,197.2216868529067,0.10286010369285889,20.928967278219982,45.74544978141785
2483,196.48946998437765,0.10296053491399482,20.86967760543778,17.071746826171875
2484,196.44457528453387,0.10307676289818819,20.890980829383402,25.7637779712677
2485,196.68012953168852,0.1031369043601154,20.932071021089566,29.360323429107666
2486,197.40332823637164,0.1031464275098228,21.01275031087867,36.28348779678345
2487,196.44929495400794,0.10338947303864614,20.942622807769883,13.944373369216919
2488,195.54480200446787,0.1036763330252408,20.883196579692182,14.561719417572021
2489,195.27935398442318,0.10364548685475171,20.85436461389526,23.103641986846924
2490,196.93656044457896,0.10357856107207676,21.005820967756307,48.31018662452698
2491,196.18719484013317,0.10352638201873304,20.925762758078744,16.58741021156311
2492,196.12532289173186,0.10359638135644045,20.936505130497956,25.471485137939453
2493,195.08406966281453,0.10364737406461516,20.837140079192977,12.312767267227173
2494,194.8432289661864,0.1038389704994076,20.848768678401047,23.08329200744629
2495,194.32479667652453,0.10384953184336457,20.800280991617036,19.076143980026245
2496,195.73154870975927,0.10370655891299063,20.902278181700865,44.98024654388428
2497,195.5742332226617,0.10361393776830517,20.873255399883856,23.99186611175537
2498,195.7384908904351,0.10361553423967872,20.894522845885017,28.716466188430786
2499,194.75110598153074,0.10381649229934378,20.815577617426165,12.88170599937439
2500,194.90359492171544,0.10368308928111225,20.8074218412519,27.989704132080078
2501,193.9845589724983,0.10381130693199045,20.72934762283938,14.28828501701355
2502,193.7647133827733,0.1040522636301124,20.752054146610988,22.922555446624756
2503,193.35706624894556,0.10418821158204657,20.73453360514488,20.363404273986816
2504,192.1834955864561,0.10459369788727872,20.64718826909343,10.166074275970459
2505,192.16166063059154,0.10481091880314278,20.690716386402496,25.583565711975098
2506,192.27004402428562,0.10479729237373203,20.70380922253847,27.226160526275635
2507,191.82734358404275,0.1050331032337785,20.696771130313085,20.16463875770569
2508,191.3290701482023,0.10517995530003227,20.669803419009952,19.186060667037964
2509,191.82577944672028,0.10504101881757137,20.69310538481985,32.114744901657104
2510,191.60752165225307,0.10487296157057213,20.646174330971654,22.652987241744995
2511,190.71144643573055,0.10519678097447425,20.589712587661936,13.630409479141235
2512,192.13433197137326,0.10504571406563042,20.693815461785317,44.73677921295166
2513,192.6029886516595,0.10495760002120841,20.726877307167463,32.041356325149536
2514,193.4169587651429,0.10474744007939048,20.759608534095786,36.98278522491455
2515,192.69278917749148,0.10510492435628252,20.732012448754826,16.29307532310486
2516,192.41586128571657,0.10520539026423485,20.724692324267277,22.57149338722229
2517,192.76170267285943,0.10512249935718722,20.747445401024606,30.22827696800232
2518,191.16408564613084,0.10528339557573656,20.58997094701436,4.429055452346802
2519,192.00244478966954,0.10524874343816101,20.674071237544215,36.92839336395264
2520,192.76242034177284,0.1052410321231824,20.757330525168772,35.882556200027466
2521,193.0047961383551,0.10511028078812569,20.759757219917084,29.386699438095093
2522,193.2147481769715,0.10504048639145938,20.772159647717913,28.983891010284424
2523,193.71260069520181,0.10501888811190692,20.824438051240737,32.52762579917908
2524,193.6754746882498,0.10507396238868258,20.836193670728328,25.347991228103638
2525,194.68871994136728,0.10476898547666016,20.857831734021044,39.66643714904785
2526,194.1218327419536,0.10473578837551674,20.79925341668083,18.612407207489014
2527,194.46061441453406,0.10469720242158613,20.83126088251402,30.40640640258789
2528,194.2460082703887,0.10469069282511594,20.812948273688882,23.287954330444336
2529,194.0535481876848,0.10467235732543621,20.794818790951993,23.571823120117188
2530,194.47301270580797,0.10460021002336829,20.826870603042472,32.080145597457886
2531,194.7682825787499,0.10458099363742032,20.858601897012047,30.522870779037476
2532,194.90059975296242,0.10459287600873841,20.880015878041927,28.18032741546631
2533,195.1615937554328,0.10467816896810804,20.93121571926151,29.593250036239624
2534,194.03997781787848,0.10471572462782454,20.821903562068893,11.074987411499023
2535,193.38957803969967,0.10483135807922071,20.773684526448204,17.265923261642456
2536,192.60568225930268,0.10482652275929807,20.69594768118372,15.325024604797363
2537,190.76962543670965,0.1037782575317051,20.498988204371887,1.1987709999084473
2538,191.26192918234256,0.10382380828972139,20.563998322328167,32.29950213432312
2539,191.49930989051913,0.10371580276496371,20.568358339104886,28.52879309654236
2540,191.05431679161393,0.10376708011146372,20.53267475571384,19.938034772872925
2541,192.4337736236978,0.1037324488240269,20.6673480081567,44.17247653007507
2542,191.8294358874608,0.10383148797215025,20.620674528075135,17.858834505081177
2543,191.60114152858617,0.10409494824035774,20.644467782794383,22.708218812942505
2544,192.0051301133003,0.10417468841312658,20.70802310496644,31.372121572494507
2545,191.9950788121673,0.1042847739897283,20.730942873916774,25.524078369140625
2546,190.83512802404562,0.10429455782877839,20.613633445177605,10.109044551849365
2547,190.35677674380517,0.10430056329944165,20.567497110725828,19.091278553009033
2548,190.78320897636712,0.10433051903983778,20.621822139618573,31.03789520263672
2549,191.91537688660344,0.10417537174417625,20.69560391822239,41.32540273666382
2550,191.1162231177374,0.10456218945530592,20.658647879040167,15.10414981842041
2551,191.49506088656003,0.1044772662507092,20.682061400249765,30.47915506362915
2552,191.0001102776944,0.10455925415158239,20.645240786247268,18.8766872882843
2553,190.36010917491745,0.10485224428723192,20.618788378384796,17.120797872543335
2554,190.05650808316827,0.1048037218443596,20.58260049460095,21.598939657211304
2555,190.2459430023366,0.10485616309481552,20.61677448965494,27.980350017547607
2556,189.87348357231323,0.10485335309785429,20.58060674475839,20.395628213882446
2557,189.4647487365901,0.10501287325815091,20.56480067731081,19.828388929367065
2558,188.8201012492242,0.1050827445255694,20.509152670537702,16.842353582382202
2559,187.55190023673197,0.10532223966095887,20.394061143832324,8.297407388687134
2560,188.88638123436465,0.10514129140765147,20.480120532394,43.237852334976196
2561,189.377517422021,0.1050982818549195,20.52531932707006,31.739795207977295
2562,187.53374224780077,0.1040472990363703,20.330066133799363,0.7047381401062012
2563,188.65840482532278,0.1039068260460066,20.40676547246137,40.37649130821228
2564,187.16182077706952,0.10389339881118756,20.252697817736756,5.198968410491943
2565,186.00020256929884,0.1041220704568785,20.15017083955939,9.363603591918945
2566,185.25020054360587,0.10452229119375116,20.1186691311638,15.038626670837402
2567,184.1576985381698,0.1043981209133926,19.99748243985216,10.18917727470398
2568,184.39612155278812,0.10445990893502789,20.037507615453638,27.76601004600525
2569,185.21216033726023,0.10427997149981294,20.0771325392991,35.7901508808136
2570,185.29003873388763,0.10422162774336403,20.076361213906107,25.70577359199524
2571,185.21713834654875,0.10435918674682927,20.095597601767047,23.978766202926636
2572,184.11496696308325,0.10464892821269432,20.004641625749375,10.025350332260132
2573,184.18381729345242,0.10470191537035796,20.02459520949188,25.356196403503418
2574,185.9019791205179,0.10444141307058696,20.114349257396963,47.502028465270996
2575,186.6829593293127,0.10438184742472958,20.183205764822993,36.134480476379395
2576,187.09612973601958,0.10447837982767527,20.251373707174764,30.536745309829712
2577,186.72516843865938,0.10456692936273185,20.228859970103017,20.091655015945435
2578,187.80791675427278,0.1046060058318164,20.356571370401984,39.28577923774719
2579,188.34983758673005,0.1045516813106883,20.403005656697964,32.37636661529541
2580,188.08633921086275,0.10461727560869252,20.388975600130987,21.612791061401367
2581,188.1754758187541,0.10463709270032133,20.405085844129676,26.273816108703613
2582,188.69372106056656,0.10463238843998478,20.461034985688382,32.11342096328735
2583,188.9867838499609,0.10468698198677759,20.506424635831497,29.024887800216675
2584,189.63691601146127,0.10450625389919328,20.531360389473182,34.52402853965759
2585,189.15054685134666,0.1044540991616198,20.476046785578447,18.76541566848755
2586,189.8790413828332,0.10451642839901122,20.571286317722663,35.314457178115845
2587,190.9702509690049,0.10450805341267998,20.685573454545437,40.25247001647949
2588,191.55054845931485,0.1044669889428102,20.738717719999986,33.31135845184326
2589,192.0150429747217,0.10443072241472665,20.781330542799985,32.03171420097351
2590,192.40489254497447,0.10438208618625038,20.813517237371983,30.63935923576355
2591,191.32084361952474,0.10452874151486406,20.715382064998263,11.269065856933594
2592,190.53763518332948,0.10454540100237028,20.63822824434828,15.194190502166748
2593,191.08225883149618,0.10443872250255065,20.671845961904797,32.73108124732971
2594,190.9314362431812,0.10470115345934333,20.705127502285748,23.594621896743774
2595,190.5421218807494,0.10483835245106568,20.688076227262894,20.47133231163025
2596,189.73670066194188,0.10515360529019138,20.641195464990265,14.698066234588623
2597,189.77933365532246,0.10528763624759875,20.67478351034036,26.06032705307007
2598,189.64154031876922,0.10531430533966822,20.668035675236958,23.535815477371216
2599,189.95512491558154,0.10516613966183715,20.67135531848459,29.486607551574707
2600,189.4755736664257,0.1053820838990216,20.654641765299743,18.88193392753601
2601,189.24081792976145,0.10529211848171811,20.618095347646747,22.19437861442566
2602,188.21840975046385,0.10561850764172852,20.541914394170277,11.570082902908325
2603,188.0662256529592,0.10566058846126498,20.536495250228572,23.588850498199463
2604,188.3955633964296,0.10564470655855279,20.571130297726285,29.59452986717224
2605,189.7716077624653,0.10553917973836605,20.68541899474902,43.59490609169006
2606,191.76389168484062,0.10530641004895154,20.80856480480153,52.5872323513031
2607,190.6362527679922,0.10564575101175316,20.720479156753516,10.545995950698853
2608,188.89989024031226,0.10635399938398858,20.55327436518598,2.273669958114624
2609,189.13089133790913,0.10623385561656379,20.55774162153412,28.68070960044861
2610,190.05958242453002,0.10609350287600099,20.62216420531878,37.56890034675598
2611,190.51898660028473,0.10613426276249521,20.68594256326559,33.212249994277954
2612,190.68379673428188,0.10603910370974948,20.689083137632934,29.980565071105957
2613,191.60695876693907,0.1059681119659382,20.772192306256603,41.36588501930237
2614,191.8008891792697,0.105856298144857,20.774470383194036,28.491010189056396
2615,192.01288028747697,0.1058775473699812,20.806725679362092,28.39601469039917
2616,193.54275148460218,0.10563036609917993,20.88865842256847,46.0367329120636
2617,192.91732396975615,0.10579543648398966,20.849771838342786,17.415109872817993
2618,192.0381507300586,0.1058803392620069,20.771274119959358,14.529045581817627
2619,192.687769222758,0.1056775669977915,20.793561378759765,35.1850962638855
2620,191.59089153053043,0.10570512867721117,20.68562576497217,11.076075553894043
2621,191.49498261522513,0.105582143324505,20.658769507322447,27.164855241775513
2622,191.00003278907286,0.10586435006027403,20.65218181224922,18.923678874969482
2623,191.21003246118212,0.10589061222004865,20.685659994126727,28.387617588043213
2624,191.49793213657028,0.10574079700693909,20.68880339418546,29.673375368118286
2625,190.70295281520458,0.10575481760829826,20.611915360243604,14.914548873901367
2626,190.59592328705256,0.10575282498777083,20.605796206641166,23.97492265701294
2627,188.71996405418204,0.10469529673789313,20.409738244574754,0.4170076847076416
2628,188.54276441364024,0.10481793441378905,20.415640862129006,23.18985414505005
2629,187.38733676950383,0.10513961808334978,20.321484453507715,9.68306040763855
2630,187.21346340180878,0.10526469249075157,20.32826960897264,22.795462369918823
2631,188.16132876779068,0.10520495336726249,20.414986912882913,37.89327931404114
2632,187.97971548011276,0.10521172736300163,20.400837043754084,22.75511860847473
2633,187.8899183253116,0.1052210626033381,20.39682867331654,24.303900957107544
2634,188.87101914205851,0.10518283799129075,20.492860386583377,38.31010913848877
2635,187.58230895063792,0.10546434294471117,20.377931782717543,8.106584548950195
2636,186.87648586113153,0.10552081062637517,20.314152464890366,15.783042192459106
2637,186.6677210025202,0.105549939869509,20.301010940241465,22.091551303863525
2638,186.81104379249498,0.10563871907777908,20.33800083083905,27.082441329956055
2639,186.00293335457005,0.10580874698134092,20.27462082253066,14.303555727005005
2640,186.08290402102435,0.10573004095482648,20.271874614305354,25.839181423187256
2641,185.7920749808141,0.10562815455801706,20.2291558681623,21.048708200454712
2642,185.24415423100598,0.10556423942465064,20.16686430948068,17.744083404541016
2643,184.70171268869592,0.10588264283193086,20.155195666385875,17.42764687538147
2644,184.60469556180897,0.10613810211789726,20.193643709722014,23.37154793739319
2645,184.63864860619088,0.10630012535203744,20.231707272624792,25.013399839401245
2646,185.58226212012897,0.10606149685837368,20.26939019989854,37.88903880119324
2647,183.8364394989277,0.10590997279888086,20.086696297899557,1.4684975147247314
2648,182.74807510393842,0.10618420640422538,19.99582933492056,9.977009296417236
2649,182.34059435289902,0.10610827983314088,19.945871041571355,18.94575572013855
2650,183.21718840937,0.10604719703480947,20.026412331155644,36.04745173454285
2651,183.3250165252763,0.10622383846652322,20.07614820784409,25.816468238830566
2652,183.80176636002355,0.10615727107752898,20.115386725765646,31.555384397506714
2653,184.6337486964233,0.10603202795476867,20.17423285850799,35.70818877220154
2654,186.06741120945907,0.10591682962644049,20.29249052992291,44.016332387924194
2655,185.54673709736448,0.10575318371823579,20.21956562462368,17.780322074890137
2656,186.51126972639082,0.10554671571084066,20.267369968377444,37.90320944786072
2657,185.5961570291269,0.10564914329057436,20.18469626869367,12.586455345153809
2658,185.00019545883563,0.10570376296877972,20.132849306006733,16.87192130088806
2659,183.2101935042473,0.10464672533909192,19.941520812946667,0.8662300109863281
2660,181.4280915692048,0.103600258085701,19.752105604817203,0.636516809463501
2661,180.95381065351276,0.10398216595260519,19.75458454876903,18.48076367378235
2662,182.4342725469776,0.1038541983964226,19.867038703281338,43.71726441383362
2663,184.04992982150782,0.10362960990083046,19.958368316248524,45.90561079978943
2664,184.56943052329274,0.1034407714289408,19.968784633086038,31.478759288787842
2665,184.0037362180598,0.1035782387146514,19.929096786755178,17.1418719291687
2666,183.5336988558792,0.10371033953918372,19.89980581888763,18.227038145065308
2667,183.9183618673204,0.10384440731496306,19.97080776069875,30.17363142967224
2668,184.8891782486472,0.10376681733434012,20.051099683091763,37.69004416465759
2669,185.19028646616073,0.10375240497495021,20.080588686260846,28.72684931755066
2670,185.02838360149912,0.1040166560731297,20.10978279939824,22.84018087387085
2671,184.4380997654841,0.10416696570287458,20.068684971404256,17.08812975883484
2672,185.72371876782927,0.10395596697236341,20.137998121690213,41.749571561813354
2673,187.10648158015098,0.10381146903103483,20.23661814047331,43.53912806510925
2674,186.93541676434947,0.10389100139954802,20.234251959068576,22.723499536514282
2675,186.13606259670595,0.10425396054443105,20.19190943947789,14.95001769065857
2676,184.8447019707389,0.10426405251793411,20.05999034508311,7.6237852573394775
2677,185.8462549510315,0.10420386813310564,20.149390441632278,38.36738419532776
2678,185.2277924015212,0.10477473267758104,20.157896537215954,16.51945996284485
2679,185.335514477506,0.10484943433039706,20.186317571843794,26.06879949569702
2680,184.76215933273093,0.1048946899870931,20.134454396125356,16.991976976394653
2681,185.31453773940362,0.10476240975388883,20.1631098521641,32.61396622657776
2682,185.74139236200958,0.10485513653354292,20.23147875364246,30.49453902244568
2683,184.77397843838946,0.10515489977494907,20.159163966106036,12.197531700134277
2684,184.88623865400558,0.10527682016495468,20.197572326444973,26.257497310638428
2685,185.46737626746554,0.10512940175754382,20.225596603180524,32.840118169784546
2686,185.99270250479088,0.10500247748786753,20.253340637148717,31.729695320129395
2687,186.44277547974298,0.10503470379523995,20.310807230777232,31.142453908920288
2688,185.91834772494556,0.10517838660803382,20.27769915846946,17.932847261428833
2689,186.4791642476961,0.10520098290724274,20.344922166884764,33.07659316062927
2690,186.94437260521914,0.10530777136143211,20.421472945215918,31.666529178619385
2691,186.61492887916694,0.10522871962184377,20.37725821576376,20.721735954284668
2692,186.42877959037529,0.10518833718753008,20.353485633606123,22.778888940811157
2693,188.08449179447155,0.10493190836110933,20.43995077727006,48.019127368927
2694,188.92364687652682,0.10494876574808647,20.535551269497358,36.1761839389801
2695,188.84441040776156,0.10522524494143433,20.580195756802382,24.030691146850586
2696,187.59596630368392,0.10511049249201998,20.44439379923436,8.526931047439575
2697,188.0900066406471,0.10519862807342889,20.519949861242015,31.58137321472168
2698,187.39910657424062,0.10540714599437527,20.474750362629596,16.051944494247437
2699,186.7951155084982,0.10569165721159687,20.4500028590033,16.892690181732178
2700,187.14716435341322,0.10558068658542685,20.465502830413264,30.103859186172485
2701,185.8856927098791,0.10583635512940864,20.350847802109133,8.052564859390259
2702,185.3768357827803,0.1061113249114479,20.337339324088042,18.220484733581543
2703,184.91306742495246,0.10612934835298089,20.29396593084716,18.453938961029053
2704,184.52393675070294,0.10602695897904013,20.241026271538686,19.477943420410156
2705,184.55869738319592,0.10592413619776037,20.228616008823302,25.53792643547058
2706,185.10311040936395,0.10603644295293757,20.31632984873507,31.94120693206787
2707,185.56207930527032,0.10610161964894932,20.38316655024772,30.937528610229492
2708,187.4864585122176,0.10578134419320057,20.46933488474524,51.14584708213806
2709,187.11159392709544,0.10579019741793522,20.43464153589779,19.739637851715088
2710,186.16047798782446,0.10592794761766891,20.350295120538814,12.275344133377075
2711,185.74887320794622,0.10597211641735428,20.31679216933343,19.732426643371582
2712,186.00138447586676,0.10586026255175893,20.323624247640094,28.181476593017578
2713,186.1113706311081,0.10596917261659666,20.360388005163692,26.53890872001648
2714,187.43025692479702,0.10575853749420429,20.436784125112055,43.114153146743774
2715,186.76595435554907,0.10594062154074985,20.392416283860936,16.088271141052246
2716,187.14829481199357,0.10599232643645345,20.448492121022326,30.015878200531006
2717,187.80681186387363,0.10603912253967786,20.534007199812102,34.56853938102722
2718,188.8287437452349,0.1059097657970397,20.60866712781398,38.57035183906555
2719,187.55045630778255,0.10599820912267587,20.48258045653584,8.214126110076904
2720,187.73495174470472,0.10610327557513842,20.52775465197048,27.612828969955444
2721,188.58760222725766,0.10603125380839802,20.602477105450774,36.473474979400635
2722,188.33172620498507,0.10595253636233858,20.566452334396267,22.189481019973755
2723,189.68840894293524,0.10584980112217197,20.680787811052305,43.28885197639465
2724,190.02152485350587,0.1057330071468247,20.69397993294178,29.880777835845947
2725,189.6813096049708,0.10589362579330518,20.68704013361236,20.877461433410645
2726,190.1744965089211,0.10579703263160645,20.720169732276233,32.08286142349243
2727,190.71275154383187,0.10576365246922481,20.77296803495347,32.41355037689209
2728,190.65562402839353,0.10589520513372175,20.79523835460394,24.852988958358765
2729,191.5590677881096,0.10569034560907492,20.8372859710579,37.60050916671753
2730,191.4334771102285,0.10569489466695066,20.82891311134732,23.88662624359131
2731,191.2091423391262,0.10582137767294388,20.830623980233845,22.5531165599823
2732,190.10705091573493,0.10562736142707864,20.702317740431504,11.290344715118408
2733,191.07598040657757,0.10554669756890542,20.785294563027186,38.805046796798706
2734,190.1052206025118,0.10555506038045041,20.687441617396914,12.429407358169556
2735,190.35416839648667,0.10547625396269242,20.700567201222942,28.994778156280518
2736,190.0806267125218,0.10558713559484463,20.69356152921071,21.688793659210205
2737,190.99982044539655,0.10555963303322242,20.786625913918606,37.59756422042847
2738,190.7098222409426,0.10567687620906303,20.778759654779417,21.460805416107178
2739,189.9527240185332,0.10575054222958111,20.710972058231622,15.496765851974487
2740,190.39319677834786,0.10563320774745624,20.733862337649306,31.849432229995728
2741,189.3492648105644,0.1057396663676561,20.636523714272812,11.513952493667603
2742,189.98577216245874,0.10563088630477005,20.680158477130085,33.72285294532776
2743,191.32591444083417,0.1054079107750557,20.753356892358784,43.25724935531616
2744,191.00265529642581,0.10554880022076425,20.745823323435197,21.44273614883423
2745,191.11262874346156,0.10563192607994275,20.778365090200843,26.933905363082886
2746,190.62150245602692,0.10577278991773488,20.750581439298834,19.297801971435547
2747,191.13528743146662,0.1057067975557476,20.793075624905846,32.56617259979248
2748,191.51393455715194,0.10556676014787572,20.805144868656786,30.69478988647461
2749,191.42879521158042,0.10565863353000353,20.817093419970217,24.6499981880188
2750,191.75450725946462,0.10571811862327492,20.868922485770515,30.072770833969116
2751,192.01696218687,0.10585359798750088,20.93023326091281,29.486971616744995
2752,192.23679256500128,0.1057296414468782,20.930930928303685,28.470375299453735
2753,192.14442463935129,0.10581988601601598,20.941621619020648,24.807076454162598
2754,192.67298039295775,0.1057004626660599,20.97220540283044,32.68592715263367
2755,192.89625058902817,0.10562020222544581,20.982483348802134,29.865906476974487
2756,193.58728808313788,0.1056327024932677,21.062658515314112,35.02137875556946
2757,194.23141520230652,0.1054290886466296,21.082031930160973,34.576430559158325
2758,193.60910105028344,0.10528388866925421,21.00121161085936,17.577840328216553
2759,193.2330100397806,0.10532079337230527,20.971199494750767,20.594898223876953
2760,193.19067993938276,0.10548451665551342,21.001487499803257,25.304681539535522
2761,191.41877313998893,0.1056796714889583,20.821472624805224,2.180152654647827
2762,191.67458540858902,0.10554453376024382,20.823257898557173,29.382263898849487
2763,193.03783955450314,0.10540372256898285,20.9250253195716,43.887221574783325
2764,191.8074611589581,0.10534968534329302,20.79577506637588,9.284193992614746
2765,192.0393865473685,0.1054589791875345,20.847817315712124,28.802407264709473
2766,193.32899268189482,0.10543242677883671,20.979339142555002,43.18368339538574
2767,194.51570275507586,0.1053396409725868,21.07954575112945,41.59094977378845
2768,194.85054572752512,0.10542659544005392,21.138750293618155,30.845467567443848
2769,196.92204027024988,0.10519322500804144,21.267362790681975,54.62563395500183
2770,197.9528198675474,0.10490795942462769,21.294689162775153,40.29591774940491
2771,198.44329166887192,0.10483053974940976,21.3317422711474,33.105610609054565
2772,198.56885875218322,0.10477749501542277,21.338424848435928,28.16290807723999
2773,196.8831701646614,0.10506305339860188,21.17504059995157,3.956496000289917
2774,196.82433846301478,0.10511189930440644,21.18329019395205,25.658828020095825
2775,197.21609507838465,0.10507772946390474,21.22145729201253,31.76894783973694
2776,196.5739341276008,0.10538033562791231,21.199242719092407,17.74221181869507
2777,196.4681947863248,0.10513298388453642,21.147250291901482,24.774842977523804
2778,197.69351283846154,0.1049593969923995,21.225777788982466,43.26878571510315
2779,196.92657771007694,0.10514947244396312,21.17352001109264,16.34269380569458
2780,196.29731193297619,0.10544126130161305,21.151784810981717,18.23516607284546
2781,196.9043388136464,0.10543743234618447,21.2202669628719,34.371989727020264
2782,197.26529542550995,0.10541310094117755,21.25806429324318,31.585859537124634
2783,196.72264247125486,0.10575757133036717,21.255483650310747,19.07228970527649
2784,195.9154160465423,0.1061655128584428,21.222928813807638,15.47338604927063
2785,194.99626188607687,0.10645001157601222,21.16069952566956,13.848503828048706
2786,194.49629926721607,0.10662689077059694,21.139092530412867,19.543869972229004
2787,192.8213362745439,0.10667173297400206,20.967701605108736,3.6080474853515625
2788,193.14312291179846,0.10662723786648426,20.998024589057646,30.789376497268677
2789,192.33169168268049,0.10663239405924799,20.918044343167068,15.149482488632202
2790,193.26837476585368,0.10647516102774641,20.978863899735398,38.178502798080444
2791,193.92569101819515,0.10633705034410987,21.019075260738045,34.99289345741272
2792,193.8164341080132,0.10642122082427533,21.028884508130663,24.531091690063477
2793,193.68826976693308,0.10635148375415412,21.008595663049356,24.62024688720703
2794,193.77138706926377,0.10627806792651358,21.008509706418863,27.51385235786438
2795,194.3736731985711,0.10639638960945316,21.108424609354675,34.129324436187744
2796,194.2299364665854,0.10633242571335863,21.087340363261127,23.97637367248535
2797,194.61763710191957,0.10621330746480874,21.106466959628516,31.649725675582886
2798,193.59146073090037,0.10645552221624761,21.02540229003223,12.17406177520752
2799,194.34554612359136,0.10632033502382492,21.075148267131908,36.015918493270874
2800,192.45209066235546,0.10525713167358666,20.87439678446059,0.7224221229553223
2801,193.87756975573188,0.1051000827449105,20.975652816615984,44.80601525306702
2802,194.36879405817456,0.1051601930285725,21.045896288449825,32.800700187683105
2803,195.53510611759282,0.10500891264169514,21.125437325565326,41.9508798122406
2804,195.0697550564169,0.10509976311259363,21.094182952309673,20.050283432006836
2805,195.32905750585275,0.10522523606970298,21.153241122786575,29.783264636993408
2806,196.70576693079423,0.10510391463993687,21.26170871155871,44.77328658103943
2807,197.8287092614863,0.1049266619013045,21.329091624443127,41.39598512649536
2808,197.40042216887144,0.10497416947583983,21.295800708198694,20.760833978652954
2809,197.82641794718273,0.10492442778108144,21.332842701116707,31.91087317466736
2810,196.3781537677109,0.10538461746553476,21.20951427410554,7.053488254547119
2811,196.3443722300338,0.10536704072093124,21.207419131364485,25.71506929397583
2812,196.91092850773347,0.10526198691451244,21.245344940050842,33.94450759887695
2813,197.17181922265613,0.1051062280319144,21.242891490650333,29.77022409439087
2814,197.71010103042954,0.10505118168785023,21.29046257574383,33.9927031993866
2815,198.83300002012524,0.10483937954839108,21.347557949986392,41.57714509963989
2816,198.784670019924,0.10487345997971129,21.354082370486527,26.28438901901245
2817,199.94682331972476,0.1047453603005491,21.440541546781663,42.29684543609619
2818,200.0073550865275,0.10481441155191253,21.466136131313846,27.48405361175537
2819,199.61728153566224,0.10500850346123812,21.46147477000071,21.59950041770935
2820,199.8111087203056,0.10523695723941112,21.5368600223007,29.758568286895752
2821,199.88299763310255,0.10539231713561605,21.581491422077693,27.9125714302063
2822,200.2741676567715,0.10555178308559879,21.66567650785692,32.32015323638916
2823,200.1114259802038,0.10558322177648193,21.65901974277835,24.556070804595947
2824,200.16031172040175,0.10560056029042442,21.672429545350568,27.403319358825684
2825,199.92870860319775,0.10567449819034504,21.665705249897062,23.784229040145874
2826,198.53942151716578,0.10625709747073667,21.55904819739809,8.062757730484009
2827,196.71402730199412,0.1064445264960293,21.373457715424113,2.2225594520568848
2828,196.41688702897417,0.10645792554244626,21.349723138269873,22.813605785369873
2829,197.28271815868445,0.10634740989126208,21.416225906887174,37.77156114578247
2830,196.9498909770976,0.10638149676795922,21.392063647818304,22.20645308494568
2831,196.97039206732663,0.10637295818218917,21.39814301134012,26.458849668502808
2832,198.87068814665338,0.10623946115850681,21.55416158122672,52.09304141998291
2833,198.94198126518685,0.10639065877993145,21.598619965414454,28.067564964294434
2834,197.71256145253497,0.10637938377107951,21.47263376576031,10.114872694015503
2835,198.6254358380096,0.10642285636935488,21.587907428102707,38.65945363044739
2836,198.83918147962947,0.10654044598747951,21.64202835382168,29.24971652030945
2837,198.54078966483317,0.10654013028500116,21.615608070283464,22.486282110214233
2838,199.22538176818483,0.10644851175368672,21.66945198958063,35.944483518600464
2839,197.43312795050298,0.10638402663614985,21.482757469684824,2.7024002075195312
2840,196.61879667099794,0.10626846223185732,21.387929894987977,15.664715766906738
2841,196.49260870428796,0.106129690653017,21.354050596038096,24.643375635147095
2842,196.2076826172451,0.1061398223179154,21.330510090077716,22.53942322731018
2843,194.63560579107263,0.10636047537678751,21.17720498917694,5.204819440841675
2844,193.2592497331619,0.10687581799144069,21.06543293928517,7.618441343307495
2845,193.2866572358303,0.10703154960744465,21.104778609892318,26.397013425827026
2846,192.903790663472,0.10705800830491859,21.073730823793394,20.704946279525757
2847,192.86475275683725,0.10709853933298051,21.082993515555458,25.24642586708069
2848,193.67610522926887,0.10693996269877479,21.132163580399904,37.1205894947052
2849,194.58934417697617,0.10671266833494493,21.170841944595907,38.234534740448
2850,193.5234507352064,0.10700917801523184,21.089133525149947,11.706352710723877
2851,193.26821622785434,0.1070105148065081,21.06824218989845,22.42441987991333
2852,193.31553406557578,0.10710202582005918,21.097559767999464,26.687278985977173
2853,193.42237872492,0.1073545349736233,21.16658417031947,27.295572996139526
2854,192.0481549376708,0.10735241819531563,21.024918328616277,7.440595865249634
2855,192.9976733882941,0.10732419018060986,21.124669145330113,38.256739377975464
2856,192.84769665441115,0.10737454378442174,21.123422453876813,23.75883674621582
2857,192.75921968786704,0.10727905921614274,21.102188229338047,24.95764970779419
2858,193.46162749098838,0.10727090740725126,21.181166347044666,35.06786370277405
2859,192.58701121607848,0.10761329267280138,21.12935468357422,14.200271368026733
2860,193.45114110391768,0.10757658626937085,21.21806113673848,37.442389488220215
2861,193.2566296928785,0.10770771695840127,21.225880525371096,23.204407453536987
2862,193.0840633959497,0.10765336706154453,21.203621720117386,23.905489683151245
2863,193.51322276199022,0.10767852830618332,21.261585502916212,31.672328233718872
2864,193.38809053437032,0.10776196401759663,21.268969647887047,24.398834705352783
2865,192.17420962902662,0.10807323326630955,21.166279951408175,9.58163571357727
2866,193.80246753273636,0.10780940234209715,21.254617151894095,47.69934034347534
2867,194.944442857409,0.10783520442257229,21.392070980375156,41.06657576560974
2868,194.7549984288349,0.10783639783289202,21.378150270571403,24.14419984817505
2869,195.05744844454657,0.10782470052122976,21.41436876786569,30.7383816242218
2870,195.2568739601011,0.10772319770206398,21.42022508018703,28.962197303771973
2871,195.77430522050008,0.10773908313395023,21.48602282938516,33.08851623535156
2872,195.29656216829508,0.10828331392423234,21.52116260109131,20.418705701828003
2873,196.01359654661212,0.108136810373005,21.565950975080398,36.01163864135742
2874,194.463460581146,0.10851885690342129,21.420291465329594,5.443646669387817
2875,194.87882597533454,0.10840824460557352,21.446088550676297,31.826472759246826
2876,195.94003771558118,0.10828761730901945,21.531627665169534,40.409775733947754
2877,195.62063733842535,0.10824132650178292,21.49631138851784,21.98126769065857
2878,196.4444309650411,0.10802222258928307,21.53134827463266,37.51353096961975
2879,197.3099866553907,0.10807274241286019,21.64603479188633,38.275656938552856
2880,196.5668867888368,0.10829282799686167,21.599574443967466,16.643107891082764
2881,195.56121792094842,0.1086682330502264,21.53357869952779,12.925538301467896
2882,196.24560574173893,0.1086042779924514,21.598242912532513,35.47004699707031
2883,194.84314968432153,0.1082325209268126,21.432260483407187,7.5179197788238525
2884,194.19471818747832,0.10845788802523677,21.397937878573114,17.77443838119507
2885,195.21277100560354,0.10818411995579522,21.433958499787384,39.80390214920044
2886,195.75064329554752,0.10818661610563485,21.49961891478951,33.37557768821716
2887,195.19313686259204,0.1081047499445785,21.434622725641614,18.991517543792725
2888,197.23120549396612,0.10777558214438082,21.530276498385195,53.75822424888611
2889,196.93889343902646,0.10782877870388939,21.51497373340134,22.51070284843445
2890,197.7295045046362,0.10769251990235774,21.569823996067328,37.12244391441345
2891,196.73220945958982,0.10763600286659947,21.464125756106654,13.014627456665039
2892,196.37488736499395,0.10792610246526266,21.479484498545588,21.434936046600342
2893,196.24113849134403,0.10783044799798708,21.454689653560134,24.397429704666138
2894,196.46872710643058,0.10793935812987934,21.510142757024532,29.84787917137146
2895,195.42403983536624,0.10827300802684141,21.435041329454286,12.434210300445557
2896,196.63979943701256,0.10804201296234586,21.500690916159744,43.1412353515625
2897,197.4334014426424,0.10793985370228762,21.565684006998147,37.11556649208069
2898,199.33906742821597,0.10773674382505856,21.700027166928166,51.86590242385864
2899,199.7356767539338,0.10774724249559459,21.753026895258884,32.164599895477295
2900,199.63831998639446,0.10782766480748075,21.765496626306295,25.666611671447754
2901,200.88193678653053,0.10752099309767756,21.807841660043234,43.600996017456055
2902,200.76311741866522,0.107662714383632,21.8297632434428,25.167088985443115
2903,200.83548624447857,0.10769185647056491,21.851465611008372,27.91542911529541
2904,200.0471313820338,0.10784444610258057,21.792950954898288,16.286636114120483
2905,199.78666006821348,0.10780048440017544,21.765021445349305,23.170503854751587
2906,199.36879346753136,0.1078617200625028,21.737371230895814,21.574882745742798
2907,200.26510553285604,0.10761355268886738,21.769997518586855,38.49101209640503
2908,200.52245447752748,0.10755511627702295,21.792297543400984,30.273516416549683
2909,200.2772299327522,0.10738865602334363,21.744374567966975,23.41590404510498
2910,200.28445763342467,0.1072102918511699,21.716930822287306,27.144245624542236
2911,200.00161305709042,0.10712656102568145,21.67976151406443,22.9402494430542
2912,199.36159692651952,0.10715823659189522,21.622963898923786,18.04938268661499
2913,199.29798095725434,0.10707111018452549,21.606734259934548,25.725387811660767
2914,200.4350011476818,0.10692691665456522,21.690666917335204,42.16872763633728
2915,200.57065113620496,0.1070726007590476,21.743760248161852,28.904979705810547
2916,199.2749446248429,0.1071286353148374,21.61632264568023,9.504582405090332
2917,199.50219517859446,0.10709338499772507,21.640159419223426,30.282508373260498
2918,199.0171732268085,0.107413179624569,21.64375782503119,20.397533893585205
2919,198.1570014945404,0.10740099473097818,21.55732024678088,14.982461214065552
2920,198.15543147959497,0.10733708579376941,21.55174704431307,26.41652536392212
2921,199.20387716479902,0.1072538139457327,21.646229573869938,41.16735339164734
2922,198.96183839315103,0.10709556152056109,21.59976727813124,23.59844422340393
2923,198.3222200092195,0.10720979109054067,21.553769605349927,17.853363752365112
2924,197.6589978091273,0.10734981439175648,21.50823190929643,17.615931749343872
2925,198.20240783103603,0.10714933212085478,21.523149590203467,33.89348244667053
2926,198.00038375272567,0.10725761408054511,21.52791809430143,24.15446424484253
2927,198.52037991519842,0.10722503793973966,21.582638913358416,33.34323596954346
2928,200.27517611604645,0.10695492659777542,21.67681252422483,49.90310978889465
2929,199.682424354886,0.10723289506229411,21.66004439898258,18.695863485336304
2930,200.1656001113371,0.10708798546650988,21.683443954992754,33.474814653396606
2931,200.49394411022377,0.1070042300753641,21.706609515442825,31.08019185066223
2932,201.28900466912154,0.10693418777461046,21.779543420288395,38.26548480987549
2933,200.75611462243032,0.10721619724821571,21.77174798608551,19.82953405380249
2934,200.718553476206,0.1071085022808097,21.754030506224655,26.22867202758789
2935,201.03136794144393,0.10707190001662228,21.786490201162408,31.10258913040161
2936,200.68105426202948,0.10714575932970907,21.768625299150784,22.06878972053528
2937,199.6042437194092,0.10736462431705715,21.680939046159274,12.848000049591064
2938,200.34820128221511,0.10723988318337563,21.734129655697682,36.698155641555786
2939,200.69471926939295,0.10727386733026528,21.786788359140704,31.68258833885193
2940,200.887772076699,0.10738294683878082,21.838920475549298,29.386637687683105
2941,200.868894355932,0.10721363998345833,21.810531270793806,26.74580717086792
2942,199.8302054123727,0.1073786169856856,21.722425958085868,12.931180477142334
2943,201.27190335824895,0.10723506337396828,21.835201698505006,45.75294041633606
2944,201.16918432466645,0.10705276509624953,21.796849681519955,25.527766704559326
2945,201.05749248141979,0.10692960586633966,21.768881184704757,25.381417512893677
2946,199.4769175566056,0.10655798422628092,21.59119237285771,5.9945924282073975
2947,200.69214838103954,0.10636467852732029,21.66528044912913,43.31740713119507
2948,202.01522689722916,0.10629202273303807,21.788627644637838,44.974010944366455
2949,202.41507462825686,0.10630348267099694,21.84074136819146,32.710800886154175
2950,202.2009238819743,0.10623492298240853,21.812333954509544,24.324697732925415
2951,202.64891464315454,0.10622520533153182,21.86421061496445,33.11433529853821
2952,202.672425496723,0.10618734352211893,21.865568508814803,27.396315097808838
2953,204.36570124175577,0.10603944858152141,21.996912823726657,49.87843608856201
2954,204.3320442293382,0.10607358145889027,22.00694369548939,26.792047262191772
2955,203.61872378704484,0.10621585316309837,21.956874258534498,18.38048815727234
2956,204.3225365491744,0.10628508149278125,22.057305515949153,36.64470624923706
2957,203.98931118368267,0.10627486225680081,22.026732460789663,23.029913187026978
2958,203.67941807184584,0.10631037953018656,22.006465136181767,23.330875635147095
2959,203.43262389112738,0.10625286232706346,21.97640048481995,23.890480995178223
2960,204.35829765221612,0.10606871208217121,22.02663647997175,39.89938735961914
2961,205.03471467569395,0.10592714260840831,22.066370115172035,36.210848331451416
2962,205.714367528937,0.10596677228122532,22.15570641402031,36.62548089027405
2963,204.6672238536476,0.10579819366732396,22.03414934988011,13.805622100830078
2964,204.78055161511114,0.10589761913805813,22.07380785638131,28.96864366531372
2965,206.09274609896005,0.10582078580382041,22.1930697778175,45.20690631866455
2966,204.89181863797046,0.10592536864345663,22.081139080039325,11.474895000457764
2967,204.99290045159077,0.1059823940267895,22.110327689238932,28.938261032104492
2968,204.44297144707485,0.10578923675318827,22.029224412346544,20.0845046043396
2969,203.70854173260412,0.10580004667573273,21.958932168223075,17.44574499130249
2970,204.57145631527808,0.10567308069173402,22.019342846540845,39.30308699607849
2971,206.8357417521253,0.10533560742541992,22.119149418075438,57.247724771499634
2972,207.58738433460405,0.10523969815967635,22.177957923894684,37.806363344192505
2973,206.521510491258,0.10497938038600038,22.046178344655736,13.978925704956055
2974,207.57629538634544,0.10489112504367884,22.13571656120918,41.70291614532471
2975,205.90053243248198,0.10459221379324204,21.954359395597088,5.29361367225647
2976,206.32152710815714,0.10451403359079349,21.984815801641115,33.780699729919434
2977,206.5283118370756,0.104702373431097,22.054967643624703,30.377934217453003
2978,205.49302871870484,0.10482039824047536,21.964417967188457,13.666486024856567
2979,205.56809843151777,0.10489895482145088,21.99477378751657,28.45194125175476
2980,207.2524174472026,0.10473231821441284,22.114826049641405,50.066853046417236
2981,207.27989327273056,0.10482785217512584,22.14367778914499,28.006057262420654
2982,207.85709434000327,0.10468523403073308,22.17224101125354,35.5779869556427
2983,207.91852339660323,0.10466641907360333,22.180518601141006,28.600820064544678
2984,207.4893381626372,0.10489248215559456,22.178713415129597,22.344436645507812
2985,208.01444478101084,0.10476663425711555,22.2069262809783,34.82360577583313
2986,207.6343003332007,0.1047189679145444,22.16485701816852,23.092764377593994
2987,207.16795732986873,0.10485190245900144,22.143208447986833,21.493850708007812
2988,205.60627775657002,0.10537201088539182,22.011776363506964,6.668931484222412
2989,206.4402149790043,0.10521794475577666,22.061658599871894,39.360225200653076
2990,206.83581282921426,0.10514137506431645,22.091042013873174,32.858622789382935
2991,208.1574547009221,0.10503391411603318,22.20013159373444,46.246947050094604
2992,207.96588015391288,0.10504177603307391,22.188130277797097,25.705910682678223
2993,207.09622135237376,0.10531367232232994,22.13624897501913,16.106348752975464
2994,207.08525913885003,0.10542558414279596,22.164886485268937,27.547387838363647
2995,207.38440654746154,0.10559495699335113,22.24323762041625,32.03576183319092
2996,207.05056248198693,0.10580337523950957,22.250805244212085,23.377400636672974
2997,206.41005685716706,0.10607401281578581,22.228297191769965,19.305352210998535
2998,207.0959562885954,0.10603145450580977,22.296014219852264,37.14763927459717
2999,207.77499672570946,0.10609841268802439,22.39305407765374,36.914164781570435
3000,208.77724675845238,0.10601145453517012,22.4791235368772,41.13893127441406
3001,207.38947429086784,0.10595133998981843,22.334332301508425,9.643841981887817
3002,209.12557954795915,0.10567922816472339,22.42098897849334,50.96741056442261
3003,208.50432375247956,0.10557481683545711,22.346779088708406,19.800761699676514
3004,209.10928051495478,0.10555996086041108,22.41331129782132,35.80000400543213
3005,208.74818770980522,0.10566043061596882,22.39917818484311,23.364968061447144
3006,208.01070583270717,0.10571493742092024,22.335186402994676,17.978021144866943
3007,207.9305987743801,0.10570778804671103,22.331834538964728,26.856149673461914
3008,206.7012927866363,0.10594482781330275,22.228516193575082,11.376376628875732
3009,206.18427985876994,0.1059821537287181,22.18623103163933,20.69338870048523
3010,204.77243706018226,0.10615310142220015,22.054368721322938,8.671108722686768
3011,204.71471268958044,0.1061970980461691,22.06382503410971,26.5029878616333
3012,205.31756556268465,0.10615399499023571,22.123186783768613,35.481881856918335
3013,206.90438990705778,0.10599904844692677,22.241954915930926,48.81465291976929
3014,206.3753460079872,0.10597801900141854,22.18953536677162,20.65886950492859
3015,205.17159254790732,0.10619730857884621,22.087640013103904,11.809853076934814
3016,205.27987662242825,0.10615385401157626,22.096763612972865,28.853381872177124
3017,203.45707785620397,0.10639666329754746,21.915795976843135,3.140170097351074
3018,203.34250707764193,0.10653061333123866,21.936638017074703,26.207311630249023
3019,202.88908200686552,0.10641467428653387,21.877271636903956,21.047526121139526
3020,203.06019118679686,0.10648689118003216,21.91849892053492,29.90047287940979
3021,203.4695892749289,0.1063646452190515,21.93931393132957,32.709816694259644
3022,203.70489338217962,0.1064463732162002,21.98992079201627,30.17021155357361
3023,204.1978444483578,0.10640957746822792,22.040021584096106,34.28668236732483
3024,204.03586600387422,0.10624973701269458,21.999621368255145,25.688576698303223
3025,202.93550734383547,0.10635745240852507,21.899625154572593,12.849325180053711
3026,202.5761522703971,0.10643160243533803,21.880628903026867,22.26324963569641
3027,203.28039074769313,0.10628303732673557,21.9218226139966,36.388808727264404
3028,202.9675868402162,0.10649927672091006,21.932604387856635,22.857902765274048
3029,201.73791097181405,0.10655928395370096,21.81327834397807,10.664474725723267
3030,201.7205318620959,0.10654369111416394,21.815145560538287,27.237247705459595
3031,202.08332654347493,0.10648665756436684,21.846994104932904,31.806307315826416
3032,202.60249327804016,0.10636667287848696,21.878524163883576,34.259235858917236
3033,202.42646834525974,0.10643814128483722,21.879738922244737,24.96506643295288
3034,201.42220366180715,0.10655023046022415,21.790941533022288,13.653685808181763
3035,200.4279816251891,0.10685727717522975,21.723032117692064,14.071089506149292
3036,200.25370180893722,0.10682695576959766,21.705801796515143,26.98514461517334
3037,200.66116479084783,0.10692051193804276,21.77874377854999,32.389052391052246
3038,200.97455314293936,0.10688578957728302,21.81095634076449,31.20748281478882
3039,201.92480761150998,0.10669531005988857,21.862846777356847,40.46343016624451
3040,201.04555953539486,0.10676870783648267,21.784218309583277,15.181561946868896
3041,201.0051039400409,0.10691929486979297,21.816376126487445,26.188178777694702
3042,200.09505290064047,0.1073046473756405,21.76821236522257,14.812211751937866
3043,201.52410237163406,0.10710623647039721,21.860530241570345,45.80426096916199
3044,200.7588613479177,0.10731517410569325,21.811924939154643,16.95585346221924
3045,200.4212727344385,0.10743962715505548,21.8038056897631,22.329004049301147
3046,200.87706000709412,0.10734084063960249,21.83576763286547,32.86834144592285
3047,201.7682894070232,0.10709501844010301,21.867409956536815,38.86295437812805
3048,202.02060651295295,0.1070372841147328,21.888735856971444,31.677057027816772
3049,203.68040044782342,0.10699951996923765,22.05984849840173,50.50637149810791
3050,203.34359644334518,0.10722364241660409,22.069250013417715,22.683536052703857
3051,203.80016047891172,0.10699477948641396,22.068557513283537,33.18778705596924
3052,204.0521588741226,0.10688553038150617,22.0778719381507,30.51395845413208
3053,203.87163728538138,0.1068919438948954,22.067093218769195,25.4147789478302
3054,203.80292091252755,0.10693977572498198,22.076422286581504,26.432016134262085
3055,203.96489170340226,0.10687037796773216,22.08565806371569,29.823397636413574
3056,203.78524278636826,0.10666188924181827,22.034801483078535,25.202360153198242
3057,202.69739035850455,0.10654263877045271,21.91445346824775,12.99098014831543
3058,201.96041645491948,0.10679504184011253,21.87530893356527,17.820581912994385
3059,201.64081229037026,0.10678591495112316,21.84655584422962,23.092023372650146
3060,201.02440416746657,0.10693234151589764,21.808090285787323,18.681337594985962
3061,199.1641601257919,0.10586301810073867,21.60000938292945,2.07253360748291
3062,199.08251852453398,0.10606093242234908,21.634009289100156,25.50605297088623
3063,198.68169333928864,0.10625818473334572,21.627669196209155,21.398011684417725
3064,198.20487640589573,0.10638765586614471,21.601392504247066,20.133175373077393
3065,198.62282764183678,0.10632377930748327,21.635378579204595,32.42519187927246
3066,199.2065993654184,0.10619439365448625,21.66902479341255,34.16004657745361
3067,199.18453337176422,0.10619843956565712,21.672334545478424,26.47679615020752
3068,199.41268803804658,0.10612744616099154,21.68561120002364,29.728198051452637
3069,199.81856115766612,0.10598283836604828,21.698755088023404,32.16335916519165
3070,200.03037554608946,0.10600898283306653,21.73176753714317,29.83724617958069
3071,201.92007179062855,0.10579722205357905,21.854449861771737,52.37296104431152
3072,202.61087107272226,0.10569865942713921,21.90590536315402,36.18138933181763
3073,203.32476236199506,0.10548108889126198,21.926846309522478,36.574854135513306
3074,203.2815147383751,0.10573281066566594,21.977577846427252,27.00023579597473
3075,203.91869959099134,0.10557435896350365,22.00780206796298,35.82931661605835
3076,203.7695125950814,0.10547099632624957,21.977724047283353,25.436951160430908
3077,202.3818174691306,0.1056470555937563,21.84794680681052,8.739585876464844
3078,202.24799929443927,0.10554296599019969,21.819467338742417,25.543426036834717
3079,201.60551930149487,0.10557449285203681,21.761272665354994,18.43147850036621
3080,201.6594641084799,0.10558154985588358,21.773659938701446,28.073492288589478
3081,202.51286946739512,0.10550134411342231,21.84592333931443,38.62859582901001
3082,202.49774077272116,0.10554085803547217,21.857464105921288,27.048181772232056
3083,203.41276336499394,0.10533578959117187,21.898889464862076,39.693037271499634
3084,204.778635731344,0.10507654934231897,21.959900570213456,45.70220065116882
3085,204.67084937403055,0.10526289725095764,21.99030156451132,26.13128972053528
3086,205.89414088029025,0.10503595635184255,22.05039854886621,44.53943634033203
3087,206.14519947148736,0.10476481756754491,22.019894563377548,31.085041761398315
3088,205.68374747677248,0.10484216939186947,21.989695617743774,21.275440454483032
3089,205.62691000200476,0.10489374769795078,21.999798661566338,27.105697631835938
3090,205.93064090198473,0.10486175937351364,22.029800674950675,31.87688708305359
3091,206.43133449296488,0.1047506417797785,22.05950266820117,34.460105419158936
3092,207.26702114803524,0.1047376181206014,22.148907641519155,38.60532736778259
3093,207.7443509365549,0.10482749684135617,22.227418565103964,34.397101163864136
3094,207.41690742718936,0.10503636473008547,22.235144379452926,23.426330089569092
3095,206.82273835291744,0.1050670821638657,22.182792935658398,19.856963872909546
3096,207.24451096938827,0.10522123061933547,22.27096500630181,33.58577513694763
3097,210.0020658596944,0.10485224812680671,22.388255356238794,64.79490184783936
3098,210.93204520109745,0.10456280155312941,22.404372802676406,40.97551131248474
3099,209.1927247490865,0.1045982546186792,22.230329074649642,4.902347803115845
3100,208.42079750159562,0.10446136298158333,22.138025783903146,17.787033081054688
3101,207.68658952657964,0.10460193453695268,22.086645526064117,18.214949369430542
3102,205.99972363131383,0.10483796647363443,21.925779070803475,5.514252424240112
3103,206.0197263950007,0.10494343296274423,21.95652128009544,27.825840950012207
3104,204.7995291310507,0.10496542720454537,21.836956067294487,11.29935908317566
3105,205.18153383974018,0.10490342725348757,21.868586506621543,32.79958248138428
3106,206.15971850134278,0.10484449199085369,21.959900641555326,40.72579574584961
3107,206.49812131632936,0.10471271373761182,21.970301635139773,32.27868175506592
3108,205.34314010316606,0.10498426791891702,21.880598618788373,12.059018611907959
3109,205.88970870213439,0.1048959637012663,21.92179263260049,35.01818823814392
3110,207.65081161511304,0.10465852238886096,22.022574706274483,51.28224563598633
3111,206.2343034989619,0.10497557352860871,21.90234895921174,9.06890869140625
3112,206.23196046397229,0.1048966915797304,21.893325469619622,27.51539707183838
3113,205.82964085933256,0.10487182104947526,21.854392214923426,22.08022928237915
3114,205.39134445073924,0.1051193991352768,21.85584829277419,21.58899474143982
3115,203.51743100623185,0.10517931625503514,21.667289809846448,2.419463872909546
3116,204.1522566961695,0.10510130586402036,21.72061691174798,35.78094553947449
3117,204.3707341292078,0.10502374413281378,21.733410742630504,30.57420825958252
3118,204.4270267879157,0.10497350669148564,21.7360766352042,28.196911811828613
3119,205.30275652003652,0.10488267573415982,21.808715868852158,39.184638261795044
3120,205.89972895483615,0.10481498105228992,21.860628710163635,35.597739934921265
3121,205.5307316652878,0.10477274840153034,21.822022423062,22.55171823501587
3122,205.4154243486349,0.10491058792782432,21.843802198831376,26.138261795043945
3123,205.81127010514854,0.10475944123221954,21.855364176843064,32.57876014709473
3124,205.89315740409702,0.10473988420307491,21.866810535074634,28.71271324157715
3125,206.62422583005605,0.10455270041480759,21.898142429723887,37.658751010894775
3126,207.20798357175548,0.10448830548613121,21.949161005426646,35.69933009147644
3127,207.51590373603793,0.10453585940605982,21.99966939537238,31.713125228881836
3128,206.86074469867754,0.10475810644580204,21.969672701418656,19.441887617111206
3129,207.83213725169074,0.10473026222344928,22.069975974404468,40.768773317337036
3130,208.87381587917383,0.10480475447300965,22.209276214660424,42.038739919662476
3131,208.2550777203821,0.10470908788066051,22.137183452513817,19.570162773132324
3132,208.32252694317827,0.10491781095534226,22.195811617988678,29.350882291793823
3133,208.2093016737465,0.10503614553614417,22.21385350180879,26.611984968185425
3134,207.45720865700903,0.10526397956950453,22.1717149667907,17.586743116378784
3135,208.14263657043892,0.10515336875931673,22.219997817122792,37.09497046470642
3136,208.2612102047345,0.10519274416263265,22.247797838951563,29.72483801841736
3137,206.34859810268716,0.10472905201512397,22.045319860562046,2.2747888565063477
3138,206.8451121216603,0.10465832399497274,22.084866661956426,34.2581627368927
3139,206.4566610004437,0.1048022169454992,22.074017995336863,23.08924126625061
3140,206.69209439043925,0.10497158608039203,22.14327781538349,30.64698028564453
3141,206.62517344653486,0.10507187021958811,22.161845037229654,27.225865125656128
3142,207.33892171206952,0.1051362594310613,22.260226586857357,37.19149923324585
3143,206.62553249494883,0.10526136742498597,22.207624320988785,18.524558782577515
3144,205.97927716999934,0.10533551431411639,22.1555480777789,19.077225923538208
3145,206.68948439829936,0.10543739382801492,22.26399259700111,36.82974672317505
3146,206.61258955431637,0.10553879878420715,22.281352671031097,26.745957851409912
3147,207.5564636587732,0.10541364335450461,22.348539144320785,40.40823578834534
3148,208.10089902218547,0.10523736951637941,22.365053752877575,35.403114318847656
3149,208.1598900319636,0.10530649114831842,22.3914032153488,29.021587133407593
3150,207.88829113164397,0.10546889585009489,22.39748918319531,24.50700283050537
3151,207.91940822032754,0.10536207419017214,22.38351429136336,28.112667083740234
3152,208.26021413812424,0.1053001889854605,22.409679148449726,32.50191020965576
3153,208.307611996743,0.10528005094537114,22.415582356965228,28.77263069152832
3154,207.66453587677555,0.10547725043591744,22.381426533395576,19.20186948776245
3155,206.39789051800778,0.10541013225254592,22.24761226806162,10.791996479034424
3156,207.0039116128277,0.10536726688507664,22.305136145381002,36.088833808898926
3157,207.73387249669943,0.10517073707336873,22.332084783927193,37.551032304763794
3158,207.31653377173242,0.10490216223275552,22.248763936087922,22.861531734466553
3159,206.73336843401512,0.10512830839566285,22.226276296727043,20.254746913909912
3160,205.98603474967496,0.10513763137231229,22.15401353375977,17.701486110687256
3161,204.66617440217823,0.10584301181534592,22.072473398422172,9.946820974349976
3162,204.05951265815645,0.10589569280830356,22.02174866443795,19.207364797592163
3163,205.64891753157488,0.10566318216121226,22.11153117779357,49.0493848323822
3164,204.5124283562591,0.10569350686133926,22.000415866015633,12.545138120651245
3165,204.82730407269653,0.10569589382662417,22.040411707355478,31.706283569335938
3166,204.02903103196957,0.10591893488835794,21.990007590281923,17.000717163085938
3167,202.32874072164987,0.10633033377476847,21.8301075143791,4.524667739868164
3168,203.76545331443336,0.10610518072603813,21.91180643923531,46.87067008018494
3169,204.577798781289,0.10599149733983038,21.972688374842956,38.05464315414429
3170,204.1820207934761,0.10638612782097753,22.002961491094528,22.21316361427307
3171,204.12020058554134,0.10648388270438391,22.02293187618358,26.383639812469482
3172,204.11899857968592,0.1064974752498891,22.032702557421747,27.303933143615723
3173,205.01780859388907,0.10641889505521333,22.11237553184753,39.4302294254303
3174,204.60763050795018,0.10657421829978315,22.101251776529054,21.935765027999878
3175,205.02155420287067,0.10660603709239508,22.160239258763763,32.95235300064087
3176,205.551338660842,0.10647020927961066,22.188636866176125,34.70853614807129
3177,204.96582527423357,0.10649394256096421,22.136750497514367,19.481707096099854
3178,204.87616702149123,0.10675553374759947,22.18538299253922,26.1001877784729
3179,203.19740535127633,0.10703932976147483,22.023529162613826,4.859741926193237
3180,204.04543129776357,0.10690643646386007,22.08329387098769,38.35910105705261
3181,202.70497698478593,0.1072659435277929,21.972460932277812,9.57052493095398
3182,202.84792721493807,0.10720710897730759,21.982736322955034,29.47665238380432
3183,200.91944794278868,0.10613503788753452,21.772908959725484,1.4243640899658203
3184,199.2402534633608,0.10598277841775008,21.595179870128227,4.332010507583618
3185,198.87785092872718,0.1060272451121002,21.569228071426945,22.041073083877563
3186,199.3390724194399,0.1059873808242445,21.613535790712678,32.91157507896423
3187,197.5856816952455,0.10576084034933539,21.427400432805552,3.300442695617676
3188,198.07982487829307,0.10571537769482989,21.4731264284775,33.109277963638306
3189,197.33902662951013,0.10562596585336545,21.388395164192723,17.139493227005005
3190,195.70563636321504,0.10633441207718473,21.244511212550794,4.504843473434448
3191,195.5585799995829,0.10626554309453444,21.222066100425288,24.28757357597351
3192,195.82299419958704,0.10632901378971522,21.269845439421037,30.062938928604126
3193,195.94476425759117,0.10622726211335654,21.267146985026827,27.926672220230103
3194,195.23531661501525,0.10644498949222297,21.22447551517656,16.68612551689148
3195,195.3029634488651,0.10651915345868689,21.252230760024794,27.294390201568604
3196,194.92993381437648,0.10659320243042913,21.229708452424546,20.27365732192993
3197,195.45063447623272,0.10657990198507222,21.2874113679003,37.02272176742554
3198,197.18612813147038,0.1063542113663055,21.394537254221298,59.00774931907654
3199,199.04426685015568,0.10612617839102366,21.510591881679083,59.14198589324951
3200,199.04382418165412,0.10591918796389735,21.47548596286229,26.981512546539307
3201,199.43338593983756,0.10586839944560292,21.510731103233667,32.28062438964844
3202,198.7090520804392,0.10622703828579255,21.48562379220133,16.974748373031616
3203,197.8019615596348,0.10646106419923092,21.420767554279315,14.521754264831543
3204,197.53394194403847,0.10656604420051345,21.41655987873652,22.895572423934937
3205,196.1486025245981,0.10651733291105069,21.272394279949157,7.841423749923706
3206,195.8171164993521,0.10667915344697086,21.269670337149666,22.20701289176941
3207,195.99894533435855,0.10668712826764133,21.29697363377817,29.074486017227173
3208,196.66895588101497,0.10664687295454665,21.364003897440387,35.342328786849976
3209,195.78226632220483,0.10706188570648267,21.320363858465985,14.387734174728394
3210,195.48444365898277,0.10695512227110458,21.277160219881328,22.23902916908264
3211,196.12959922239293,0.106847109509932,21.324388617682516,34.50017070770264
3212,195.60830323016899,0.10688974952594378,21.28114473150569,19.60011124610901
3213,195.79222019786727,0.10680216044189929,21.28833328419063,28.598003387451172
3214,196.00429799588858,0.10665579782365542,21.285449951348728,29.300017595291138
3215,196.1542550159297,0.10653710714399706,21.282595451835242,28.257136583328247
3216,195.5527124657704,0.10650114783726296,21.21976949731689,18.1825909614563
3217,194.7671853411127,0.10654724747000144,21.14757180234372,15.94182538986206
3218,193.6495134877016,0.10644563041698817,21.026096084320283,11.197442770004272
3219,192.21301835282458,0.10658117411281828,20.88583512347708,6.695669412612915
3220,193.45088816929632,0.1064647294602977,20.986976772242308,42.1451678276062
3221,192.85637928760335,0.1064448582850977,20.927107004519883,17.907248735427856
3222,192.0878154947273,0.10658730625397086,20.867835934474684,15.600555419921875
3223,191.21693733978003,0.10704524271524068,20.829157575129937,14.019475936889648
3224,191.10476796638224,0.10730812362142161,20.870865999378637,24.70267081260681
3225,191.18372028671843,0.10734057002339835,20.892157339384852,26.887268543243408
3226,191.33188308385124,0.10723803810957214,20.893235765991005,27.449448823928833
3227,190.91856425301273,0.10716565772847642,20.844303408331093,20.047226428985596
3228,190.6093786104826,0.10734400115119165,20.845860374247785,21.2910418510437
3229,190.23328482437776,0.10738167225079084,20.817401770505306,21.06035614013672
3230,190.33095197613397,0.10730785552828294,20.819227752800252,26.668018579483032
3231,191.33764245637263,0.10716261202454651,20.89103547527225,38.59843158721924
3232,191.35426603180892,0.10717906880585544,20.902125120519525,25.654688596725464
3233,190.86072337149082,0.10723403868117716,20.86310386931433,19.126752376556396
3234,190.03211613777592,0.1072728094054765,20.784472830621183,14.59016489982605
3235,188.84179497639818,0.10746768694522456,20.67662810231497,9.398892641067505
3236,189.7833770266342,0.10738240936905853,20.75986182129182,37.76984000205994
3237,190.04554325636786,0.10723451120129388,20.762263203078902,29.920457124710083
3238,190.32508782380418,0.10749244131863873,20.854640571048115,29.562127828598022
3239,190.29183694556613,0.10770093936534539,20.896094165337633,25.19878339767456
3240,190.17891857611045,0.10768538248565841,20.887133223684256,23.915460109710693
3241,189.53712939034932,0.10803710008937326,20.868261891447414,17.081928491592407
3242,190.7117580964458,0.10790135449564564,20.95957927253294,40.87741303443909
3243,191.63464051548135,0.10774106886588353,21.01998347980761,38.10190010070801
3244,192.21829411032653,0.10770365817722469,21.079783645009535,33.55977535247803
3245,194.02611116922324,0.10743091113968836,21.17898580855944,50.00939130783081
3246,193.285850057531,0.10760660202829148,21.127195950473844,16.364426851272583
3247,192.3429915569557,0.10764164711911967,21.035923990969106,13.220398426055908
3248,193.02956164138615,0.10752308505405873,21.085564751059415,35.18204188346863
3249,193.2492660249723,0.10765715652909953,21.14470910354882,28.952422857284546
3250,192.73677336472255,0.10742565538634374,21.06326201251333,19.02571940422058
3251,192.2294056310753,0.10733731432543805,21.002629392388197,19.17109751701355
3252,192.11711157476455,0.10742416217665882,21.012603098464314,24.38818097114563
3253,192.3559404590169,0.10769251314748482,21.102477067479672,28.965624809265137
3254,192.2823810544267,0.1077507231511451,21.111452296804874,24.612090826034546
3255,193.37955724388246,0.10753414307195153,21.170337773836824,40.547733306884766
3256,193.65576167144363,0.1076352722294673,21.228634396098457,29.63654088973999
3257,194.2392040547292,0.1076303480786012,21.296348052137475,34.209228515625
3258,192.4668120141819,0.10714227989193284,21.1033845716161,2.301453113555908
3259,193.50214389404007,0.1069154516876081,21.15235072589994,39.578964710235596
3260,194.3071224550997,0.1067587059298561,21.200827218640942,37.28442144393921
3261,192.92405123054868,0.10658397601341468,21.04881894645453,7.475496530532837
3262,193.1548107182432,0.10681443254957683,21.128330756989985,29.10327982902527
3263,193.00326261106076,0.10692606350497995,21.137047449420084,23.769155502319336
3264,193.75322998495017,0.10675232525798985,21.17567697492588,36.01908993721008
3265,194.20569768510066,0.10673082711001246,21.223920205176626,31.90798020362854
3266,195.35364070824966,0.10653730524667931,21.29168100312486,41.48067879676819
3267,195.21010430116715,0.10652165595111861,21.27876419309361,24.572524309158325
3268,194.47800325815547,0.10668594758832874,21.225976551162674,16.742652654647827
3269,193.88322322557391,0.10687834737170471,21.19371678565105,18.218345403671265
3270,192.31439099331817,0.10689064497906875,21.031779617794538,4.9903740882873535
3271,192.371247083385,0.10693284964038917,21.05146182161659,26.78657865524292
3272,192.22753461255112,0.10681857732376056,21.020947203400425,23.94642400741577
3273,192.39525926642563,0.10680302312947032,21.04073773136642,28.094247817993164
3274,192.41130667376137,0.10676592073322716,21.040330354052756,26.279361724853516
3275,193.36719360702375,0.10653159485922822,21.07992705051223,38.35186266899109
3276,193.6335216709535,0.10660264254699957,21.129127780007106,29.49899411201477
3277,192.627186454244,0.10671941182045432,21.037836502207035,12.437686920166016
3278,190.76091458970157,0.10565221770224976,20.837458137184967,0.7815592288970947
3279,190.35330544380454,0.1059290288585606,20.83908355581312,19.99711036682129
3280,190.6597723893665,0.10600096028943201,20.89069272025499,29.877371072769165
3281,189.27317466547285,0.10628710453269154,20.76178579305244,6.900242328643799
3282,189.1404429188181,0.10653105166918281,20.794167935121912,23.494059562683105
3283,188.51903848962993,0.1065681033572154,20.736226255770692,17.292837381362915
3284,189.34384810473364,0.10646183191773918,20.798863993212983,36.1257004737854
3285,189.29040962368632,0.10642982229421397,20.790875353280853,25.045937538146973
3286,188.50750552744947,0.10689705560280335,20.762966599748044,14.989575862884521
3287,188.28243047217498,0.10709314528773918,20.775336933750562,22.194310665130615
3288,188.1896061674532,0.10680433673988972,20.717583564413054,24.265188455581665
3289,187.39771010577869,0.10720418328074771,20.680407728768927,14.508583068847656
3290,187.5837330047209,0.10700592785570723,20.66360365148124,27.81327748298645
3291,186.0278956746737,0.10718586857715015,20.506967614966428,4.199877738952637
3292,185.84761671792697,0.10718543846280722,20.491897938816763,22.490683794021606
3293,185.18914055074768,0.10719691741151248,20.426978959428595,16.030217170715332
3294,184.9572491452402,0.107112602558385,20.392709169834312,21.897861003875732
3295,186.47767665378782,0.10696135783843914,20.50878207813597,45.13616943359375
3296,186.60289988724995,0.1069470206419643,20.52369425735461,26.721409559249878
3297,186.61687088837743,0.106888188733417,20.518457314781063,25.063194513320923
3298,185.71070217949367,0.1071734735127495,20.453272741633253,12.714980602264404
3299,187.18359515769873,0.10688251955840279,20.51874001421692,44.958916902542114
3300,187.03175920612173,0.10697648506049318,20.523552614074752,22.9385027885437
3301,187.9214416140605,0.1069574448475694,20.618317087934006,37.03016114234924
3302,188.31222719791992,0.10676892766781618,20.622133917054665,30.398170232772827
3303,187.9391049259407,0.10695951653683337,20.615912577884117,20.186882495880127
3304,186.8797138766813,0.1069874823470748,20.509753452105276,11.030976057052612
3305,187.9309167379145,0.10691075820853556,20.604655917584225,39.333118200302124
3306,187.75160757053533,0.10678282709703844,20.568609358408384,22.81258463859558
3307,188.13409149482996,0.10664420236589106,20.5829232648243,30.49464201927185
3308,187.49275057988166,0.10662614743900635,20.517094032176058,16.525274991989136
3309,186.33782307408285,0.10667099707572739,20.401923091854297,9.65260124206543
3310,186.664444843342,0.10651752911410253,20.407903860935754,29.381316661834717
3311,186.7378003949086,0.10653482804976562,20.423824822326395,25.75074315071106
3312,187.3304223909595,0.10656704074487772,20.499586574103134,33.33692455291748
3313,187.54711816704992,0.1063626143565677,20.484590708362102,27.91300344467163
3314,187.3416469853794,0.10637683252437928,20.469744801278484,22.305152893066406
3315,185.8582305155256,0.10659511548118676,20.3250473532657,5.257382869720459
3316,184.97964821037033,0.10675365412229326,20.251796879733043,12.990035772323608
3317,185.31985172826663,0.10678200799202923,20.299278910935712,29.175219297409058
3318,183.54665321098398,0.10571418791210895,20.106286121826358,1.1002871990203857
3319,181.94118667887412,0.10552661125037915,19.935223260608094,3.0770208835601807
3320,182.10177481208535,0.10548144614797637,19.945871028002014,26.835771560668945
3321,183.2907570639645,0.10535686424463615,20.036412317721993,40.54230213165283
3322,183.54784949332486,0.10549946785099362,20.096048194544775,27.914021253585815
3323,182.5323709983916,0.10578593658711784,20.01508771259933,11.05882477760315
3324,183.0070472884077,0.10590199026472492,20.094936835473337,31.2387273311615
3325,183.21697681552362,0.10621551938168551,20.1839874671186,27.467251539230347
3326,181.4748070473684,0.10515336418786865,19.992147592447417,1.3196496963500977
3327,180.8400589768947,0.10528827122395606,19.942226116522942,15.532572984695435
3328,181.11165838712577,0.10534115774248573,19.982803855357712,28.33906078338623
3329,181.4605418032545,0.10530626468357938,20.012975816804136,28.779837131500244
3330,180.24593638522194,0.10558653537007692,19.902846058636094,8.015806198120117
3331,180.16347702136972,0.10551904210939941,19.88381759804973,22.95697259902954
3332,179.95184225115602,0.10572171332352555,19.894979422069234,21.39308762550354
3333,180.34232382864445,0.10571472450079257,19.93602962784854,29.81030249595642
3334,181.358900590358,0.10565048505720309,20.026669331570055,37.86955714225769
3335,182.5853115844544,0.10551503283821001,20.116402638254353,40.7983615398407
3336,183.42945846860982,0.10535875891432228,20.16523861187181,35.987555742263794
3337,183.89516388392374,0.10534864958604861,20.213586225753094,31.056971549987793
3338,184.3462122450845,0.10538686614695669,20.271450363495564,30.690670490264893
3339,185.82275012263364,0.10514625049753532,20.34873585986061,44.504319190979004
3340,185.0445226214073,0.10548367688144884,20.305248501262003,15.329123735427856
3341,183.88407739519323,0.10558826040248943,20.192196016249383,10.197471857070923
3342,184.11523662124128,0.1054502521945998,20.19027405608689,30.494871854782104
3343,184.36408425502887,0.10535268747169686,20.19837131552602,34.633570432662964
3344,185.4804434124786,0.10527889032670963,20.29638760237076,49.80076861381531
3345,185.7656389783538,0.10511395189073225,20.29342372634705,32.556639671325684
3346,183.99798258857027,0.10406281237182492,20.100489489083582,1.204880714416504
3347,184.35800276268455,0.1041585478844703,20.159484594192747,29.92334270477295
3348,184.56442273505772,0.10414135264952805,20.17788974825082,27.487833499908447
3349,184.83877850770713,0.10409050516076862,20.19611085076831,28.34415340423584
3350,184.55039072263006,0.10426754882710966,20.194149742260628,20.840558290481567
3351,184.87488681540373,0.1043308641222487,20.24220824483802,28.97714853286743
3352,185.06613794724967,0.10451304567710465,20.299786162389644,27.428651809692383
3353,186.2354765677772,0.1043950675382144,20.386788300765748,40.56679844856262
3354,187.47312180209943,0.1041898265402516,20.45292041775809,41.856924295425415
3355,188.16839058407842,0.10419851193243664,20.52839121358051,35.09970045089722
3356,187.48670667823762,0.10440652681311227,20.483107301444704,16.392136096954346
3357,187.75183961145524,0.10429704098423348,20.48827622843026,29.03432321548462
3358,188.02432121534068,0.10423081476043766,20.503393466145955,28.95285964012146
3359,189.2240780031873,0.10416253258685926,20.608359531484492,41.48857545852661
3360,189.4718372231554,0.10424240258809346,20.652275936169648,28.496525764465332
3361,187.72711885092386,0.10453331189554586,20.475753176807952,2.09859037399292
3362,187.3298476624146,0.10463662742523905,20.45099564503987,19.877435445785522
3363,186.66654918579047,0.10474728594437509,20.396485688589472,16.220653295516968
3364,186.55988369393256,0.10472254035765861,20.382520831703577,23.573161840438843
3365,185.68428485699323,0.10478642606519313,20.298695623386543,13.339521646499634
3366,186.1674420084233,0.10472146778744719,20.335708667152677,31.705434560775757
3367,186.84576758833907,0.10473724523555697,20.41235158048115,34.21646332740784
3368,187.71730991245568,0.10460228154232548,20.46822806467634,36.666687965393066
3369,187.67013681333114,0.10481308932799513,20.503545784029573,24.601413249969482
3370,188.7634354451978,0.10470771937747611,20.588510326189276,39.79895901679993
3371,187.62580109074582,0.104727308850368,20.472625222927384,10.224783420562744
3372,188.44954307983835,0.10460596168779025,20.52789897069811,36.47798562049866
3373,187.01504764903996,0.10467101318202346,20.382619980991127,5.959896802902222
3374,187.78489717254953,0.10457127274717291,20.438793781181218,35.63886380195618
3375,188.21704820082405,0.10447794097208214,20.464405843369406,30.95587968826294
3376,188.49487771881581,0.10449797637717613,20.49976178493571,29.069604635238647
3377,189.40992894162767,0.10441728232769008,20.574764167086354,37.69015645980835
3378,188.30582965221137,0.10438576773226128,20.45901652541549,10.949260950088501
3379,189.01277135568927,0.10438438109740972,20.534426360161333,34.65931987762451
3380,189.40264364213238,0.104393168865383,20.57908209655972,30.807807683944702
3381,190.28861720571106,0.1043204601983119,20.653291275594125,37.2248375415802
3382,190.06573103365395,0.10434868416775735,20.636758362838183,22.64979887008667
3383,190.52507372331743,0.10432214647862215,20.6803907792098,31.35847234725952
3384,190.57982298608425,0.10429933317710123,20.683586871417706,26.312987565994263
3385,190.6540247562234,0.10436745095644132,20.70675100270353,26.58495259284973
3386,191.06748450866115,0.10422894886067001,20.719683492676495,31.433706283569336
3387,190.45680966357455,0.10426358244898638,20.662486657749728,17.454161405563354
3388,190.8622415669388,0.1043031977067476,20.71586179117223,30.7801456451416
3389,190.5236191512694,0.1045340510799986,20.718703173260508,21.391616344451904
3390,189.7883829597567,0.10485623193671997,20.681516141527904,15.572723627090454
3391,190.71049913015912,0.10462327245423221,20.714700980112625,38.228272676467896
3392,192.16339413885754,0.10446989687254703,20.817553970311497,45.25949263572693
3393,193.46176019746898,0.10441898672369733,20.93937843060838,43.4009485244751
3394,194.97714259549429,0.10424436207385165,21.039984646302294,46.40444493293762
3395,195.53737116953934,0.10415809375191791,21.07958479983927,33.58486270904541
3396,194.86199745784396,0.10421026281439874,21.018788951840875,17.42504644393921
3397,194.75337748326552,0.10420076888190694,21.008601062322466,24.629737377166748
3398,194.35584370843287,0.10425553538663625,20.97851505169924,21.156134605407715
3399,194.02228527134855,0.1042688806538879,20.948729901182247,21.946242570877075
3400,192.89206241863508,0.1047076733288305,20.869242602170424,10.78988528251648
3401,194.1331417944487,0.10457542309396492,20.96055017614872,44.521594285964966
3402,193.5318103765042,0.10487295244511483,20.940944674387232,22.120716094970703
3403,194.35649227273916,0.10487494755834484,21.03153522764336,45.73087811470032
3404,193.92292735001175,0.10508447622845675,21.021219875366924,22.330227375030518
3405,193.1836980765116,0.10503363146617219,20.941007676613253,20.000835180282593
3406,194.54186109574647,0.10480396384451958,21.01159759984712,47.72468948364258
3407,195.046442484789,0.10481714869587029,21.07148162384865,32.784945011138916
3408,195.20597805994112,0.10490641796720541,21.110766807610165,28.56337070465088
3409,193.4739182793417,0.10476644469662427,20.929659139534063,3.183044672012329
3410,194.6191790965483,0.10475774128861906,21.05036254813872,41.63301134109497
3411,194.5729873055828,0.1048154270336276,21.059858922657334,25.793113946914673
3412,195.437257432527,0.10472812685581802,21.12926033343076,37.55334186553955
3413,195.32288485820172,0.10476780210899896,21.127967730096454,24.809102773666382
3414,196.7996560096197,0.10459475965642209,21.226688052795488,45.72061610221863
3415,196.6416594495235,0.10470903305433302,21.23442117226753,24.25613307952881
3416,196.84524285502826,0.10467576760858231,21.252076960544855,28.9887375831604
3417,195.526790426478,0.10485977916326572,21.129556190939407,8.584481716156006
3418,194.6715225222132,0.10490209046254215,21.04826062903001,14.986459016799927
3419,192.86480729699105,0.10456735527220243,20.857778022739712,1.8152258396148682
3420,193.79615922402115,0.10457063276843144,20.959200242512313,38.89170503616333
3421,194.17819763178093,0.1045594091993678,20.99960824008719,31.27739715576172
3422,194.80641565546313,0.10448657775328853,21.049612157686322,34.34766960144043
3423,195.1283514989085,0.1044989806982226,21.08911603610946,30.74860453605652
3424,193.51706798391942,0.10463046147947566,20.928224875748366,4.4517621994018555
3425,193.68189730408022,0.10491749019801425,21.008942626990883,28.42413878440857
3426,194.31507833103942,0.10487998844778508,21.068853200720973,34.07559084892273
3427,194.07192754772902,0.10489001209271899,21.048164668713763,22.783071756362915
3428,194.79120827225174,0.10478096159585196,21.097683022026626,35.484368562698364
3429,194.4832961895292,0.1048307129555032,21.07670619180636,21.814865112304688
3430,196.1684632276339,0.10463640031630629,21.185939129888297,49.19322752952576
3431,194.80677859535757,0.10509003631314323,21.074079738589415,8.172579765319824
3432,194.818710809404,0.1050595441132771,21.07333894120352,26.187811136245728
3433,195.01052370130995,0.10517717297120975,21.122605551791487,28.833792209625244
3434,193.48041846429683,0.10555397267006908,20.981379496273572,5.8749659061431885
3435,193.29561427965388,0.10564129008622553,20.98156570131084,23.53515362739563
3436,194.10265813685734,0.10557027864521729,21.05175004429773,36.63258981704712
3437,194.6216315554888,0.10540888480185455,21.07123254385475,33.16324973106384
3438,195.1354152399339,0.10541170652294168,21.130520218416205,33.14475345611572
3439,195.57406108753455,0.10536177355813069,21.16921501623204,31.75392985343933
3440,196.12832047665918,0.10538385303370476,21.23752286606972,34.27894711494446
3441,197.0670372718926,0.10533001450336771,21.325147637409025,42.961774587631226
3442,196.89636689917367,0.10555449213611182,21.351896161034933,28.35836410522461
3443,195.71740323018193,0.1055116054425988,21.228377199424582,12.834604263305664
3444,195.50022919788012,0.10577832846863258,21.256093427430333,28.433446168899536
3445,196.1152269059013,0.10569330782986065,21.30353249315603,43.3038809299469
3446,196.34407463684227,0.10573226516252095,21.34049716822447,35.11290979385376
3447,195.14063389047382,0.10572757408984311,21.217092196542225,10.137673139572144
3448,195.80922755156908,0.10566266476115842,21.2749212745768,35.08710837364197
3449,195.4111352760534,0.10582398683149556,21.26217206183103,20.796234607696533
3450,194.69702392329285,0.10605606954382578,21.21955034121272,16.788694381713867
3451,194.80005368405992,0.10606867958009483,21.237354837800595,27.69310450553894
3452,193.76205314721932,0.10599700377330487,21.12498128942259,12.088411569595337
3453,194.31443261574714,0.1058607285146883,21.15373147652836,33.39786505699158
3454,192.45128828958968,0.10480212122954141,20.952194161763078,0.9859881401062012
3455,193.03677540669378,0.10475011595350098,21.00267222014545,33.3516685962677
3456,192.61640765262683,0.10496089293966132,20.992645497943993,20.268485069274902
3457,192.16024357610056,0.10506774659529873,20.962719042964554,19.564961671829224
3458,192.88864114033956,0.10514914460104385,21.063091852534907,35.31688690185547
3459,192.79975472893616,0.1052389575028595,21.072460934009555,24.968754291534424
3460,192.74175718164682,0.1053630385160662,21.09173632466946,24.941839456558228
3461,193.08433960983035,0.10527857112650024,21.110818961422765,30.72784686088562
3462,191.89349621373205,0.10544200163145145,20.999710771808537,9.893243551254272
3463,192.84456125159474,0.10532834816565959,21.069713664090454,38.25683331489563
3464,192.72611563907878,0.10560103153483172,21.109016527449548,24.110217332839966
3465,191.178854482688,0.10559765279843078,20.947926362175053,5.102430582046509
3466,190.6170659378611,0.10572686145563166,20.908447098553303,17.977018117904663
3467,191.2408952784825,0.10569726082526507,20.96936262756777,33.72435760498047
3468,192.05848632569766,0.10559266916939337,21.029669001292092,36.856879472732544
3469,191.61790146244067,0.10561782355878052,20.989372311279173,19.90830421447754
3470,190.57172244781626,0.10594095566802031,20.90947858816638,11.83655333518982
3471,190.3260052233381,0.10608636538844854,20.910383802284716,22.44394826889038
3472,190.5727451711047,0.10623480406014545,20.971279964261868,28.97256827354431
3473,190.23701771939366,0.10644634136986246,20.97156716461925,20.99853014945984
3474,190.69464754219973,0.106525945752774,21.041851492973056,31.430817127227783
3475,191.61770106677776,0.10652075696662436,21.141432978043323,37.86338520050049
3476,191.85152405610998,0.10638578195509765,21.140018648262892,28.889357805252075
3477,192.72300881554887,0.10636135065884415,21.228618461780265,37.393120527267456
3478,192.0057787273934,0.10645476194564414,21.16633227716246,16.474262952804565
3479,190.54572094011945,0.10647717084792682,21.014668954390835,6.096731901168823
3480,188.71026373071825,0.10541239913944755,20.81452226484693,1.0018696784973145
3481,186.91316109341108,0.10435827514805308,20.61637704219846,1.2023708820343018
3482,187.65402948247697,0.10431086097894803,20.680213271776477,35.1046724319458
3483,188.20748918765221,0.10429655895352068,20.733411139058713,32.97878384590149
3484,187.46541429577567,0.1046571021359153,20.696077027668128,15.19916844367981
3485,186.1307601528179,0.10509201259603762,20.579116257391448,7.191480875015259
3486,187.44945255128974,0.10507882831913384,20.713325094817534,42.59274458885193
3487,186.63495802577685,0.10525445513028213,20.64619184386936,14.166131734848022
3488,186.93860844551907,0.10521573546377193,20.669729925430666,29.625457525253296
3489,185.29922236106387,0.10546792593522117,20.503032626176356,3.0930511951446533
3490,185.60623013745322,0.10533917260179489,20.508002299914594,28.919231176376343
3491,185.3501678360787,0.10534828087577693,20.48292227691545,21.85649275779724
3492,185.0766661577179,0.10537074743410776,20.458093054146293,21.335580587387085
3493,185.74589949614074,0.10526942091214764,20.50351212360483,34.14625644683838
3494,186.57844050117933,0.10522044417514512,20.578477002368782,36.109923124313354
3495,186.75265609616753,0.10529569071378582,20.612692232345093,27.1667640209198
3496,186.53512953520587,0.105273036836951,20.58656531002164,21.990625143051147
3497,186.5997782398538,0.1052565758986333,20.590699656921426,25.76046085357666
3498,186.39378045745525,0.10534858845289997,20.58479266035221,22.813061952590942
3499,187.53984265288068,0.10525855771787264,20.67894473374869,40.19309210777283
3500,188.61444422635185,0.10522292129323628,20.7821552864112,39.36105418205261
3501,189.03829978408834,0.10546939337900521,20.884333733547088,31.342577695846558
3502,189.89791678624746,0.1053601539906697,20.945490396211618,37.07735848426819
3503,190.41893761838497,0.10546357724415142,21.026035492249502,32.468560457229614
3504,189.4847482422011,0.10585224044078208,20.965775137327004,12.932231426239014
3505,188.18990075977908,0.10596038470304092,20.83611738595373,8.257387161254883
3506,187.2680017521813,0.10635911418934385,20.777756212094193,12.836523532867432
3507,186.1453217346595,0.1060955230474504,20.63997864997325,10.407768964767456
3508,186.3138685173129,0.10606905057559658,20.653578863473516,27.213808059692383
3509,186.27072983213975,0.10605231611379666,20.64704307483878,24.628526210784912
3510,186.50802253381835,0.10599179295265869,20.66057264409039,28.170480251312256
3511,186.03294230848016,0.10615489660586591,20.633966917649484,18.601829767227173
3512,185.86261288539535,0.10627677959246998,20.63762724847299,22.504010677337646
3513,185.3339867565414,0.10649220728526708,20.611250975988263,17.68196129798889
3514,187.050646888976,0.10640767736927714,20.76513846622838,47.59388494491577
3515,186.92014042008623,0.10649302588294068,20.767487081566095,23.1869695186615
3516,187.40093901588537,0.10653447860283469,20.829812210750433,31.577492237091064
3517,187.11692962572653,0.10660120928850444,20.81151408864293,21.199256420135498
3518,187.05576032946925,0.10652967233374094,20.7933989477565,24.616733074188232
3519,189.04520272617458,0.10624157768294239,20.895464958278936,51.43460249900818
3520,188.71475069891284,0.10633300805995911,20.876510308696147,21.193472146987915
3521,189.0176031919237,0.10631990628986179,20.907745205609185,29.291382551193237
3522,188.29742716000447,0.10636781833807428,20.838667753553093,16.50210404396057
3523,188.80445288840443,0.10635016525929605,20.890281076017562,32.09773373603821
3524,189.13640835952037,0.10641278973282922,20.941378265257388,29.746451377868652
3525,189.1150442759252,0.10631122868042071,20.921964482604814,25.31731629371643
3526,189.68389383316594,0.10622372614971407,20.962744837778764,32.91557264328003
3527,188.7170548948343,0.1064518114688621,20.883117389400976,12.687066078186035
3528,190.28988434588595,0.10622544364319082,20.974286215506968,46.2446084022522
3529,191.30698550242707,0.10615633989169043,21.064543353351898,39.61664867401123
3530,192.5439156474028,0.10598366538166241,21.14389791981838,42.70614695549011
3531,193.11847649092877,0.1058838287278458,21.182458940620194,33.58189511299133
3532,193.0172917260195,0.10591788661543072,21.180634351213993,24.699283838272095
3533,193.4471188087593,0.10583328402046285,21.20882800770185,31.46944570541382
3534,193.06264762067173,0.10593624150283887,21.186739727624833,20.72529101371765
3535,193.112021144465,0.10598799019892158,21.204872330348586,26.65188241004944
3536,194.97090093302032,0.10569328180089015,21.2928236070451,50.88926076889038
3537,195.1611919236901,0.1058980312258719,21.35989537097465,28.572559118270874
3538,196.7895800044532,0.1055653078968534,21.416296417264906,48.15670919418335
3539,194.90168420440867,0.10450965481788486,21.212133453092257,1.1293082237243652
3540,194.11266736236456,0.1044990410283267,21.130012118561332,15.40753984451294
3541,194.2115406887409,0.10443444277490618,21.12871199737572,27.599306344985962
3542,192.3694252818535,0.10339009834715712,20.927424877401965,1.3530998229980469
3543,192.83573102903495,0.10331854045991987,20.958150628627944,31.98060917854309
3544,192.07737371874458,0.10356740633737195,20.908569122341664,15.796971797943115
3545,191.53659998155712,0.10383608010008519,20.889483431118247,19.219127655029297
3546,191.95123398174155,0.10391359912741052,20.950588596807066,35.84430003166199
3547,190.91172164192412,0.10423809949977278,20.871082710838994,15.224578619003296
3548,190.19260442550487,0.10428815547956496,20.802371883730604,19.818840980529785
3549,189.47067838124983,0.10451646036544728,20.754348164893297,19.134203910827637
3550,190.52597159743732,0.10435265169399618,20.816804683244364,50.24248170852661
3551,191.56071188146294,0.10419347891855282,20.87863663641192,49.15557336807251
3552,193.38510476264833,0.10387346926305713,20.9498502700478,55.28897571563721
3553,193.09125371502182,0.1041152223753046,20.960351767347323,21.9580078125
3554,194.4803411778716,0.10406804605516601,21.090748249673847,44.89828419685364
3555,194.0655377660929,0.10420383618284965,21.06984076717711,20.407014846801758
3556,192.97488238843195,0.10422062135043292,20.95914235950534,11.382817029953003
3557,193.03513356454764,0.10438444528768236,20.999550935910285,26.751375436782837
3558,192.97478222890217,0.10446359548721196,21.00955542655118,25.222506284713745
3559,192.98503440661315,0.10455298015089655,21.02945987228567,26.30196785926819
3560,192.445184062547,0.10465852948607823,20.989165273562815,18.885826587677002
3561,193.23073222192156,0.10468205489232446,21.079273620827188,36.53266763687134
3562,194.09842489970234,0.10449237720054408,21.118480884618915,37.804107904434204
3563,194.37744065070532,0.10452853450961973,21.157296075772727,29.830678701400757
3564,194.52366624419827,0.10439234007361445,21.145723115015,27.905290365219116
3565,193.8184295817563,0.10447744893094282,21.08426588386485,16.69174361228943
3566,194.61024528593873,0.10431179532075428,21.1234232250262,36.87506127357483
3567,193.35414283307935,0.10428317012116993,20.992188992775937,9.275437593460083
3568,193.68060140474856,0.10434653311022372,21.04226710284818,30.630897045135498
3569,193.2637953907011,0.1046188572528057,21.041844431819698,20.40012240409851
3570,193.1011574367941,0.10487210370852623,21.0714259875015,23.8638916015625
3571,193.23014586242616,0.10498843121513028,21.110711727626484,27.287510871887207
3572,192.7878444038019,0.10514660059425414,21.08960461035022,20.241836547851562
3573,193.5399659597639,0.10495334354353549,21.118708564246717,35.93878531455994
3574,194.18456630016627,0.1049503217360071,21.18752147860425,35.17652487754822
3575,193.82272063716462,0.10504005902497615,21.165646263818207,21.054246187210083
3576,193.124493430793,0.10511869069279091,21.103989801180024,16.551432847976685
3577,194.10324849648507,0.10485788179273586,21.13294990316822,39.193684339523315
3578,192.6722160115202,0.10557400885716145,21.02162040413654,6.881466388702393
3579,191.325493851405,0.10555275152721051,20.881404200095176,7.716952323913574
3580,192.15223891289097,0.10544612912142746,20.942590158094223,36.56640005111694
3581,194.38071652376206,0.10513865578202042,21.05316425651328,55.88753080368042
3582,195.62690935852444,0.1051217519828209,21.182632613948147,42.79611325263977
3583,197.0506402649392,0.10498769422630629,21.290806287808667,45.52465319633484
3584,197.3101338622898,0.10510373656655443,21.34789822493058,30.137588024139404
3585,195.5870325236669,0.10445269920088888,21.154419242681275,3.30118727684021
3586,194.59116219843023,0.10497067220887998,21.10287505025446,12.847970724105835
3587,193.95525057644593,0.10506600365473011,21.051846299751915,17.53692364692688
3588,193.6656980706815,0.10528807089091008,21.061327836754394,22.29443097114563
3589,192.25904108997466,0.10536726565369908,20.92071455838685,6.984267473220825
3590,191.7464506790749,0.10544834477021173,20.881507412802986,18.996374130249023
3591,192.19898617228415,0.10527993727187669,20.892692338674955,32.164668560028076
3592,192.6969963105613,0.10538416269254636,20.973765415288206,32.399649143218994
3593,193.1300263474557,0.10517777869273953,20.974027761135325,32.01368856430054
3594,192.02872608398116,0.10533082018292056,20.874287483523972,11.12725019454956
3595,191.93843882314135,0.1052611185384684,20.85554460868873,24.49893069267273
3596,192.70905443490994,0.10510070066163389,20.896989162601844,36.47015309333801
3597,191.95196389056082,0.10533174493706883,20.848019270975826,15.664822340011597
3598,192.86244425165523,0.10533849815907623,20.949539078266067,38.45331311225891
3599,193.70381980913868,0.1053681456684602,21.050043687483406,38.125022888183594
3600,192.3467816110473,0.10552136076349973,20.91954325060857,7.840216636657715
3601,193.81331379493682,0.10532160438300338,21.010347818102485,45.37944483757019
3602,193.88518065698744,0.10521366197101414,21.00024433992146,27.013163566589355
3603,192.58632885041754,0.105099025351304,20.860241896522243,8.541820764541626
3604,191.52046556191337,0.10544338393500026,20.781639477557018,11.505335569381714
3605,190.43526090629425,0.10559376937275869,20.683823082781448,11.050684213638306
3606,190.0909082972313,0.10581988296108238,20.686984851953635,20.90357804298401
3607,191.35999921425898,0.1057080563712192,20.7901150034341,42.37704014778137
3608,192.66639922211638,0.10558265282614056,20.892213853399756,43.91550898551941
3609,193.38973522989522,0.10550795837335085,20.95329171486576,35.570199728012085
3610,193.74583787759627,0.10550091372411516,20.993758797717103,30.413217067718506
3611,193.16837949882031,0.10562237517510929,20.95382120973993,18.47397470474243
3612,192.4366957038321,0.10589948475669154,20.914282997642534,15.988025426864624
3613,193.69232874679378,0.10581533267642022,21.02514016766611,42.67457699775696
3614,193.48540545932582,0.10591324871381787,21.02488876598945,23.214649438858032
3615,194.70055140473255,0.10574300511556857,21.104639878329554,42.627382040023804
3616,195.55354589068523,0.10564986077869859,21.17359347954626,37.52395272254944
3617,194.65801043177837,0.10629147537845877,21.151857544750797,14.23047423362732
3618,194.5414303274606,0.10643074641702391,21.17033896930329,24.71280860900879
3619,195.406016024186,0.10639846742260456,21.25863557961026,37.961962938308716
3620,196.60195586394414,0.10631860973250551,21.36604922381416,42.06626296043396
3621,197.68593630530472,0.106075095766328,21.41238873157602,41.29595732688904
3622,197.47907694225168,0.10608779113634834,21.398264844260257,23.572226762771606
3623,197.67428617282914,0.1062250699070125,21.454282195817655,28.815280437469482
3624,198.41754331110084,0.10626576038441296,21.549739373859477,36.749537229537964
3625,196.80336787798984,0.10574364332110936,21.364241980120884,4.919547080993652
3626,196.40533419920993,0.10570531516815304,21.320599560319675,21.360084772109985
3627,196.10128085721783,0.10567235840201368,21.287393564716478,22.358110189437866
3628,197.12026804864564,0.10548811803947006,21.344519629069314,40.170093297958374
3629,196.25906536815918,0.10551431794015644,21.26107443277862,15.16951847076416
3630,196.24647471447759,0.1056899439915241,21.298463688450834,26.09821343421936
3631,197.0140099673328,0.1055854255039898,21.355479051566324,36.484567403793335
3632,195.5038698676595,0.10626870168373251,21.23192426105066,6.067355632781982
3633,195.5188311689829,0.1063735273572505,21.25960501844015,26.310635089874268
3634,195.34364285729308,0.10643338758929598,21.25700896825575,23.685423612594604
3635,195.78020642872013,0.10641507881800553,21.304438878573194,32.190635204315186
3636,195.85240436443294,0.10628688862095848,21.29139448978746,26.993726015090942
3637,196.1238803207886,0.10647962511591481,21.368480544889586,30.623974323272705
3638,196.7826415175807,0.1064071952769694,21.42479573944069,34.99172639846802
3639,196.80481510240492,0.10649890221867207,21.450547782046282,27.17665672302246
3640,196.13676695138088,0.10681852858110073,21.42604230422582,17.458888053894043
3641,196.51539928186708,0.10669051423546067,21.441781881183562,31.179369688034058
3642,196.5102452890484,0.1065929968482081,21.427364062371726,26.44427227973938
3643,195.85514283615794,0.10667210504766494,21.37309042174801,17.55807328224182
3644,196.22659140779638,0.10689293764525695,21.469359517530528,31.17770481109619
3645,195.87432549371843,0.10700413249240687,21.454665922355222,21.5851948261261
3646,195.47558223878124,0.10702383475722639,21.42011926313167,20.90912652015686
3647,196.0608264163934,0.10697721845689823,21.475918070500352,33.805240869522095
3648,195.82021815222947,0.10701209743511994,21.46115888979535,23.071272373199463
3649,196.08201597070718,0.10715819267698495,21.5265473008974,30.03020668029785
3650,194.29119581100008,0.10667484604433275,21.331281827888425,2.3605377674102783
3651,194.46828385289007,0.10664583343294602,21.347969009609542,28.38753604888916
3652,195.69360101436115,0.10646265585571435,21.424489319513444,42.99342322349548
3653,194.82666500421755,0.10677417608614803,21.37024442631831,14.638290882110596
3654,195.7083983541754,0.10658982655143497,21.416541982055126,38.13942813873291
3655,194.78131437063362,0.10678606420825071,21.342376562234573,14.093774795532227
3656,195.6335012269273,0.10653963213759678,21.368952796612227,44.092888593673706
3657,195.37716621465802,0.10659188287504434,21.355263268646105,28.496015787124634
3658,193.50339455251145,0.1055259640462939,21.151710635959645,1.2990937232971191
3659,192.54836060698634,0.10600131665072893,21.10019352960005,16.35561513900757
3660,192.69287700091647,0.10590748705910086,21.09919159430405,32.61167335510254
3661,192.3159482309073,0.10607421864012276,21.088199678361008,21.134281873703003
3662,191.83278874859823,0.10626347645372153,21.0673176815774,19.156208515167236
3663,192.63446086111225,0.10615672404212549,21.126644504761625,36.58849787712097
3664,193.76811625250113,0.10601018948144281,21.205378059714008,40.87714600563049
3665,193.9304350899761,0.10609294472948552,21.243324279116866,28.376637935638428
3666,193.68113073907634,0.10615627563722026,21.230891036325698,22.535810232162476
3667,193.70431943168558,0.10606410063595009,21.21858212596244,26.20814299583435
3668,193.53727623736873,0.10596391160699173,21.186396304702814,23.905322551727295
3669,191.991903474995,0.10618632377297309,21.034532341655783,5.19950795173645
3670,191.49198444024506,0.10632164363383491,21.004187018239225,18.985703229904175
3671,190.00706459584262,0.10665377603470587,20.86414514805683,5.9424521923065186
3672,190.5969939498842,0.10651093305347528,20.895503696576263,33.90030646324158
3673,191.88102401038535,0.1062608707448841,20.9565486596105,42.946412563323975
3674,192.47221377028148,0.10619427797369024,21.006983173014397,33.6006920337677
3675,193.12749163257868,0.10610132744201535,21.056913341284254,34.714014530181885
3676,193.8862167162529,0.1058581580337662,21.07634420787141,35.89133810997009
3677,194.04735454909036,0.10594243359628568,21.115580765792696,28.31567668914795
3678,193.95688100359945,0.10591003628734985,21.104424958134768,24.868757009506226
3679,194.44731219356345,0.105838590245464,21.14338070855342,32.780186891555786
3680,194.93283907162782,0.10560324961049906,21.141946901467886,32.35213327407837
3681,195.59351068091155,0.10550507152052434,21.19052743245321,35.487051010131836
3682,196.45757557410244,0.10530108463510633,21.228622158128676,38.31063413619995
3683,197.4029998183614,0.10514154457913327,21.28633593654739,38.88404321670532
3684,196.14896982017777,0.10520124024445304,21.163472577181913,9.61167287826538
3685,195.157480121976,0.10538634124407037,21.081837851410093,13.69330906867981
3686,194.69590532075625,0.10560764561686456,21.07101947289599,19.89291548728943
3687,195.53894626754868,0.1055909956839934,21.16030927816703,37.97186756134033
3688,195.3235568048732,0.1057419822788776,21.16870618538536,23.146697521209717
3689,194.91032123682444,0.10572352349504986,21.127019123531507,20.563433170318604
3690,193.2312180244562,0.10577739937121047,20.955748932296192,3.79193115234375
3691,193.48890584421164,0.1059068399893705,21.01619144297323,29.5607271194458
3692,193.76401678576954,0.10615998878404694,21.1060295285435,29.530845403671265
3693,194.43637661791186,0.10617118583107236,21.184969233258062,35.07527446746826
3694,194.21201285173274,0.10598156699601746,21.13311954092548,22.896624326705933
3695,194.4898927232154,0.10604787745218341,21.181788345516228,29.749518871307373
3696,193.22499379598327,0.10586975161883805,21.039970462061067,9.11260986328125
3697,193.39274385802344,0.10590629219788776,21.069570757440456,28.01723885536194
3698,193.8688164194432,0.10592606745018274,21.12887504986605,32.778470516204834
3699,193.38012825524874,0.10597025505154298,21.08758629936739,19.395339727401733
3700,193.26632697269625,0.10611934370981875,21.106710436373717,24.35901713371277
3701,193.8936637029693,0.10607377527272056,21.165643332009978,34.20033621788025
3702,193.4547270659396,0.10614637085332669,21.133986898689876,20.411458015441895
3703,193.3301797952802,0.10630037675805308,21.15264702970298,23.76952815055847
3704,193.63687799732742,0.10626415870475826,21.181120559405947,29.912545919418335
3705,194.65050921735414,0.10604897474482933,21.22930935381189,39.490562200546265
3706,194.2640041251806,0.10614233115122719,21.20701626027377,21.19584321975708
3707,194.57136408392878,0.10610313006193714,21.23494609767103,29.97792363166809
3708,196.04565044308947,0.1058315724455283,21.30259663669432,45.94397282600403
3709,195.39519393865857,0.10576562313328676,21.22957067032738,17.633243322372437
3710,196.23124199927196,0.10563986654353094,21.287274963624107,37.62223553657532
3711,195.31892957927926,0.10591680121142898,21.224402213987865,13.958447694778442
3712,194.35574028348648,0.10596874431042579,21.13215819184799,13.19163727760315
3713,194.22218288065162,0.10579303476787401,21.09083660992951,24.201516151428223
3714,194.5099610518451,0.10594586675203382,21.159928243830215,29.65457582473755
3715,193.92486144132667,0.10606287867274877,21.118328961391914,18.241722345352173
3716,193.8356128269134,0.10629954718331859,21.157145671777993,24.650732278823853
3717,193.25725669864428,0.10656008112325012,21.135574215060213,18.229308128356934
3718,194.16468413165785,0.10651560707258101,21.224218472909612,38.17308950424194
3719,193.84303729034127,0.10643810532284285,21.18197628818052,21.585684299468994
3720,195.06460691743786,0.10638638249746253,21.30015652529871,42.1797091960907
3721,194.67396084826348,0.10647636482633406,21.277154960045724,20.806770086288452
3722,195.16722123978084,0.10623127330921826,21.274383410445267,32.87143540382385
3723,194.49554902738302,0.10626271057612609,21.21163957634081,17.026582956314087
3724,193.5105935371092,0.1065542501370315,21.139523180577402,12.8349449634552
3725,193.4654876017381,0.1064939986409522,21.128127948771628,25.636252880096436
3726,195.0608327257207,0.10619393117578914,21.19684666928391,47.02542591094971
3727,194.8202243984635,0.10624310297514235,21.184878202591072,22.940810203552246
3728,193.60202215447885,0.10627656235634983,21.06302942056516,9.689623832702637
3729,193.80600193293404,0.10628856308792652,21.09239912635951,28.538933515548706
3730,193.71794191360468,0.10619865043002022,21.071475135095916,24.891143798828125
3731,193.24076249446864,0.10616406118599399,21.020760383744957,19.662089109420776
3732,192.87835486952395,0.10618522312190475,20.990552779907507,20.942193031311035
3733,193.09957132082872,0.10605360344882524,20.99064725210843,28.639482021331787
3734,192.49857560762044,0.10619607493313399,20.95074077958735,17.860660552978516
3735,191.38358985154423,0.10649213887516067,20.861233371791478,11.060422420501709
3736,190.9097539530288,0.10667721748640906,20.842621038073563,19.234662771224976
3737,191.11065641349853,0.10684267279969663,20.904194827692827,28.08851408958435
3738,190.47954984936354,0.10694612107169967,20.855152879415897,16.979449033737183
3739,191.1347543508699,0.10677509736098267,20.886601350621735,34.14287257194519
3740,189.9234068073612,0.10713591781594428,20.787735337115517,9.35306978225708
3741,190.4541727392876,0.10701106069539801,20.81985798374436,32.36354947090149
3742,190.87963101189473,0.10714266682664145,20.901659403906915,31.013509035110474
3743,190.41083470177577,0.10718235126948614,20.862642809867847,19.21275544166565
3744,190.566726354758,0.10712994523251944,20.874016381769167,27.597709894180298
3745,191.69105909121043,0.10698273818943517,20.955276217951475,40.704259395599365
3746,192.70414850029834,0.1068002828211927,21.01572345577196,39.253474950790405
3747,191.23710701529538,0.10660184521037207,20.85556622121424,6.1896021366119385
3748,190.86473594514243,0.10676959299203459,20.847010559002097,20.469578742980957
3749,189.006088585691,0.10570189706211425,20.648540453412078,0.6786878108978271
3750,189.06602769983408,0.10582436527098028,20.682055048877956,25.988597631454468
3751,189.39536742283573,0.10589224774439661,20.73523449838918,30.037564754486084
3752,189.31141374860738,0.1058278004050742,20.717882153405288,24.161938428878784
3753,187.6982996111213,0.10512666525816632,20.530703331871234,3.7230846881866455
3754,187.2213166150101,0.10528968431987036,20.505396298552522,18.766618490219116
3755,187.52910344886,0.10542944802713038,20.570342335567,29.322157859802246
3756,187.3038124143714,0.10552666869837422,20.56463891221133,22.031493663787842
3757,187.4207742902277,0.10557692964958143,20.588992523089217,26.95270824432373
3758,188.64656654732542,0.10552116035308562,20.703102597858326,41.582091093063354
3759,187.76010088185217,0.10546594874955477,20.606071571879742,13.287596702575684
3760,188.42249987303364,0.10539554123056316,20.660010856160945,34.06678485870361
3761,189.7382748743033,0.10543533581825754,20.813410747599335,43.64833641052246
3762,189.41089212556025,0.10540009074032974,20.775276640123344,20.946338415145874
3763,188.98678320430466,0.1052984707853074,20.717523873722108,19.57670259475708
3764,189.0169153722616,0.10539131941078765,20.740348634984887,25.790361642837524
3765,189.37674621853898,0.10549296177223533,20.802945148635036,30.00753903388977
3766,190.1329787563536,0.10538142838092807,20.854915697148687,35.40053915977478
3767,191.29164896879007,0.10511192782260897,20.8963665401772,40.77073836326599
3768,191.47873247910215,0.10515604663962098,20.927402874775428,28.79858112335205
3769,192.8839451543111,0.10491773918527297,20.998128846027676,44.31349492073059
3770,192.40510570276797,0.10490304455204093,20.9481475575674,19.668127298355103
3771,192.9210546457403,0.1047966370573402,20.978666081991722,32.760401248931885
3772,193.2118440992829,0.10478470672280284,21.0088794211718,30.38989567756653
3773,193.15972565829006,0.10496026391089396,21.038790626960083,25.21685791015625
3774,193.63812840170715,0.10503099322199248,21.10840272069048,32.537147760391235
3775,194.93174711769007,0.10497139536407596,21.227318693483575,43.21285343170166
3776,195.54242964651317,0.1048982439104352,21.27504550654874,34.54668354988098
3777,196.05700535004803,0.10490189305027822,21.33229505148325,33.11544156074524
3778,198.04643529654754,0.10468831715775012,21.458972100968417,52.86140775680542
3779,198.58597094358208,0.10467318001791866,21.514382379958732,33.91511392593384
3780,197.48011123414625,0.1047628118541031,21.409238556159146,11.714956998825073
3781,198.4453101218048,0.10473559189882738,21.505146170597552,39.44372892379761
3782,198.36085702058676,0.10463560440089173,21.480094708891578,25.32991051673889
3783,197.0472484503809,0.10493253193897237,21.365293761802665,9.012184619903564
3784,197.8567759658771,0.10481845841814379,21.42164082418464,37.04558563232422
3785,199.27820820621832,0.10477027383396235,21.557424415942794,45.44461131095886
3786,199.15542612415615,0.10495251761968691,21.581850171783366,25.246309518814087
3787,198.8738718629146,0.10507258308676488,21.576031670065532,22.791103839874268
3788,199.87513314428546,0.10499175692144908,21.660271353364877,40.50841808319092
3789,201.1963818128426,0.10475509236428278,21.723668639831228,44.657432317733765
3790,201.29441799471417,0.10470280210414706,21.726431953432915,28.11086869239807
3791,199.62147381476703,0.10483224467134089,21.559167633898586,4.803791046142578
3792,200.93525907661936,0.10478090107659123,21.6835759575596,44.25233221054077
3793,200.01590648585318,0.10483400949701797,21.596740197984005,14.50310230255127
3794,200.39574742099464,0.10479407276339234,21.630772796004166,31.6630220413208
3795,199.3817899467847,0.10505926334888972,21.554465068044124,13.290190696716309
3796,200.19797204731685,0.1050762863737638,21.64892041736368,38.19690251350403
3797,200.79599232684367,0.10510244658694924,21.722431213190042,34.656501054763794
3798,201.37803240357525,0.10509389316355079,21.785206901058142,34.54558753967285
3799,200.93425207953948,0.10525314531471783,21.76735483204756,21.07921314239502
3800,200.15490955874407,0.10533882524368447,21.69968128372708,16.813337802886963
3801,200.33336046315662,0.1054322259820733,21.742684470889813,28.979292631149292
3802,200.08002685852506,0.10546361800796686,21.725257626180912,23.483708381652832
3803,200.5492265899398,0.10554258506675358,21.7980050499191,33.0868661403656
3804,199.5937343240404,0.1055347782637051,21.700024999419913,14.098091125488281
3805,199.9177969808,0.10542770634313701,21.713024749425713,30.80660080909729
3806,200.84861901099202,0.10539732006468858,21.805894501931455,39.173497915267944
3807,199.86013282088211,0.1058139350993358,21.74783555691214,13.572808027267456
3808,199.2915314926733,0.10587467686722356,21.70035720134302,19.13148069381714
3809,200.36861617774656,0.10576055550571745,21.783353629329593,41.57511234283447
3810,201.4649300159691,0.10576746607969253,21.905520093036298,41.55830502510071
3811,201.5002807158094,0.1058317426384078,21.926464892105933,27.707164525985718
3812,201.72527790865132,0.10580021092630944,21.947200243184874,29.729694604873657
3813,202.78802512956483,0.10568376725860477,22.027728240753024,41.64481472969055
3814,202.8801448782692,0.1058061748690376,22.067450958345496,28.223411798477173
3815,202.55134342948648,0.10580693664975899,22.036776448762044,22.666759967803955
3816,202.8558299951916,0.10573599174678071,22.056408684274423,30.96357274055481
3817,203.21727169523967,0.10568281592973132,22.085844597431677,32.144022941589355
3818,203.57509897828726,0.10583937689177292,22.16498615145736,31.430822372436523
3819,203.79934798850437,0.10584293002551005,22.193336289942785,30.41137170791626
3820,204.22135450861933,0.10592271210736878,22.261402927043356,33.42105007171631
3821,204.67914096353314,0.1058234849862951,22.28878889777292,33.3134343624115
3822,205.5923495538978,0.10560984473102675,22.325901008795192,39.63020730018616
3823,204.6964260583588,0.10576064283544062,22.25264199870724,15.61195683479309
3824,204.69946179777523,0.10592254860220816,22.29011557872017,27.512076139450073
3825,203.83246717979748,0.10588027226872845,22.197214422932966,16.071518182754517
3826,204.1741425079995,0.10599794013427646,22.265242278703635,32.34845495223999
3827,203.3324010829195,0.1064379607329337,22.2325898559166,16.028948545455933
3828,203.17907707209028,0.1064906024022001,22.230263957357433,25.09902024269104
3829,203.98728630136938,0.1062707668007133,22.25796131778386,38.25874328613281
3830,204.32741343835568,0.10621646249405071,22.28538170460602,31.793482065200806
3831,205.15413930397213,0.10599053480290811,22.31252788755996,38.78648591041565
3832,206.07259791093242,0.10587339039763997,22.37940260868436,39.7475848197937
3833,206.6018719318231,0.10577990745891454,22.415608582597518,34.78907489776611
3834,206.25585321250486,0.10600117815176724,22.421452496771543,22.79837679862976
3835,205.46329468037982,0.10635848920489524,22.387237971803827,17.20779538154602
3836,204.41866173357602,0.10697807262967797,22.34336559208579,13.380762338638306
3837,204.10447511624025,0.10700655779933495,22.31993193616493,23.19126558303833
3838,203.74343036507784,0.10718649222134159,22.31673261680328,23.11844491958618
3839,203.87599606142706,0.1071284521839208,22.323565290635248,29.35240077972412
3840,204.0872361008128,0.10721272321763714,22.370329637728894,30.839106798171997
3841,204.42636373980466,0.10714899934680532,22.396626341351606,31.851503610610962
3842,203.34210010240662,0.10732750935333726,22.30266007793809,13.083489179611206
3843,202.43867910138255,0.10749317231290123,22.229633477158707,15.32667875289917
3844,202.48429231036872,0.10762597005837125,22.26733714238712,27.680846452713013
3845,202.36944938726504,0.1075968307766357,22.25466377096325,25.47057294845581
3846,200.9557548933924,0.1076684034524759,22.112117133253616,8.252796173095703
3847,199.79619734445848,0.10776819000618643,22.000995961921078,11.25957441329956
3848,200.4182353710139,0.1077210424572696,22.060986002301867,35.17661786079407
3849,201.10405301730376,0.10761037478362628,22.11037614227885,36.1961555480957
3850,201.6030124871307,0.1075701276094952,22.15927238085606,34.091500997543335
3851,200.2069823622594,0.10746216826888412,22.0076796570475,8.37735629081726
3852,198.65491253863678,0.10772087991952861,21.857602860477026,6.014053821563721
3853,198.52836341325042,0.10804152058269892,21.909026831872257,24.97004771232605
3854,197.9930797791179,0.10834041572169952,21.899936563553535,19.592573881149292
3855,198.1531489813267,0.10828504894766008,21.910937197918,28.589386224746704
3856,196.3016174915134,0.10797142922741425,21.71182782593882,1.8164610862731934
3857,195.51860131659828,0.10858663018937739,21.704709547679432,15.78596568107605
3858,196.4334153034323,0.10833700082128152,21.73766245220264,38.570305824279785
3859,196.799081150398,0.1084124290963305,21.800285827680614,31.427888870239258
3860,195.751090338894,0.10852395697928024,21.702282969403807,12.275818109512329
3861,197.03357943550506,0.10827205074282079,21.76526013970977,42.67257809638977
3862,195.42324364115,0.10774488579094814,21.577607538312673,4.908579587936401
3863,195.4790112047385,0.10766246180866054,21.57183146292955,27.23070788383484
3864,195.2542210926911,0.10808872736398434,21.626113148300252,23.45734930038452
3865,195.18167888176419,0.10823124434566364,21.64985201681725,25.694592237472534
3866,194.08986209294656,0.10819544353011398,21.533353496649077,11.497355937957764
3867,194.9689634720171,0.10807093590332348,21.59801996168259,37.93623995780945
3868,194.28927383729692,0.10801384859153434,21.522039762065763,16.92964482307434
3869,193.04638109892394,0.10807656724847614,21.396819364445104,9.342926740646362
3870,193.0859172879347,0.10826483710898631,21.442851170800655,26.720283031463623
3871,191.88505811505536,0.10855205175159507,21.338422659092647,9.737805604934692
3872,192.2962075339048,0.10845365569759843,21.36503843250172,31.016757488250732
3873,192.17324545856576,0.10836911914062244,21.341388048176704,24.462890625
3874,191.71151300398012,0.10858679781222992,21.327974167694936,19.38470435142517
3875,190.7743978739403,0.108725419630026,21.244694426017986,13.079195499420166
3876,189.3066538952009,0.10900180179736209,21.102247481757807,5.910629510879517
3877,190.41358735624888,0.1087451171127218,21.15122500694023,40.09980583190918
3878,191.0994514826864,0.10858430686823552,21.189712756870826,34.950336933135986
3879,189.65845696785954,0.10877505954423401,21.047815629302118,6.7220964431762695
3880,189.37187239818095,0.10868109776866744,21.0073374730091,21.589821338653564
3881,189.55815367419916,0.10884428679098077,21.067264098279008,27.88053584098816
3882,189.75257213745718,0.10885632239197048,21.096591457296217,28.296847581863403
3883,190.3950464160826,0.10875201113655471,21.145625542723256,33.87938642501831
3884,191.5710959519218,0.10867098453168267,21.254169287296023,41.46573042869568
3885,191.16538499240255,0.10897500316318703,21.26162759442306,20.147598028182983
3886,190.66373114247853,0.109161848876236,21.23901131847883,19.245099782943726
3887,191.89709383105372,0.10912118580148637,21.36662120529404,42.238606452941895
3888,192.29812289274318,0.10915066359864392,21.4229549932411,31.309141635894775
3889,194.23514166381577,0.10886226577094764,21.528725443308687,51.9296019077301
3890,193.4227902471776,0.10883559001589302,21.4434381888756,15.417709589004517
3891,192.81856234470584,0.10895024163453108,21.399003806986844,17.977787494659424
3892,192.05037672125877,0.10915384266646164,21.345013768916974,15.871609926223755
3893,191.5098729540462,0.10922172452965209,21.301563631227808,18.357089281082153
3894,191.75477422450572,0.10914802580287408,21.31854799491553,28.984915494918823
3895,191.88722648226067,0.10912971627655266,21.335362514966373,27.41291642189026
3896,191.7683542174381,0.10931619689156491,21.362008889816707,24.022915840148926
3897,192.0406706752637,0.10936458743406478,21.40838880091854,29.791016101837158
3898,191.24026396851107,0.10961022727400985,21.354304912909356,14.740987062454224
3899,192.48786132882594,0.10943184652025709,21.440761863780263,41.9917573928833
3900,192.8029827155377,0.10945359948362594,21.48635424514246,29.96027898788452
3901,193.16495288838232,0.10945076654555824,21.531490702691038,31.281135082244873
3902,192.90330335949847,0.10955386367052182,21.526175795664127,22.960308074951172
3903,192.45427032590348,0.10947183854733011,21.470914037707484,20.45905375480652
3904,193.58972762264443,0.10932483258015746,21.55620489733041,41.73804807662964
3905,192.80383034641798,0.10944897555870371,21.490642848357105,15.604339122772217
3906,190.9957920429538,0.10918781913645001,21.295736419873535,1.7060799598693848
3907,192.45583412252427,0.1090158222507235,21.4027790556748,44.92069721221924
3908,192.00127578129903,0.10894607219148156,21.34875126511805,19.617425680160522
3909,190.99126302348603,0.10895551256846783,21.24526375246687,12.072564840316772
3910,192.59135039325116,0.1088061283829541,21.3728111149422,47.30956983566284
3911,192.70543688931863,0.10884551807951671,21.399083003792775,27.303667783737183
3912,193.26838252042546,0.10872091832040828,21.435092173754846,33.5902099609375
3913,193.6356986952212,0.10867718739807376,21.470741252017298,30.627408981323242
3914,193.339341708269,0.10874895210945888,21.456033839497124,22.279671907424927
3915,192.8959482911863,0.10907085856151864,21.46147350110215,20.128467559814453
3916,192.71698880827444,0.10895157854733202,21.42685876609113,23.302420139312744
3917,192.73981892019168,0.10909283199262793,21.46259017843022,26.192853927612305
3918,192.68242073098978,0.10917837426093693,21.477964276645917,25.29529905319214
3919,192.7755965236799,0.10897767962723845,21.45318463387946,26.872480630874634
3920,193.4178405584431,0.10901630750022677,21.538652787540666,34.18480849266052
3921,192.24366215285866,0.10911035495154028,21.42326625966526,10.124981164932251
3922,192.92122553133007,0.10905771294048643,21.48903359706861,34.88529658317566
3923,192.59201327601676,0.10896713581108156,21.444143261097924,21.267199277877808
3924,192.57609314325657,0.10897694089276132,21.449701828486944,25.727999687194824
3925,192.940332211824,0.10893520641833151,21.485204810202074,30.379083156585693
3926,194.17092888970575,0.10870028473389504,21.550352762100054,42.52759766578674
3927,194.53921960080868,0.10865224292551712,21.584849234479055,30.909566164016724
3928,192.87382740480058,0.10863714906769052,21.409000742134264,3.715165615081787
3929,195.39508913075255,0.10835976634105857,21.56491073471292,54.66411995887756
3930,194.56113823944503,0.1086154543919337,21.50926162736579,10.083867311477661
3931,194.92552685705058,0.10861155093026545,21.554169011092135,20.32698678970337
3932,196.01627158848007,0.10847938278938385,21.638627320981215,26.16403841972351
3933,195.81610887259527,0.10875822532512637,21.6722410477714,15.816951990127563
3934,195.22794778386933,0.10861954818136416,21.595518637293686,12.011178970336914
3935,196.10566830603065,0.10841674492569893,21.63956345092075,24.608895301818848
3936,196.72461162297034,0.10853412786403883,21.743167816411543,23.106497287750244
3937,197.37736550674063,0.10855565681440607,21.82573613824743,23.16819143295288
3938,197.5735918516732,0.10848392513105463,21.837478776864955,19.420300483703613
3939,198.32785593315646,0.10853461701527523,21.939103989096306,25.740927696228027
3940,198.47457737382487,0.10848213469488772,21.949712949205345,21.839371919631958
3941,198.72983160008664,0.10837945620508171,21.96021581971329,29.77441120147705
3942,199.87253328408576,0.10812633256954847,22.010613661516157,27.908881425857544
3943,198.2938079512449,0.10823554543432917,21.850507524900994,3.6471383571624756
3944,199.52086987173246,0.1081189220672133,21.952002449651985,29.15583610534668
3945,200.74566117301512,0.10793835396455359,22.032482425155465,28.629079818725586
3946,201.09820456128497,0.10796066534016228,22.08215760090391,21.72103500366211
3947,201.3172225156721,0.10786760577196246,22.09133602489487,19.755390882492065
3948,201.9140502905154,0.10786172664910873,22.160422664645917,32.489357709884644
3949,203.35490978761027,0.10759235793753094,22.228818437999458,46.68413019180298
3950,204.03136068973416,0.10754964469025896,22.296530253619462,36.96640372276306
3951,203.26104708283682,0.10773399076304141,22.24356495108327,16.901678323745728
3952,203.56843661200847,0.10768229188105202,22.271129301572437,31.160717010498047
3953,204.6127522458884,0.10741715727392981,22.308418008556714,41.322104692459106
3954,204.68662472342953,0.10742789136156787,22.325333828471145,28.680688858032227
3955,204.22975847619523,0.10735990175612829,22.272080490186436,21.561399698257446
3956,203.00746089143325,0.10750581493368896,22.15935968528457,10.959644794464111
3957,203.24738628251893,0.10748802550681903,22.187766088431726,30.65613079071045
3958,204.95491241969376,0.10729549819292732,22.30588842754741,50.3965322971344
3959,204.3453632954968,0.10733365432210915,22.252829543271936,19.195947885513306
3960,205.72190966254183,0.10710827099526232,22.330301247839216,45.8630907535553
3961,204.4546905659164,0.10717642879163881,22.206998235360825,10.515683650970459
3962,203.75014366025724,0.10737332122014033,22.164928253007215,18.086110830307007
3963,204.09264222365465,0.10739202498272885,22.21327897047714,32.10035586357117
3964,203.3717158014181,0.10745446836926519,22.15114618077237,17.77661967277527
3965,203.15799864340391,0.10725904456469341,22.099634718964648,24.220422744750977
3966,202.82641865696985,0.10730410117787001,22.078638371775,22.781858921051025
3967,202.32815447040014,0.10760360918569915,22.077851988057247,20.927955150604248
3968,202.37487292569614,0.1077353025624412,22.117073468176677,28.04724669456482
3969,201.69112419643918,0.10792660625323469,22.07590273349491,18.495426654815674
3970,201.7242129544748,0.10792051092240966,22.08514370615996,27.68055486679077
3971,201.92697082493007,0.1078773418492216,22.10429226909836,29.796690464019775
3972,203.11770111668076,0.10779545316593186,22.213249346407373,43.17098307609558
3973,203.02652410551394,0.10774842646932409,22.2011168529433,26.203790187835693
3974,203.4162588644588,0.10753871079967217,22.199105684413865,33.41198015213013
3975,202.3420962758142,0.10792165702500879,22.127114627569725,12.979183197021484
3976,203.93867531305608,0.10775404266470345,22.245843481294028,49.773090839385986
3977,203.66928855992552,0.10786294291602251,22.243385046481087,24.15403437614441
3978,204.19259567432627,0.10772181348686227,22.270951196016277,34.22665858268738
3979,203.30066971758302,0.10768807361286321,22.178241684056115,15.628797054290771
3980,202.3576630204072,0.10752862406939513,22.066459267215553,14.78548812866211
3981,203.3940863902031,0.10746640972412602,22.1657946745434,32.72983193397522
3982,204.70014552630107,0.10726000909993866,22.244136727797965,29.541356325149536
3983,204.10314407103806,0.10729085728480134,22.191695360519986,12.309251070022583
3984,202.99211263032768,0.10707816376571676,22.059778406914788,8.040709733963013
3985,201.48219150402443,0.10696892058959805,21.899180622845638,6.607588052749634
3986,202.3973695889842,0.10695725186151776,22.000188816617182,41.752896308898926
3987,202.87339589309434,0.10684767934290258,22.03018692845101,25.559444189071655
3988,203.41466193416338,0.10679087570122453,22.079885059166497,24.795976400375366
3989,204.67051531482173,0.10657403077399952,22.14908620857483,32.35055685043335
3990,205.0138101616735,0.10659615657504613,22.19759534648908,25.31934142112732
3991,205.31367206005675,0.10655147160504035,22.22561939302419,34.09259796142578
3992,203.97053533945618,0.10661271745237022,22.093363199093947,10.199584484100342
3993,204.8708299860616,0.10649897123022747,22.162429567103008,41.904858112335205
3994,205.312121686201,0.10643799758218223,22.200805271431978,35.167264223098755
3995,204.38900046933898,0.10652406008423651,22.11879721871766,15.965548276901245
3996,202.88511046464558,0.10675511577969043,21.97760924653048,7.727724552154541
3997,202.2662593599991,0.10696416036657438,21.947833154065176,19.579153776168823
3998,201.84359676639912,0.10708201876290864,21.928354822524522,22.81057071685791
3999,201.56516079873512,0.10716062386263586,21.919071274299277,25.445767164230347
4000,201.96950919074774,0.10712207547524917,21.959880561556286,34.60617756843567
4001,201.57981409884027,0.10715514919902429,21.930281755940726,22.97701597213745
4002,201.53401595785186,0.10714958755474978,21.93097893838132,27.257796049118042
4003,201.61867579827333,0.10731618691729751,21.981669148997504,29.640894889831543
4004,202.1124890402906,0.10719920034692931,22.01185245750753,34.97650647163391
4005,202.2413641498877,0.10710395252950654,22.011733932932454,30.473607301712036
4006,200.79895050838883,0.10775705093524596,21.90161659360313,8.121957302093506
4007,200.78096100330495,0.10778500806408445,21.912600427667098,27.875499725341797
4008,201.28315139327188,0.10774301455714878,21.963474423390426,34.866541624069214
4009,201.65031987933915,0.10763197096619914,21.98383967915652,33.58839416503906
4010,200.15381668054576,0.10751718971807561,21.824001282364954,7.356165409088135
4011,201.3722785137403,0.10731158303828615,21.895761269541303,47.02052092552185
4012,199.44855572860288,0.1062384672079033,21.686803656845893,1.249912977218628
4013,200.23407017131686,0.10618327678042858,21.75993562027743,38.97696304321289
4014,200.5317294696037,0.10625187879523298,21.812336264074656,33.774272203445435
4015,201.1064121749077,0.10627463132511011,21.88421290143391,36.75973415374756
4016,201.6253480531586,0.10627907868774833,21.94537077241957,36.34066700935364
4017,201.679094572627,0.10618247147575006,21.935917064695374,29.718191385269165
4018,201.6423036269007,0.10623175787210366,21.94655789404842,27.860899448394775
4019,202.5758805906317,0.10625418605609449,22.057092315107937,41.81688380241394
4020,202.6001217847254,0.10645993687846038,22.106521391956857,29.2387113571167
4021,202.88412056687812,0.10665074876508704,22.18545617803729,32.68667793273926
4022,203.92527936120933,0.10656143997450457,22.273601616256915,43.409929037094116
4023,203.57602656759724,0.1064425711368897,22.220865600094346,24.229798316955566
4024,203.01026630192126,0.10660263522143916,22.188656944093403,20.644718408584595
4025,202.40016363890203,0.10659294689739378,22.12677037465247,20.08064913749695
4026,202.64616200251302,0.10654023328745067,22.145502670905945,32.62569808959961
4027,202.99970038248787,0.10652525112264338,22.184047644196887,33.60125184059143
4028,202.35970337866297,0.10675496264019392,22.15220716775492,19.499261379241943
4029,202.23610634487633,0.1066347814348446,22.120685096077374,26.75475549697876
4030,201.53374528142757,0.10678055483261736,22.069478245116603,18.851780891418457
4031,201.7784078286133,0.1066862006117248,22.078783462665438,31.725590467453003
4032,199.98062375032717,0.10607388406015301,21.877995628038782,3.0400021076202393
4033,200.4908175128239,0.10604900179325667,21.929215671758392,35.645710468292236
4034,200.81590933769567,0.10606147314871466,21.969923515040808,32.54910612106323
4035,200.74775024431872,0.10623797181928936,22.0002242798904,27.483219146728516
4036,199.69027274187553,0.10654401315372804,21.920222037091495,13.577428340911865
4037,200.25337001445678,0.10637701052219076,21.94101981672058,36.75371813774109
4038,200.2508363143122,0.10656324041696885,21.981609618553374,28.09389567375183
4039,200.25832795116906,0.10669163786354542,22.011793522367842,27.948646306991577
4040,200.51574467165736,0.10668666838756483,22.041675587144162,31.634867429733276
4041,201.27058722494078,0.10652559880513846,22.081258831272724,39.71626138687134
4042,201.85788135269138,0.10661418897093322,22.170446242959994,37.56699180603027
4043,202.88930253916448,0.10653165363860094,22.258741780530393,42.824400901794434
4044,203.71040951377282,0.1064487932425658,22.326154362725088,41.52749419212341
4045,203.0733054186351,0.10667001959585443,22.292892819097837,20.033543825149536
4046,204.52257236444873,0.10646538836541312,22.379963890906858,49.986194133758545
4047,203.76734664080425,0.1065635251794334,22.31616425199779,18.81184983253479
4048,203.7696731743962,0.1067233801237175,22.353002609477812,28.87573504447937
4049,203.66197644265222,0.10679604269553732,22.359472583383035,27.93364977836609
4050,204.5553566782257,0.10675197305356487,22.445877857549203,42.254982709884644
4051,204.48980311144345,0.10704808968666558,22.50141907897371,28.1174054145813
4052,204.46490508032903,0.10716572760168011,22.526404888183976,29.394431829452515
4053,203.07025602952575,0.1074786857102787,22.401140839302137,9.114313840866089
4054,202.3495534692305,0.10754893702111484,22.337129430909116,18.47624969482422
4055,201.5660579345382,0.10768312507025853,22.273758136600023,17.984426736831665
4056,201.98039735519282,0.10747049135042014,22.27102055523402,34.34826326370239
4057,202.5905933816409,0.10749844803387411,22.348310349681682,37.168681383132935
4058,202.6046874478245,0.10750189492608439,22.354827246184865,28.140353679656982
4059,203.17864057334623,0.10746533751528509,22.411278973723018,36.829373598098755
4060,204.97685416761277,0.10727841259966227,22.53716618398579,54.77544140815735
4061,205.55708562593665,0.10734631288431204,22.62179452214593,37.52624249458313
4062,205.43151476967728,0.1074127461285259,22.62557657692447,27.95200538635254
4063,206.4771996219805,0.10717732834466,22.669320811155224,44.1168851852417
4064,207.3824276257607,0.10698097593663428,22.71262760304367,41.991515159606934
4065,208.5986033495031,0.10673183487027706,22.765501327013236,46.36350774765015
4066,207.76261731600806,0.10678451652157428,22.6878463137431,18.005117893218994
4067,207.704991142848,0.10695429511873478,22.72096785060567,28.56952667236328
4068,208.11794123141954,0.10696908951694502,22.773758172099615,35.29029321670532
4069,208.18676181910536,0.10692265443572906,22.776020590378618,31.00864291191101
4070,207.7148942009143,0.10721988751870096,22.778260384474834,22.85972547531128
4071,207.22774525890517,0.10734265719697306,22.750477780630085,22.914085865020752
4072,206.44546780631612,0.10758706008236767,22.702973002823782,18.879531145095825
4073,206.56101312825297,0.10765797847236969,22.735943272795545,31.090510606765747
4074,207.26540299697044,0.10755612792952325,22.78858384006759,40.08684587478638
4075,207.21274896700075,0.10747066566012901,22.770698001666915,28.932549476623535
4076,206.32062147733075,0.10775189120691755,22.712991021650247,16.97053050994873
4077,206.69741526255743,0.10778092967189756,22.765861111433747,35.504822969436646
4078,206.90044110993188,0.10780444196108166,22.798202500319412,31.948014736175537
4079,207.07143669883257,0.10766389754147083,22.790220475316218,31.80427646636963
4080,205.93072233184424,0.10787758114670129,22.692318270563053,13.459264516830444
4081,207.1114151085258,0.10769386706362934,22.765395087857424,45.092392683029175
4082,207.50030095744054,0.1075925381490906,22.78774113697885,34.30751013755798
4083,206.02529794786614,0.10768327943426635,22.639863725609057,8.505952835083008
4084,206.12504496838747,0.1077638540473311,22.67346508835297,30.983840465545654
4085,207.0937945187036,0.10761030791609871,22.73673043746944,43.73924779891968
4086,207.74285657351655,0.1074900871898789,22.779363133094744,38.88428020477295
4087,208.08542800778136,0.10753088879731895,22.8315695017638,34.41446805000305
4088,209.37457372770356,0.10722709326246149,22.87325380674616,47.608474254608154
4089,208.07082799042652,0.10742064511464701,22.754521268678698,11.450547218322754
4090,207.38011971052225,0.10749751780019118,22.69697605599191,19.840567588806152
4091,206.35631851341705,0.1077558759555226,22.620006295431992,14.739611148834229
4092,206.27275532828287,0.10778942830707848,22.623806232477673,28.08847141265869
4093,206.58002777500005,0.10785077453033681,22.677568170152895,33.16118907928467
4094,208.74422749725002,0.10755240862900507,22.790792488451366,59.75180959701538
4095,207.96678522227754,0.10769825858851655,22.732884563566856,18.398038864135742
4096,207.54711737005476,0.10794657720745066,22.735555717931188,23.37406611442566
4097,208.58164619635423,0.10796035902380059,22.858200160751878,44.207019090652466
4098,207.63582973439068,0.10845970280198364,22.81961815914436,15.908593654632568
4099,208.44947143704675,0.10841316805770082,22.901421977552914,41.63829159736633
4100,207.74497672267628,0.10848845666697889,22.842407757777387,19.344581365585327
4101,207.49752695544953,0.10855111308391566,22.833983680199612,25.855408191680908
4102,206.89255168589503,0.10862206453811052,22.785643843397615,20.621904850006104
4103,205.4436261690361,0.10850358582821328,22.627787404963637,8.695547819137573
4104,205.59918990734573,0.10859502055816643,22.671509530914,30.955363512039185
4105,206.49319800827226,0.1084921212000424,22.744794435604863,44.19355273246765
4106,206.99826602818953,0.1086523361748124,22.847346491248814,38.10928463935852
4107,207.75828336790764,0.1085552121063505,22.908873026336323,40.09931397438049
4108,208.44070053422854,0.10841168897079423,22.94978429607296,38.64998245239258
4109,207.64629352888625,0.1084903627787607,22.88028645311223,18.40385365486145
4110,205.69983059359737,0.10817468992020386,22.671483588581108,1.8355119228363037
4111,205.3128322876614,0.1081109070928581,22.624768752695296,23.466394186019897
4112,205.42970396478478,0.10799753995741339,22.61852106516834,28.780970573425293
4113,205.83540692513694,0.10793382472044089,22.65233585451666,32.937979221343994
4114,205.93705285588555,0.10787300499175499,22.655812495971496,29.003352880477905
4115,205.8276823273267,0.10781991596747846,22.63925437101178,26.110809564590454
4116,205.72940550405343,0.10796620660372204,22.66286182730166,26.54556155204773
4117,205.7721114490129,0.10788654453768481,22.656233209028642,28.278772592544556
4118,206.26439033452277,0.1077096398766217,22.669670876938355,33.91028141975403
4119,206.83174643117755,0.10762113663374902,22.71297416816897,35.595531702041626
4120,205.98342896686577,0.10761049903790333,22.62584442648728,16.407704830169678
4121,206.07359467719712,0.10779020800101266,22.67958598222241,29.68522548675537
4122,206.62285873042515,0.107708474503378,22.722790122400184,35.239975452423096
4123,206.49663014312088,0.10786850316040608,22.745562221176183,28.675499200820923
4124,206.20166384168968,0.10780676728134439,22.708106598964424,27.380309104919434
4125,208.38964720327277,0.10748164078500154,22.811025532974778,65.36865186691284
4126,207.00575073124003,0.10740682437715153,22.662915277645027,9.768954753875732
4127,205.51569322392763,0.10788448027131105,22.536286124868578,7.819741487503052
4128,205.45053629168837,0.1079614143630703,22.55092326361989,26.435017347335815
4129,206.42603092877147,0.10793790583000067,22.65541403098369,41.01941251754761
4130,206.46177061948376,0.10781090772408161,22.638859890673853,27.98804783821106
4131,205.35715291328893,0.10829529864684079,22.572471291767116,12.910565376281738
4132,204.75358138415604,0.10859165600519997,22.556746578849445,19.820637226104736
4133,203.53604557031449,0.1087105587222564,22.44117911306095,13.041262149810791
4134,204.60068511461134,0.10849442087696932,22.496767321930342,43.88708162307739
4135,205.25467826346522,0.10829836555708851,22.52179964871104,36.077706813812256
4136,205.00213148083057,0.10832649301262873,22.50658165222393,23.694104433059692
4137,203.92211016602226,0.10858343426806946,22.42151583570169,12.696864366531372
4138,203.40288906436206,0.10874759992538877,22.397300677344674,20.206527709960938
4139,202.42886017371845,0.10879219939783298,22.303327670571225,14.203036546707153
4140,200.71457157198125,0.10899459998449981,22.130294393865512,4.4452948570251465
4141,200.05742585626143,0.10908983916984001,22.078991449926857,18.16740107536316
4142,199.9768515976988,0.10904060744480827,22.06820153542759,25.568127155303955
4143,200.6670830817218,0.10884239467891037,22.097519520073316,36.03989291191101
4144,200.36041225090457,0.10898926484976831,22.096544324872582,22.791769981384277
4145,201.34680812839554,0.10886927186682248,22.175578881623856,40.43858790397644
4146,201.00334004711158,0.10879854322001054,22.133823092807617,22.260653495788574
4147,201.48330664664047,0.10871457385206745,22.172484861879543,33.166433334350586
4148,201.58847358017408,0.10866516396260338,22.18076001326075,28.610097646713257
4149,201.78258884437236,0.10866448517365607,22.20895241312814,29.72532296180725
4150,202.12476295592865,0.10855241659310594,22.22686288899686,28.656798362731934
4151,201.64351532636934,0.10870065866094111,22.20459426010689,12.032152891159058
4152,199.70708017310565,0.1076136520743317,21.992548317505822,0.6219296455383301
4153,199.8600093713746,0.10756077136754187,22.002622834330765,16.4968740940094
4154,201.02140927766084,0.10759275859057532,22.142596605987457,24.027351140975952
4155,199.68119518488422,0.10756160712407255,22.00117063992758,5.092241287231445
4156,198.06438323303536,0.10727546473704234,21.821158933528302,2.970453977584839
4157,198.753739400705,0.1072513992282487,21.89294734419302,20.202003717422485
4158,196.86620200669793,0.1061788852359662,21.684017870751088,0.7810781002044678
4159,197.71753998663095,0.10611000418502498,21.757177692043577,21.310853242874146
4160,197.68036458676465,0.10628601754523657,21.78960591512314,14.837607860565186
4161,198.013560940897,0.10613224827887513,21.791709855971906,17.48099374771118
4162,197.10342533148804,0.10628587906711441,21.713792757412186,8.02868366241455
4163,197.71239107817317,0.10611449314466033,21.736654829838063,19.43694043159485
4164,197.21526716739143,0.10633713199699751,21.719288281539683,11.559388637542725
4165,197.95311449571753,0.10630697100913086,21.792095398724285,21.150239944458008
4166,197.55358335076036,0.10631985066612816,21.754174444737043,12.482365131378174
4167,198.07804751725277,0.10617665215946688,21.77663270028967,19.596375942230225
4168,198.56726704208023,0.10604605972694103,21.79886637328677,19.467210054397583
4169,200.11159437165944,0.10586378609851015,21.900877709553903,28.103952169418335
4170,200.79047842794284,0.1058126109240922,21.961868932458366,22.038559198379517
4171,199.4525736436634,0.1063962758596274,21.862250243133783,5.41091513633728
4172,198.36804790722678,0.10654110430982233,21.763627740702447,7.148838758468628
4173,199.19436742815452,0.106507721736475,21.845991463295423,22.201769828796387
4174,197.84242375387296,0.10669264451911026,21.717531548662468,5.159337043762207
4175,196.48399951633425,0.10659346000940302,21.570356233175843,4.903815031051636
4176,196.6391595211709,0.10651809144704484,21.574652670844085,16.34540319442749
4177,197.1427679259592,0.10642457045160274,21.608906144135645,19.420432806015015
4178,198.5413402466996,0.10616151169070688,21.67281708269429,25.341732263565063
4179,199.0059268442326,0.10616112106359572,21.726088911867347,18.34922742843628
4180,198.67586757579025,0.10636457009392362,21.728828022748672,12.326656818389893
4181,200.00910890003234,0.10623465933274343,21.831539742521187,26.225727081298828
4182,199.52901781103202,0.10635652326573178,21.803224345095977,12.859964609146118
4183,199.46372763292172,0.10638104093462887,21.805192101645016,15.138288497924805
4184,197.53909035659248,0.10531723052528258,21.597140180628568,0.6664481163024902
